word,path
a,"['/videos/00295.mp4', '/videos/66039.mp4', '/videos/01610.mp4', '/videos/01611.mp4', '/videos/01612.mp4', '/videos/01613.mp4', '/videos/01614.mp4', '/videos/01615.mp4']"
a lot,"['/videos/02123.mp4', '/videos/02128.mp4', '/videos/02124.mp4', '/videos/02129.mp4', '/videos/02125.mp4', '/videos/02130.mp4', '/videos/02126.mp4', '/videos/02131.mp4']"
abdomen,"['/videos/00333.mp4', '/videos/00335.mp4', '/videos/00336.mp4', '/videos/00337.mp4', '/videos/00338.mp4', '/videos/00339.mp4', '/videos/00340.mp4', '/videos/00341.mp4']"
able,"['/videos/00374.mp4', '/videos/00376.mp4', '/videos/00377.mp4', '/videos/00378.mp4', '/videos/00381.mp4', '/videos/00382.mp4', '/videos/00383.mp4', '/videos/00384.mp4']"
about,"['/videos/00412.mp4', '/videos/00416.mp4', '/videos/00419.mp4', '/videos/00421.mp4', '/videos/00422.mp4', '/videos/00423.mp4', '/videos/65002.mp4', '/videos/65003.mp4', '/videos/00414.mp4', '/videos/67339.mp4', '/videos/67341.mp4', '/videos/00424.mp4', '/videos/00425.mp4', '/videos/00426.mp4', '/videos/00415.mp4']"
above,"['/videos/00429.mp4', '/videos/70167.mp4', '/videos/65004.mp4', '/videos/00430.mp4', '/videos/00431.mp4', '/videos/00432.mp4', '/videos/00433.mp4', '/videos/00434.mp4', '/videos/00435.mp4']"
accent,"['/videos/00581.mp4', '/videos/65006.mp4', '/videos/00583.mp4', '/videos/00584.mp4', '/videos/00585.mp4', '/videos/00586.mp4', '/videos/00587.mp4']"
accept,"['/videos/00588.mp4', '/videos/65007.mp4', '/videos/00593.mp4', '/videos/00592.mp4', '/videos/00597.mp4', '/videos/00594.mp4', '/videos/00598.mp4', '/videos/00599.mp4', '/videos/00600.mp4', '/videos/00601.mp4', '/videos/00602.mp4', '/videos/00603.mp4']"
accident,"['/videos/00618.mp4', '/videos/00639.mp4', '/videos/00624.mp4', '/videos/00625.mp4', '/videos/00626.mp4', '/videos/00627.mp4', '/videos/00628.mp4', '/videos/00629.mp4', '/videos/00630.mp4', '/videos/00631.mp4', '/videos/00632.mp4', '/videos/65009.mp4', '/videos/00623.mp4', '/videos/67342.mp4', '/videos/00633.mp4', '/videos/00634.mp4', '/videos/00635.mp4', '/videos/00636.mp4', '/videos/00638.mp4']"
accomplish,"['/videos/00662.mp4', '/videos/65010.mp4', '/videos/67343.mp4', '/videos/00663.mp4', '/videos/00664.mp4', '/videos/00665.mp4', '/videos/00666.mp4', '/videos/00667.mp4', '/videos/00668.mp4']"
accountant,"['/videos/65011.mp4', '/videos/00689.mp4', '/videos/67344.mp4', '/videos/00690.mp4', '/videos/00691.mp4', '/videos/00692.mp4', '/videos/00693.mp4', '/videos/00694.mp4']"
across,"['/videos/00829.mp4', '/videos/00840.mp4', '/videos/00841.mp4', '/videos/00832.mp4', '/videos/00842.mp4', '/videos/00834.mp4', '/videos/00835.mp4', '/videos/00836.mp4', '/videos/00838.mp4', '/videos/00839.mp4']"
act,"['/videos/65014.mp4', '/videos/00846.mp4', '/videos/67346.mp4', '/videos/00847.mp4', '/videos/00849.mp4', '/videos/00850.mp4', '/videos/00851.mp4']"
action,"['/videos/65015.mp4', '/videos/00853.mp4', '/videos/67345.mp4', '/videos/00854.mp4', '/videos/00855.mp4', '/videos/00856.mp4', '/videos/00857.mp4', '/videos/00858.mp4']"
active,"['/videos/00867.mp4', '/videos/00868.mp4', '/videos/00869.mp4', '/videos/00870.mp4', '/videos/00871.mp4', '/videos/00872.mp4', '/videos/00873.mp4', '/videos/00874.mp4']"
activity,"['/videos/00886.mp4', '/videos/68450.mp4', '/videos/65016.mp4', '/videos/00890.mp4', '/videos/00891.mp4', '/videos/00892.mp4', '/videos/00893.mp4', '/videos/00894.mp4']"
actor,"['/videos/00897.mp4', '/videos/65017.mp4', '/videos/67347.mp4', '/videos/00898.mp4', '/videos/00899.mp4', '/videos/00900.mp4', '/videos/00901.mp4', '/videos/00902.mp4', '/videos/00903.mp4', '/videos/00904.mp4']"
adapt,"['/videos/00943.mp4', '/videos/00944.mp4', '/videos/00946.mp4', '/videos/00947.mp4', '/videos/00949.mp4', '/videos/00950.mp4', '/videos/00951.mp4']"
add,"['/videos/69205.mp4', '/videos/65018.mp4', '/videos/00967.mp4', '/videos/00961.mp4', '/videos/00972.mp4', '/videos/00973.mp4', '/videos/00962.mp4', '/videos/00963.mp4', '/videos/00964.mp4', '/videos/00965.mp4', '/videos/00966.mp4']"
address,"['/videos/01011.mp4', '/videos/01016.mp4', '/videos/01018.mp4', '/videos/01020.mp4', '/videos/67348.mp4', '/videos/01021.mp4', '/videos/01024.mp4', '/videos/01012.mp4']"
adjective,"['/videos/01062.mp4', '/videos/01064.mp4', '/videos/01065.mp4', '/videos/01066.mp4', '/videos/01067.mp4', '/videos/01068.mp4', '/videos/01069.mp4']"
adjust,"['/videos/01073.mp4', '/videos/01074.mp4', '/videos/01075.mp4', '/videos/01076.mp4', '/videos/01077.mp4', '/videos/01078.mp4', '/videos/01079.mp4']"
admire,"['/videos/65020.mp4', '/videos/01100.mp4', '/videos/01101.mp4', '/videos/01102.mp4', '/videos/01103.mp4', '/videos/01106.mp4', '/videos/01107.mp4']"
admit,"['/videos/65021.mp4', '/videos/01124.mp4', '/videos/01127.mp4', '/videos/01118.mp4', '/videos/01120.mp4', '/videos/01121.mp4', '/videos/01122.mp4']"
adopt,"['/videos/01149.mp4', '/videos/68958.mp4', '/videos/65022.mp4', '/videos/01157.mp4', '/videos/01158.mp4', '/videos/01159.mp4', '/videos/01160.mp4', '/videos/01161.mp4', '/videos/01162.mp4']"
adult,"['/videos/01194.mp4', '/videos/01211.mp4', '/videos/01212.mp4', '/videos/01214.mp4', '/videos/01215.mp4', '/videos/65024.mp4', '/videos/01206.mp4', '/videos/01216.mp4', '/videos/01217.mp4', '/videos/01207.mp4', '/videos/01208.mp4', '/videos/01209.mp4']"
advanced,"['/videos/01224.mp4', '/videos/01226.mp4', '/videos/01227.mp4', '/videos/01228.mp4', '/videos/01229.mp4', '/videos/01230.mp4', '/videos/01231.mp4']"
advantage,"['/videos/01242.mp4', '/videos/01251.mp4', '/videos/65025.mp4', '/videos/01252.mp4', '/videos/01244.mp4', '/videos/01245.mp4', '/videos/01247.mp4', '/videos/01248.mp4', '/videos/01249.mp4']"
adverb,"['/videos/01263.mp4', '/videos/01264.mp4', '/videos/01265.mp4', '/videos/01266.mp4', '/videos/01267.mp4', '/videos/01268.mp4', '/videos/01269.mp4']"
affect,"['/videos/01318.mp4', '/videos/01319.mp4', '/videos/01320.mp4', '/videos/01321.mp4', '/videos/01322.mp4', '/videos/01323.mp4', '/videos/01325.mp4', '/videos/01327.mp4']"
afraid,"['/videos/01372.mp4', '/videos/01373.mp4', '/videos/01374.mp4', '/videos/01375.mp4', '/videos/01376.mp4', '/videos/01377.mp4', '/videos/01379.mp4', '/videos/01381.mp4']"
africa,"['/videos/01382.mp4', '/videos/01383.mp4', '/videos/01384.mp4', '/videos/01385.mp4', '/videos/01386.mp4', '/videos/01387.mp4', '/videos/01388.mp4', '/videos/01390.mp4', '/videos/01391.mp4', '/videos/65029.mp4', '/videos/67350.mp4', '/videos/01392.mp4', '/videos/01393.mp4', '/videos/01394.mp4', '/videos/01395.mp4', '/videos/01396.mp4', '/videos/01397.mp4', '/videos/01398.mp4']"
after,"['/videos/01411.mp4', '/videos/01426.mp4', '/videos/01427.mp4', '/videos/65030.mp4', '/videos/01418.mp4', '/videos/67351.mp4', '/videos/01428.mp4', '/videos/01419.mp4', '/videos/01420.mp4', '/videos/01421.mp4', '/videos/01422.mp4', '/videos/01423.mp4']"
afternoon,"['/videos/01429.mp4', '/videos/70279.mp4', '/videos/68422.mp4', '/videos/01441.mp4', '/videos/01442.mp4', '/videos/65031.mp4', '/videos/01433.mp4', '/videos/01434.mp4', '/videos/01435.mp4', '/videos/01436.mp4', '/videos/01437.mp4', '/videos/01438.mp4', '/videos/01440.mp4']"
again,"['/videos/01457.mp4', '/videos/68276.mp4', '/videos/70219.mp4', '/videos/01466.mp4', '/videos/01467.mp4', '/videos/01468.mp4', '/videos/01469.mp4', '/videos/65032.mp4', '/videos/01460.mp4', '/videos/01470.mp4', '/videos/01471.mp4', '/videos/01461.mp4', '/videos/01462.mp4', '/videos/01463.mp4', '/videos/01464.mp4', '/videos/01465.mp4']"
against,"['/videos/01472.mp4', '/videos/65033.mp4', '/videos/01473.mp4', '/videos/01474.mp4', '/videos/01475.mp4', '/videos/01477.mp4', '/videos/01478.mp4', '/videos/01479.mp4']"
age,"['/videos/01482.mp4', '/videos/01491.mp4', '/videos/01493.mp4', '/videos/01494.mp4', '/videos/65034.mp4', '/videos/01485.mp4', '/videos/67352.mp4', '/videos/01495.mp4', '/videos/01486.mp4', '/videos/01487.mp4', '/videos/01488.mp4', '/videos/01489.mp4', '/videos/01490.mp4']"
agenda,"['/videos/01504.mp4', '/videos/01513.mp4', '/videos/01514.mp4', '/videos/01515.mp4', '/videos/01505.mp4', '/videos/01506.mp4', '/videos/01507.mp4', '/videos/01509.mp4']"
ago,"['/videos/01551.mp4', '/videos/01557.mp4', '/videos/01558.mp4', '/videos/01560.mp4', '/videos/01561.mp4', '/videos/01562.mp4', '/videos/01564.mp4', '/videos/01552.mp4', '/videos/01553.mp4', '/videos/01554.mp4', '/videos/01555.mp4', '/videos/01556.mp4']"
agree,"['/videos/01572.mp4', '/videos/70117.mp4', '/videos/01575.mp4', '/videos/01576.mp4', '/videos/01577.mp4', '/videos/01578.mp4', '/videos/01579.mp4', '/videos/01580.mp4', '/videos/01581.mp4', '/videos/01582.mp4']"
agreement,"['/videos/65037.mp4', '/videos/01583.mp4', '/videos/67353.mp4', '/videos/01584.mp4', '/videos/01585.mp4', '/videos/01586.mp4', '/videos/01587.mp4']"
ahead,"['/videos/01596.mp4', '/videos/01598.mp4', '/videos/01599.mp4', '/videos/01601.mp4', '/videos/01602.mp4', '/videos/01603.mp4', '/videos/01604.mp4', '/videos/01605.mp4']"
aid,"['/videos/01621.mp4', '/videos/01622.mp4', '/videos/01624.mp4', '/videos/01625.mp4', '/videos/01626.mp4', '/videos/01627.mp4', '/videos/01628.mp4']"
aim,"['/videos/01642.mp4', '/videos/01651.mp4', '/videos/01652.mp4', '/videos/01653.mp4', '/videos/01643.mp4', '/videos/01644.mp4', '/videos/01645.mp4', '/videos/01646.mp4']"
airplane,"['/videos/01721.mp4', '/videos/01730.mp4', '/videos/01733.mp4', '/videos/65038.mp4', '/videos/01724.mp4', '/videos/67354.mp4', '/videos/01734.mp4', '/videos/01726.mp4', '/videos/01727.mp4', '/videos/01728.mp4', '/videos/01729.mp4']"
alarm,"['/videos/01796.mp4', '/videos/01808.mp4', '/videos/65040.mp4', '/videos/01801.mp4', '/videos/67355.mp4', '/videos/01802.mp4', '/videos/01803.mp4', '/videos/01804.mp4', '/videos/01805.mp4', '/videos/01806.mp4']"
alcohol,"['/videos/01828.mp4', '/videos/01831.mp4', '/videos/01832.mp4', '/videos/01833.mp4', '/videos/01836.mp4', '/videos/01837.mp4', '/videos/01838.mp4', '/videos/01839.mp4']"
algebra,"['/videos/01873.mp4', '/videos/01874.mp4', '/videos/01875.mp4', '/videos/01876.mp4', '/videos/01877.mp4', '/videos/01878.mp4', '/videos/01879.mp4', '/videos/01880.mp4']"
all,"['/videos/01912.mp4', '/videos/69206.mp4', '/videos/68001.mp4', '/videos/68720.mp4', '/videos/02002.mp4', '/videos/02003.mp4', '/videos/01987.mp4', '/videos/01988.mp4', '/videos/01989.mp4', '/videos/01990.mp4', '/videos/01991.mp4', '/videos/01992.mp4', '/videos/65043.mp4', '/videos/01995.mp4', '/videos/01986.mp4', '/videos/67356.mp4', '/videos/01996.mp4', '/videos/01997.mp4', '/videos/01998.mp4', '/videos/01999.mp4', '/videos/02000.mp4']"
all day,"['/videos/01921.mp4', '/videos/69090.mp4', '/videos/01922.mp4', '/videos/01923.mp4', '/videos/01924.mp4', '/videos/01925.mp4', '/videos/01926.mp4', '/videos/01927.mp4']"
allergy,"['/videos/65050.mp4', '/videos/01962.mp4', '/videos/01964.mp4', '/videos/65051.mp4', '/videos/01955.mp4', '/videos/01965.mp4', '/videos/01956.mp4', '/videos/01957.mp4', '/videos/01959.mp4', '/videos/01960.mp4']"
alligator,"['/videos/02008.mp4', '/videos/02009.mp4', '/videos/02010.mp4', '/videos/02011.mp4', '/videos/02012.mp4', '/videos/02013.mp4', '/videos/02014.mp4']"
allow,"['/videos/02041.mp4', '/videos/02051.mp4', '/videos/02052.mp4', '/videos/65052.mp4', '/videos/65053.mp4', '/videos/65054.mp4', '/videos/02045.mp4', '/videos/02046.mp4', '/videos/02047.mp4', '/videos/02048.mp4', '/videos/02049.mp4', '/videos/02050.mp4']"
almost,"['/videos/02089.mp4', '/videos/65056.mp4', '/videos/02091.mp4', '/videos/02092.mp4', '/videos/02093.mp4', '/videos/02094.mp4', '/videos/02095.mp4', '/videos/02096.mp4', '/videos/02097.mp4', '/videos/02098.mp4']"
alone,"['/videos/02102.mp4', '/videos/02109.mp4', '/videos/02110.mp4', '/videos/02111.mp4', '/videos/65057.mp4', '/videos/67357.mp4', '/videos/02112.mp4', '/videos/02103.mp4', '/videos/02104.mp4', '/videos/02105.mp4', '/videos/02106.mp4', '/videos/02107.mp4', '/videos/02108.mp4']"
alphabet,"['/videos/02143.mp4', '/videos/02151.mp4', '/videos/65058.mp4', '/videos/67359.mp4', '/videos/02145.mp4', '/videos/02146.mp4', '/videos/02147.mp4', '/videos/02149.mp4', '/videos/02150.mp4']"
already,"['/videos/02158.mp4', '/videos/02167.mp4', '/videos/02168.mp4', '/videos/02159.mp4', '/videos/02160.mp4', '/videos/02161.mp4', '/videos/02162.mp4', '/videos/02163.mp4', '/videos/02164.mp4', '/videos/02165.mp4', '/videos/02166.mp4']"
also,"['/videos/02173.mp4', '/videos/69207.mp4', '/videos/65059.mp4', '/videos/02174.mp4', '/videos/02175.mp4', '/videos/02176.mp4', '/videos/02177.mp4', '/videos/02178.mp4', '/videos/02179.mp4', '/videos/02180.mp4', '/videos/02181.mp4']"
always,"['/videos/02227.mp4', '/videos/70037.mp4', '/videos/02234.mp4', '/videos/02235.mp4', '/videos/02236.mp4', '/videos/65061.mp4', '/videos/02237.mp4', '/videos/02238.mp4', '/videos/02228.mp4', '/videos/02229.mp4', '/videos/02230.mp4', '/videos/02231.mp4', '/videos/02232.mp4', '/videos/02233.mp4']"
amazing,"['/videos/65063.mp4', '/videos/02273.mp4', '/videos/02275.mp4', '/videos/02276.mp4', '/videos/02269.mp4', '/videos/67358.mp4', '/videos/02284.mp4', '/videos/02285.mp4']"
america,"['/videos/02348.mp4', '/videos/68002.mp4', '/videos/02356.mp4', '/videos/65064.mp4', '/videos/67360.mp4', '/videos/02349.mp4', '/videos/02350.mp4', '/videos/02351.mp4', '/videos/02352.mp4', '/videos/02353.mp4', '/videos/02354.mp4', '/videos/02355.mp4']"
amputate,"['/videos/02429.mp4', '/videos/02430.mp4', '/videos/02431.mp4', '/videos/02432.mp4', '/videos/02433.mp4', '/videos/02434.mp4', '/videos/02435.mp4']"
analyze,"['/videos/02473.mp4', '/videos/02482.mp4', '/videos/65066.mp4', '/videos/02483.mp4', '/videos/02474.mp4', '/videos/02475.mp4', '/videos/02476.mp4', '/videos/02477.mp4', '/videos/02478.mp4', '/videos/02479.mp4', '/videos/02480.mp4']"
anatomy,"['/videos/02484.mp4', '/videos/02485.mp4', '/videos/02487.mp4', '/videos/02488.mp4', '/videos/02490.mp4', '/videos/02491.mp4', '/videos/02492.mp4']"
and,"['/videos/02517.mp4', '/videos/02524.mp4', '/videos/02525.mp4', '/videos/65067.mp4', '/videos/67361.mp4', '/videos/02518.mp4', '/videos/02519.mp4', '/videos/02520.mp4', '/videos/02521.mp4', '/videos/02522.mp4', '/videos/02523.mp4']"
angel,"['/videos/02539.mp4', '/videos/02547.mp4', '/videos/02548.mp4', '/videos/65071.mp4', '/videos/67362.mp4', '/videos/02540.mp4', '/videos/02541.mp4', '/videos/02542.mp4', '/videos/02543.mp4', '/videos/02544.mp4', '/videos/02545.mp4', '/videos/02546.mp4']"
angle,"['/videos/02556.mp4', '/videos/69210.mp4', '/videos/02558.mp4', '/videos/02559.mp4', '/videos/02560.mp4', '/videos/02561.mp4', '/videos/02562.mp4', '/videos/02563.mp4']"
angry,"['/videos/02564.mp4', '/videos/02569.mp4', '/videos/02570.mp4', '/videos/02572.mp4', '/videos/65072.mp4', '/videos/67364.mp4', '/videos/02575.mp4', '/videos/02565.mp4', '/videos/02566.mp4', '/videos/02567.mp4', '/videos/02568.mp4']"
animal,"['/videos/02581.mp4', '/videos/69211.mp4', '/videos/02590.mp4', '/videos/02591.mp4', '/videos/02592.mp4', '/videos/65073.mp4', '/videos/02583.mp4', '/videos/67363.mp4', '/videos/02584.mp4', '/videos/02585.mp4', '/videos/02586.mp4', '/videos/02587.mp4', '/videos/02588.mp4', '/videos/02589.mp4']"
anniversary,"['/videos/02607.mp4', '/videos/02609.mp4', '/videos/02610.mp4', '/videos/02611.mp4', '/videos/02612.mp4', '/videos/02613.mp4', '/videos/02614.mp4', '/videos/02615.mp4', '/videos/02616.mp4']"
announce,"['/videos/02618.mp4', '/videos/65074.mp4', '/videos/67365.mp4', '/videos/02619.mp4', '/videos/02620.mp4', '/videos/02621.mp4', '/videos/02622.mp4', '/videos/02623.mp4', '/videos/02624.mp4', '/videos/02625.mp4']"
annoy,"['/videos/02634.mp4', '/videos/02652.mp4', '/videos/02643.mp4', '/videos/02653.mp4', '/videos/02644.mp4', '/videos/02645.mp4', '/videos/02646.mp4']"
another,"['/videos/02696.mp4', '/videos/02705.mp4', '/videos/02706.mp4', '/videos/02697.mp4', '/videos/02698.mp4', '/videos/02699.mp4', '/videos/02700.mp4', '/videos/02701.mp4', '/videos/02702.mp4']"
answer,"['/videos/02707.mp4', '/videos/70275.mp4', '/videos/02718.mp4', '/videos/65076.mp4', '/videos/02710.mp4', '/videos/02711.mp4', '/videos/02712.mp4', '/videos/02713.mp4', '/videos/02714.mp4', '/videos/02715.mp4', '/videos/02716.mp4', '/videos/02717.mp4']"
any,"['/videos/02818.mp4', '/videos/69212.mp4', '/videos/70095.mp4', '/videos/65079.mp4', '/videos/02826.mp4', '/videos/02827.mp4', '/videos/02828.mp4', '/videos/02829.mp4', '/videos/02830.mp4', '/videos/02831.mp4', '/videos/02832.mp4', '/videos/02833.mp4']"
anyway,"['/videos/02850.mp4', '/videos/02851.mp4', '/videos/02852.mp4', '/videos/02853.mp4', '/videos/02854.mp4', '/videos/02855.mp4', '/videos/02856.mp4']"
apart,"['/videos/02863.mp4', '/videos/65081.mp4', '/videos/02864.mp4', '/videos/02865.mp4', '/videos/02866.mp4', '/videos/02867.mp4', '/videos/02869.mp4', '/videos/02870.mp4']"
apartment,"['/videos/02871.mp4', '/videos/02872.mp4', '/videos/02873.mp4', '/videos/02874.mp4', '/videos/02875.mp4', '/videos/02876.mp4', '/videos/02877.mp4', '/videos/02878.mp4', '/videos/02879.mp4', '/videos/02880.mp4']"
apostrophe,"['/videos/65082.mp4', '/videos/02910.mp4', '/videos/02911.mp4', '/videos/02912.mp4', '/videos/02913.mp4', '/videos/02914.mp4', '/videos/02915.mp4', '/videos/02916.mp4']"
appear,"['/videos/02941.mp4', '/videos/02959.mp4', '/videos/65083.mp4', '/videos/02951.mp4', '/videos/67366.mp4', '/videos/02961.mp4', '/videos/02952.mp4', '/videos/02953.mp4', '/videos/02954.mp4', '/videos/02955.mp4', '/videos/02956.mp4']"
appetite,"['/videos/02968.mp4', '/videos/02969.mp4', '/videos/02970.mp4', '/videos/02971.mp4', '/videos/02972.mp4', '/videos/02973.mp4', '/videos/02974.mp4', '/videos/02975.mp4']"
apple,"['/videos/02997.mp4', '/videos/69213.mp4', '/videos/68003.mp4', '/videos/68576.mp4', '/videos/70309.mp4', '/videos/03004.mp4', '/videos/03005.mp4', '/videos/03006.mp4', '/videos/03007.mp4', '/videos/03008.mp4', '/videos/65085.mp4', '/videos/65086.mp4', '/videos/65084.mp4', '/videos/02999.mp4', '/videos/67367.mp4', '/videos/03000.mp4', '/videos/03001.mp4', '/videos/03002.mp4', '/videos/03003.mp4']"
appointment,"['/videos/03053.mp4', '/videos/70155.mp4', '/videos/03062.mp4', '/videos/03063.mp4', '/videos/65087.mp4', '/videos/03055.mp4', '/videos/67368.mp4', '/videos/03056.mp4', '/videos/03057.mp4', '/videos/03058.mp4', '/videos/03059.mp4', '/videos/03060.mp4', '/videos/03061.mp4']"
appreciate,"['/videos/03067.mp4', '/videos/03068.mp4', '/videos/03069.mp4', '/videos/03070.mp4', '/videos/03071.mp4', '/videos/03072.mp4', '/videos/03073.mp4', '/videos/03074.mp4']"
approach,"['/videos/03089.mp4', '/videos/65088.mp4', '/videos/03090.mp4', '/videos/03092.mp4', '/videos/03093.mp4', '/videos/03094.mp4', '/videos/03096.mp4']"
appropriate,"['/videos/03100.mp4', '/videos/03101.mp4', '/videos/03102.mp4', '/videos/03103.mp4', '/videos/03104.mp4', '/videos/03105.mp4', '/videos/03106.mp4', '/videos/03107.mp4', '/videos/03108.mp4']"
approve,"['/videos/03117.mp4', '/videos/03122.mp4', '/videos/03123.mp4', '/videos/03124.mp4', '/videos/03125.mp4', '/videos/03126.mp4', '/videos/03127.mp4', '/videos/03128.mp4', '/videos/03129.mp4', '/videos/03130.mp4', '/videos/03131.mp4', '/videos/03118.mp4', '/videos/03119.mp4', '/videos/03120.mp4', '/videos/03121.mp4']"
april,"['/videos/03150.mp4', '/videos/03154.mp4', '/videos/03155.mp4', '/videos/03156.mp4', '/videos/03157.mp4', '/videos/03158.mp4', '/videos/03159.mp4', '/videos/03161.mp4']"
archery,"['/videos/03199.mp4', '/videos/03201.mp4', '/videos/03202.mp4', '/videos/03203.mp4', '/videos/03204.mp4', '/videos/03205.mp4', '/videos/03206.mp4', '/videos/03207.mp4']"
area,"['/videos/65091.mp4', '/videos/68812.mp4', '/videos/03240.mp4', '/videos/03243.mp4', '/videos/03234.mp4', '/videos/03244.mp4', '/videos/03245.mp4', '/videos/03246.mp4', '/videos/03235.mp4', '/videos/03237.mp4', '/videos/03238.mp4', '/videos/03239.mp4']"
argue,"['/videos/03266.mp4', '/videos/03268.mp4', '/videos/03270.mp4', '/videos/03272.mp4', '/videos/03273.mp4', '/videos/03274.mp4', '/videos/65092.mp4', '/videos/03276.mp4', '/videos/03277.mp4', '/videos/03278.mp4', '/videos/03280.mp4', '/videos/03281.mp4', '/videos/03282.mp4', '/videos/03267.mp4']"
arizona,"['/videos/03311.mp4', '/videos/65093.mp4', '/videos/03315.mp4', '/videos/03316.mp4', '/videos/03317.mp4', '/videos/03318.mp4', '/videos/03320.mp4']"
arm,"['/videos/03328.mp4', '/videos/69215.mp4', '/videos/03344.mp4', '/videos/65094.mp4', '/videos/03337.mp4', '/videos/67369.mp4', '/videos/03338.mp4', '/videos/03339.mp4', '/videos/03340.mp4', '/videos/03342.mp4', '/videos/03343.mp4']"
army,"['/videos/03360.mp4', '/videos/03368.mp4', '/videos/65095.mp4', '/videos/67370.mp4', '/videos/03361.mp4', '/videos/03362.mp4', '/videos/03363.mp4', '/videos/03364.mp4', '/videos/03365.mp4', '/videos/03366.mp4', '/videos/03367.mp4']"
around,"['/videos/03380.mp4', '/videos/03382.mp4', '/videos/03385.mp4', '/videos/03387.mp4', '/videos/03389.mp4', '/videos/03376.mp4', '/videos/03377.mp4', '/videos/03378.mp4']"
arrest,"['/videos/03420.mp4', '/videos/03422.mp4', '/videos/03423.mp4', '/videos/03425.mp4', '/videos/03426.mp4', '/videos/03427.mp4', '/videos/03429.mp4', '/videos/03430.mp4', '/videos/03417.mp4', '/videos/03418.mp4', '/videos/03419.mp4']"
arrive,"['/videos/03434.mp4', '/videos/70124.mp4', '/videos/03440.mp4', '/videos/03441.mp4', '/videos/03442.mp4', '/videos/03443.mp4', '/videos/65096.mp4', '/videos/67371.mp4', '/videos/03444.mp4', '/videos/03445.mp4', '/videos/03435.mp4', '/videos/03436.mp4', '/videos/03437.mp4', '/videos/03438.mp4', '/videos/03439.mp4']"
arrogant,"['/videos/70258.mp4', '/videos/03457.mp4', '/videos/03448.mp4', '/videos/03449.mp4', '/videos/03450.mp4', '/videos/03451.mp4', '/videos/03452.mp4', '/videos/03454.mp4', '/videos/03455.mp4']"
art,"['/videos/03469.mp4', '/videos/70142.mp4', '/videos/03485.mp4', '/videos/03486.mp4', '/videos/65097.mp4', '/videos/03478.mp4', '/videos/67372.mp4', '/videos/03479.mp4', '/videos/03480.mp4', '/videos/03481.mp4', '/videos/03483.mp4', '/videos/03484.mp4']"
article,"['/videos/03489.mp4', '/videos/65098.mp4', '/videos/03490.mp4', '/videos/03491.mp4', '/videos/03492.mp4', '/videos/03493.mp4', '/videos/03494.mp4', '/videos/03495.mp4']"
artist,"['/videos/03514.mp4', '/videos/03515.mp4', '/videos/03516.mp4', '/videos/03517.mp4', '/videos/03518.mp4', '/videos/03519.mp4', '/videos/03520.mp4', '/videos/03521.mp4', '/videos/03522.mp4']"
asia,"['/videos/65100.mp4', '/videos/03570.mp4', '/videos/03571.mp4', '/videos/03562.mp4', '/videos/67373.mp4', '/videos/03563.mp4', '/videos/03564.mp4', '/videos/03565.mp4', '/videos/03566.mp4', '/videos/03568.mp4', '/videos/03569.mp4']"
ask,"['/videos/03587.mp4', '/videos/03597.mp4', '/videos/03598.mp4', '/videos/03599.mp4', '/videos/03602.mp4', '/videos/03603.mp4', '/videos/65101.mp4', '/videos/03595.mp4', '/videos/67374.mp4', '/videos/03605.mp4', '/videos/03607.mp4']"
asl,"['/videos/03625.mp4', '/videos/68266.mp4', '/videos/68004.mp4', '/videos/68408.mp4', '/videos/68005.mp4', '/videos/03634.mp4', '/videos/03635.mp4', '/videos/03637.mp4', '/videos/03638.mp4', '/videos/03640.mp4', '/videos/03641.mp4', '/videos/03642.mp4']"
assist,"['/videos/03750.mp4', '/videos/03765.mp4', '/videos/03766.mp4', '/videos/03767.mp4', '/videos/03768.mp4', '/videos/03769.mp4', '/videos/03771.mp4']"
assistant,"['/videos/03752.mp4', '/videos/03756.mp4', '/videos/03757.mp4', '/videos/03758.mp4', '/videos/03760.mp4', '/videos/03761.mp4', '/videos/03762.mp4', '/videos/03763.mp4']"
assume,"['/videos/03797.mp4', '/videos/03799.mp4', '/videos/03800.mp4', '/videos/03801.mp4', '/videos/03802.mp4', '/videos/03804.mp4', '/videos/03805.mp4']"
attend,"['/videos/03992.mp4', '/videos/03999.mp4', '/videos/04000.mp4', '/videos/04001.mp4', '/videos/04002.mp4', '/videos/04003.mp4', '/videos/04005.mp4', '/videos/04007.mp4']"
attention,"['/videos/04008.mp4', '/videos/65107.mp4', '/videos/04011.mp4', '/videos/67375.mp4', '/videos/04012.mp4', '/videos/04013.mp4', '/videos/04014.mp4', '/videos/04015.mp4', '/videos/04016.mp4', '/videos/04017.mp4']"
attitude,"['/videos/04039.mp4', '/videos/04048.mp4', '/videos/65108.mp4', '/videos/04040.mp4', '/videos/04041.mp4', '/videos/04042.mp4', '/videos/04043.mp4', '/videos/04044.mp4', '/videos/04045.mp4', '/videos/04046.mp4', '/videos/04047.mp4']"
attorney,"['/videos/04049.mp4', '/videos/04050.mp4', '/videos/04051.mp4', '/videos/04052.mp4', '/videos/04053.mp4', '/videos/04054.mp4', '/videos/04055.mp4']"
attract,"['/videos/04056.mp4', '/videos/04066.mp4', '/videos/04067.mp4', '/videos/04062.mp4', '/videos/04072.mp4', '/videos/04073.mp4', '/videos/04075.mp4', '/videos/04076.mp4', '/videos/04063.mp4', '/videos/04064.mp4', '/videos/04065.mp4']"
auction,"['/videos/04097.mp4', '/videos/04099.mp4', '/videos/04101.mp4', '/videos/04102.mp4', '/videos/04103.mp4', '/videos/04104.mp4', '/videos/04105.mp4', '/videos/04106.mp4']"
audience,"['/videos/04110.mp4', '/videos/04118.mp4', '/videos/04119.mp4', '/videos/04120.mp4', '/videos/04121.mp4', '/videos/04122.mp4', '/videos/04123.mp4', '/videos/04115.mp4', '/videos/04116.mp4', '/videos/04117.mp4']"
audiologist,"['/videos/04128.mp4', '/videos/04129.mp4', '/videos/04130.mp4', '/videos/04131.mp4', '/videos/04132.mp4', '/videos/04133.mp4', '/videos/04134.mp4']"
audiology,"['/videos/04135.mp4', '/videos/04136.mp4', '/videos/04137.mp4', '/videos/04138.mp4', '/videos/04139.mp4', '/videos/04140.mp4', '/videos/04141.mp4']"
august,"['/videos/04154.mp4', '/videos/04163.mp4', '/videos/04164.mp4', '/videos/04155.mp4', '/videos/04156.mp4', '/videos/04157.mp4', '/videos/04158.mp4', '/videos/04159.mp4', '/videos/04160.mp4', '/videos/04161.mp4']"
aunt,"['/videos/04165.mp4', '/videos/68250.mp4', '/videos/04176.mp4', '/videos/65110.mp4', '/videos/04168.mp4', '/videos/04169.mp4', '/videos/04170.mp4', '/videos/04171.mp4', '/videos/04172.mp4', '/videos/04173.mp4', '/videos/04174.mp4', '/videos/04175.mp4']"
australia,"['/videos/04183.mp4', '/videos/04186.mp4', '/videos/04187.mp4', '/videos/04188.mp4', '/videos/04189.mp4', '/videos/04190.mp4', '/videos/04191.mp4', '/videos/65111.mp4', '/videos/04193.mp4', '/videos/04195.mp4', '/videos/04196.mp4', '/videos/04198.mp4', '/videos/04184.mp4']"
austria,"['/videos/04200.mp4', '/videos/04201.mp4', '/videos/04202.mp4', '/videos/04203.mp4', '/videos/04204.mp4', '/videos/04205.mp4', '/videos/04207.mp4']"
author,"['/videos/04216.mp4', '/videos/04218.mp4', '/videos/04219.mp4', '/videos/04220.mp4', '/videos/04221.mp4', '/videos/04222.mp4', '/videos/04223.mp4']"
authority,"['/videos/04225.mp4', '/videos/04226.mp4', '/videos/04227.mp4', '/videos/04228.mp4', '/videos/04229.mp4', '/videos/04230.mp4', '/videos/04231.mp4', '/videos/04232.mp4']"
autumn,"['/videos/04288.mp4', '/videos/65113.mp4', '/videos/04289.mp4', '/videos/04290.mp4', '/videos/04291.mp4', '/videos/04292.mp4', '/videos/04293.mp4', '/videos/04294.mp4', '/videos/04295.mp4', '/videos/04296.mp4']"
available,"['/videos/04300.mp4', '/videos/04301.mp4', '/videos/04302.mp4', '/videos/04303.mp4', '/videos/04304.mp4', '/videos/04305.mp4', '/videos/04307.mp4']"
average,"['/videos/04323.mp4', '/videos/04324.mp4', '/videos/04325.mp4', '/videos/04326.mp4', '/videos/04328.mp4', '/videos/04329.mp4', '/videos/04330.mp4', '/videos/04332.mp4']"
avoid,"['/videos/04341.mp4', '/videos/04350.mp4', '/videos/04351.mp4', '/videos/04352.mp4', '/videos/65114.mp4', '/videos/65115.mp4', '/videos/04343.mp4', '/videos/04344.mp4', '/videos/04345.mp4', '/videos/04346.mp4', '/videos/04347.mp4', '/videos/04348.mp4', '/videos/04349.mp4']"
awake,"['/videos/04354.mp4', '/videos/65116.mp4', '/videos/04355.mp4', '/videos/04356.mp4', '/videos/04357.mp4', '/videos/04358.mp4', '/videos/04360.mp4', '/videos/04361.mp4']"
award,"['/videos/04363.mp4', '/videos/04364.mp4', '/videos/04367.mp4', '/videos/04369.mp4', '/videos/04370.mp4', '/videos/04371.mp4', '/videos/04372.mp4']"
aware,"['/videos/04374.mp4', '/videos/04375.mp4', '/videos/04376.mp4', '/videos/04377.mp4', '/videos/04378.mp4', '/videos/04379.mp4', '/videos/04380.mp4']"
away,"['/videos/04386.mp4', '/videos/69216.mp4', '/videos/04396.mp4', '/videos/04397.mp4', '/videos/65117.mp4', '/videos/04388.mp4', '/videos/04389.mp4', '/videos/04391.mp4', '/videos/04393.mp4', '/videos/04395.mp4']"
awful,"['/videos/04422.mp4', '/videos/04432.mp4', '/videos/04433.mp4', '/videos/65118.mp4', '/videos/04424.mp4', '/videos/04434.mp4', '/videos/04425.mp4', '/videos/04426.mp4', '/videos/04427.mp4', '/videos/04428.mp4', '/videos/04429.mp4', '/videos/04430.mp4']"
awkward,"['/videos/04436.mp4', '/videos/04444.mp4', '/videos/04445.mp4', '/videos/67376.mp4', '/videos/04446.mp4', '/videos/04437.mp4', '/videos/04438.mp4', '/videos/04439.mp4', '/videos/04440.mp4', '/videos/04441.mp4', '/videos/04442.mp4', '/videos/04443.mp4']"
b,"['/videos/66040.mp4', '/videos/06120.mp4', '/videos/04466.mp4', '/videos/06121.mp4', '/videos/04467.mp4', '/videos/06122.mp4', '/videos/06123.mp4', '/videos/06124.mp4']"
baby,"['/videos/04484.mp4', '/videos/69217.mp4', '/videos/04512.mp4', '/videos/04513.mp4', '/videos/04514.mp4', '/videos/65119.mp4', '/videos/04505.mp4', '/videos/67377.mp4', '/videos/04506.mp4', '/videos/04507.mp4', '/videos/04508.mp4', '/videos/04509.mp4', '/videos/04510.mp4', '/videos/04511.mp4']"
babysitter,"['/videos/04530.mp4', '/videos/04531.mp4', '/videos/04532.mp4', '/videos/04533.mp4', '/videos/04534.mp4', '/videos/04535.mp4', '/videos/04536.mp4', '/videos/04537.mp4']"
back,"['/videos/69218.mp4', '/videos/65120.mp4', '/videos/70164.mp4', '/videos/04596.mp4', '/videos/04597.mp4', '/videos/04600.mp4', '/videos/04601.mp4', '/videos/04592.mp4', '/videos/67379.mp4', '/videos/04602.mp4', '/videos/04603.mp4', '/videos/04604.mp4', '/videos/04593.mp4', '/videos/04595.mp4']"
background,"['/videos/04579.mp4', '/videos/04587.mp4', '/videos/65122.mp4', '/videos/04589.mp4', '/videos/04590.mp4', '/videos/04580.mp4', '/videos/04581.mp4', '/videos/04582.mp4', '/videos/04583.mp4']"
backpack,"['/videos/04614.mp4', '/videos/68956.mp4', '/videos/04618.mp4', '/videos/04619.mp4', '/videos/04620.mp4', '/videos/04621.mp4', '/videos/04622.mp4', '/videos/04624.mp4', '/videos/65123.mp4', '/videos/04616.mp4', '/videos/04626.mp4', '/videos/04627.mp4', '/videos/04628.mp4', '/videos/04629.mp4', '/videos/04630.mp4', '/videos/04631.mp4', '/videos/04617.mp4']"
bacon,"['/videos/04678.mp4', '/videos/04686.mp4', '/videos/04687.mp4', '/videos/65124.mp4', '/videos/67378.mp4', '/videos/04679.mp4', '/videos/04680.mp4', '/videos/04681.mp4', '/videos/04682.mp4', '/videos/04683.mp4', '/videos/04684.mp4', '/videos/04685.mp4']"
bad,"['/videos/04694.mp4', '/videos/69219.mp4', '/videos/04709.mp4', '/videos/04712.mp4', '/videos/04713.mp4', '/videos/04715.mp4', '/videos/04716.mp4', '/videos/04717.mp4', '/videos/65125.mp4', '/videos/04708.mp4', '/videos/67381.mp4', '/videos/04718.mp4', '/videos/04720.mp4', '/videos/04721.mp4', '/videos/04722.mp4', '/videos/04723.mp4']"
bake,"['/videos/04764.mp4', '/videos/70031.mp4', '/videos/04773.mp4', '/videos/04774.mp4', '/videos/04775.mp4', '/videos/65127.mp4', '/videos/65128.mp4', '/videos/04768.mp4', '/videos/67383.mp4', '/videos/67382.mp4', '/videos/04769.mp4', '/videos/04770.mp4', '/videos/04771.mp4', '/videos/04772.mp4']"
balance,"['/videos/04790.mp4', '/videos/04800.mp4', '/videos/04801.mp4', '/videos/04802.mp4', '/videos/04803.mp4', '/videos/04804.mp4', '/videos/65129.mp4', '/videos/04795.mp4', '/videos/67384.mp4', '/videos/04805.mp4', '/videos/04806.mp4', '/videos/04796.mp4', '/videos/04797.mp4', '/videos/04798.mp4', '/videos/04799.mp4']"
bald,"['/videos/04814.mp4', '/videos/04824.mp4', '/videos/04825.mp4', '/videos/04826.mp4', '/videos/65130.mp4', '/videos/04819.mp4', '/videos/04829.mp4', '/videos/04830.mp4', '/videos/04831.mp4', '/videos/04821.mp4', '/videos/04823.mp4']"
ball,"['/videos/04833.mp4', '/videos/69221.mp4', '/videos/04850.mp4', '/videos/04851.mp4', '/videos/04852.mp4', '/videos/04853.mp4', '/videos/04854.mp4', '/videos/04858.mp4', '/videos/65131.mp4', '/videos/04849.mp4', '/videos/67385.mp4', '/videos/04859.mp4', '/videos/04860.mp4', '/videos/04861.mp4', '/videos/04862.mp4', '/videos/04864.mp4']"
balloon,"['/videos/04866.mp4', '/videos/04873.mp4', '/videos/04874.mp4', '/videos/04875.mp4', '/videos/65132.mp4', '/videos/65133.mp4', '/videos/67386.mp4', '/videos/04867.mp4', '/videos/04868.mp4', '/videos/04869.mp4', '/videos/04870.mp4', '/videos/04871.mp4', '/videos/04872.mp4']"
banana,"['/videos/04895.mp4', '/videos/04900.mp4', '/videos/04901.mp4', '/videos/04902.mp4', '/videos/04903.mp4', '/videos/04904.mp4', '/videos/65135.mp4', '/videos/65134.mp4', '/videos/67387.mp4', '/videos/04905.mp4', '/videos/04906.mp4', '/videos/04896.mp4', '/videos/04897.mp4', '/videos/04898.mp4', '/videos/04899.mp4']"
bank,"['/videos/04971.mp4', '/videos/68886.mp4', '/videos/67388.mp4', '/videos/04972.mp4', '/videos/04973.mp4', '/videos/04974.mp4', '/videos/04975.mp4']"
baptize,"['/videos/05016.mp4', '/videos/05017.mp4', '/videos/05018.mp4', '/videos/05019.mp4', '/videos/05020.mp4', '/videos/05024.mp4', '/videos/05025.mp4']"
bar,"['/videos/65137.mp4', '/videos/68626.mp4', '/videos/05103.mp4', '/videos/05086.mp4', '/videos/05087.mp4', '/videos/05088.mp4', '/videos/05089.mp4', '/videos/05090.mp4', '/videos/05092.mp4', '/videos/05093.mp4', '/videos/67389.mp4', '/videos/05095.mp4', '/videos/05097.mp4', '/videos/05098.mp4', '/videos/05099.mp4', '/videos/05101.mp4', '/videos/05102.mp4']"
barely,"['/videos/65138.mp4', '/videos/05068.mp4', '/videos/05069.mp4', '/videos/05071.mp4', '/videos/05062.mp4', '/videos/05074.mp4', '/videos/05063.mp4', '/videos/05064.mp4', '/videos/05065.mp4', '/videos/05066.mp4', '/videos/05067.mp4']"
bark,"['/videos/65139.mp4', '/videos/05111.mp4', '/videos/05113.mp4', '/videos/05114.mp4', '/videos/05115.mp4', '/videos/05116.mp4', '/videos/05117.mp4', '/videos/05118.mp4', '/videos/05107.mp4', '/videos/05108.mp4', '/videos/05109.mp4', '/videos/05110.mp4']"
baseball,"['/videos/05165.mp4', '/videos/70128.mp4', '/videos/05178.mp4', '/videos/65141.mp4', '/videos/65140.mp4', '/videos/05171.mp4', '/videos/67390.mp4', '/videos/05172.mp4', '/videos/05174.mp4', '/videos/05175.mp4', '/videos/05176.mp4']"
basement,"['/videos/05193.mp4', '/videos/70041.mp4', '/videos/05200.mp4', '/videos/05201.mp4', '/videos/05202.mp4', '/videos/65142.mp4', '/videos/67391.mp4', '/videos/05204.mp4', '/videos/05194.mp4', '/videos/05195.mp4', '/videos/05196.mp4', '/videos/05197.mp4', '/videos/05198.mp4']"
basic,"['/videos/05215.mp4', '/videos/65143.mp4', '/videos/05216.mp4', '/videos/05217.mp4', '/videos/05218.mp4', '/videos/05219.mp4', '/videos/05220.mp4']"
basketball,"['/videos/05227.mp4', '/videos/69225.mp4', '/videos/68612.mp4', '/videos/05230.mp4', '/videos/05231.mp4', '/videos/05232.mp4', '/videos/05233.mp4', '/videos/05234.mp4', '/videos/05236.mp4', '/videos/05237.mp4', '/videos/05238.mp4', '/videos/65144.mp4', '/videos/65145.mp4', '/videos/05229.mp4', '/videos/67392.mp4', '/videos/05239.mp4', '/videos/05241.mp4', '/videos/05243.mp4']"
bath,"['/videos/05270.mp4', '/videos/05281.mp4', '/videos/05282.mp4', '/videos/05283.mp4', '/videos/05284.mp4', '/videos/65147.mp4', '/videos/05275.mp4', '/videos/67393.mp4', '/videos/05285.mp4', '/videos/05276.mp4', '/videos/05277.mp4', '/videos/05278.mp4', '/videos/05279.mp4', '/videos/05280.mp4']"
bathroom,"['/videos/05296.mp4', '/videos/05299.mp4', '/videos/05300.mp4', '/videos/05301.mp4', '/videos/05302.mp4', '/videos/05303.mp4', '/videos/05304.mp4', '/videos/05305.mp4', '/videos/65148.mp4', '/videos/67394.mp4', '/videos/05307.mp4', '/videos/05308.mp4', '/videos/05309.mp4', '/videos/05310.mp4', '/videos/05297.mp4', '/videos/05298.mp4']"
battery,"['/videos/65149.mp4', '/videos/70094.mp4', '/videos/05358.mp4', '/videos/67395.mp4', '/videos/05362.mp4', '/videos/05363.mp4', '/videos/05364.mp4']"
battle,"['/videos/05366.mp4', '/videos/05368.mp4', '/videos/05369.mp4', '/videos/05370.mp4', '/videos/05371.mp4', '/videos/05372.mp4', '/videos/05373.mp4', '/videos/05374.mp4']"
bear,"['/videos/69226.mp4', '/videos/65155.mp4', '/videos/05486.mp4', '/videos/05487.mp4', '/videos/05488.mp4', '/videos/05489.mp4', '/videos/05484.mp4', '/videos/67396.mp4', '/videos/05494.mp4', '/videos/05495.mp4', '/videos/05496.mp4', '/videos/05497.mp4', '/videos/05498.mp4']"
beard,"['/videos/68990.mp4', '/videos/70254.mp4', '/videos/05470.mp4', '/videos/05471.mp4', '/videos/05472.mp4', '/videos/05473.mp4', '/videos/05474.mp4', '/videos/05475.mp4', '/videos/65156.mp4', '/videos/67397.mp4', '/videos/05476.mp4', '/videos/05477.mp4', '/videos/05479.mp4', '/videos/05467.mp4', '/videos/05468.mp4']"
beautiful,"['/videos/05554.mp4', '/videos/05556.mp4', '/videos/05557.mp4', '/videos/05558.mp4', '/videos/05559.mp4', '/videos/05560.mp4', '/videos/05561.mp4', '/videos/05562.mp4', '/videos/05564.mp4', '/videos/05565.mp4']"
because,"['/videos/05595.mp4', '/videos/05598.mp4', '/videos/05599.mp4', '/videos/05600.mp4', '/videos/05601.mp4', '/videos/05603.mp4', '/videos/65158.mp4', '/videos/65159.mp4', '/videos/67399.mp4', '/videos/05605.mp4', '/videos/05606.mp4', '/videos/05607.mp4', '/videos/05608.mp4', '/videos/05609.mp4', '/videos/05596.mp4']"
become,"['/videos/05614.mp4', '/videos/70148.mp4', '/videos/65160.mp4', '/videos/05616.mp4', '/videos/05617.mp4', '/videos/05618.mp4', '/videos/05619.mp4', '/videos/05620.mp4', '/videos/05621.mp4', '/videos/05622.mp4']"
bed,"['/videos/05628.mp4', '/videos/05643.mp4', '/videos/05644.mp4', '/videos/05629.mp4', '/videos/05630.mp4', '/videos/05631.mp4', '/videos/05632.mp4', '/videos/05633.mp4', '/videos/05634.mp4', '/videos/05635.mp4', '/videos/05636.mp4', '/videos/65162.mp4', '/videos/05637.mp4', '/videos/65163.mp4', '/videos/65161.mp4', '/videos/67400.mp4', '/videos/05638.mp4', '/videos/05639.mp4', '/videos/05641.mp4', '/videos/05642.mp4']"
bedroom,"['/videos/05651.mp4', '/videos/05658.mp4', '/videos/05659.mp4', '/videos/05660.mp4', '/videos/65164.mp4', '/videos/67401.mp4', '/videos/05661.mp4', '/videos/05652.mp4', '/videos/05653.mp4', '/videos/05654.mp4', '/videos/05655.mp4', '/videos/05656.mp4']"
bee,"['/videos/05667.mp4', '/videos/05688.mp4', '/videos/65165.mp4', '/videos/05680.mp4', '/videos/05681.mp4', '/videos/05682.mp4', '/videos/05685.mp4', '/videos/05686.mp4', '/videos/05687.mp4']"
beer,"['/videos/05699.mp4', '/videos/05712.mp4', '/videos/05713.mp4', '/videos/65166.mp4', '/videos/05705.mp4', '/videos/67402.mp4', '/videos/05715.mp4', '/videos/05706.mp4', '/videos/05707.mp4', '/videos/05708.mp4', '/videos/05709.mp4', '/videos/05711.mp4']"
before,"['/videos/05724.mp4', '/videos/70348.mp4', '/videos/68007.mp4', '/videos/05744.mp4', '/videos/05746.mp4', '/videos/05728.mp4', '/videos/05747.mp4', '/videos/05748.mp4', '/videos/05749.mp4', '/videos/05750.mp4', '/videos/05729.mp4', '/videos/05730.mp4', '/videos/65167.mp4', '/videos/05731.mp4', '/videos/05732.mp4', '/videos/05733.mp4', '/videos/05734.mp4', '/videos/05735.mp4', '/videos/05736.mp4', '/videos/05727.mp4', '/videos/05737.mp4', '/videos/05739.mp4', '/videos/05740.mp4', '/videos/05741.mp4', '/videos/05742.mp4', '/videos/05743.mp4']"
beg,"['/videos/05756.mp4', '/videos/05767.mp4', '/videos/65168.mp4', '/videos/05759.mp4', '/videos/05760.mp4', '/videos/05761.mp4', '/videos/05762.mp4', '/videos/05763.mp4', '/videos/05764.mp4', '/videos/05765.mp4', '/videos/05766.mp4']"
beginning,"['/videos/05776.mp4', '/videos/05778.mp4', '/videos/05779.mp4', '/videos/05780.mp4', '/videos/05781.mp4', '/videos/05782.mp4', '/videos/05783.mp4', '/videos/05784.mp4']"
behavior,"['/videos/05792.mp4', '/videos/70116.mp4', '/videos/67403.mp4', '/videos/05793.mp4', '/videos/05794.mp4', '/videos/05795.mp4', '/videos/05796.mp4', '/videos/05797.mp4', '/videos/05798.mp4']"
behind,"['/videos/05800.mp4', '/videos/05805.mp4', '/videos/05806.mp4', '/videos/05808.mp4', '/videos/05809.mp4', '/videos/05810.mp4', '/videos/65169.mp4', '/videos/05803.mp4', '/videos/67404.mp4', '/videos/05813.mp4', '/videos/05814.mp4', '/videos/05815.mp4', '/videos/05816.mp4', '/videos/05804.mp4']"
belief,"['/videos/05844.mp4', '/videos/05845.mp4', '/videos/05846.mp4', '/videos/05847.mp4', '/videos/05848.mp4', '/videos/05849.mp4', '/videos/05850.mp4', '/videos/05851.mp4']"
believe,"['/videos/05852.mp4', '/videos/05859.mp4', '/videos/05860.mp4', '/videos/05861.mp4', '/videos/65171.mp4', '/videos/65170.mp4', '/videos/67405.mp4', '/videos/05853.mp4', '/videos/05854.mp4', '/videos/05855.mp4', '/videos/05856.mp4', '/videos/05857.mp4', '/videos/05858.mp4']"
bell,"['/videos/05869.mp4', '/videos/05873.mp4', '/videos/05874.mp4', '/videos/05875.mp4', '/videos/05876.mp4', '/videos/05877.mp4', '/videos/05878.mp4', '/videos/05880.mp4', '/videos/05881.mp4']"
below,"['/videos/05910.mp4', '/videos/05919.mp4', '/videos/05920.mp4', '/videos/05911.mp4', '/videos/05912.mp4', '/videos/05913.mp4', '/videos/05914.mp4', '/videos/05915.mp4', '/videos/05917.mp4', '/videos/05918.mp4']"
belt,"['/videos/05921.mp4', '/videos/05930.mp4', '/videos/05931.mp4', '/videos/65173.mp4', '/videos/05923.mp4', '/videos/67407.mp4', '/videos/05924.mp4', '/videos/05925.mp4', '/videos/05926.mp4', '/videos/05927.mp4', '/videos/05928.mp4', '/videos/05929.mp4']"
benefit,"['/videos/05959.mp4', '/videos/05967.mp4', '/videos/65175.mp4', '/videos/67406.mp4', '/videos/05960.mp4', '/videos/05961.mp4', '/videos/05962.mp4', '/videos/05963.mp4', '/videos/05964.mp4', '/videos/05965.mp4', '/videos/05966.mp4']"
berry,"['/videos/05986.mp4', '/videos/65176.mp4', '/videos/05987.mp4', '/videos/05988.mp4', '/videos/05989.mp4', '/videos/05991.mp4', '/videos/05992.mp4']"
beside,"['/videos/05997.mp4', '/videos/06007.mp4', '/videos/05998.mp4', '/videos/05999.mp4', '/videos/06000.mp4', '/videos/06001.mp4', '/videos/06002.mp4']"
best,"['/videos/06014.mp4', '/videos/06021.mp4', '/videos/06022.mp4', '/videos/06023.mp4', '/videos/06024.mp4', '/videos/06025.mp4', '/videos/06026.mp4', '/videos/06027.mp4', '/videos/06028.mp4', '/videos/06029.mp4']"
bet,"['/videos/06039.mp4', '/videos/69230.mp4', '/videos/06045.mp4', '/videos/06046.mp4', '/videos/06047.mp4', '/videos/06048.mp4', '/videos/06049.mp4', '/videos/06050.mp4', '/videos/06051.mp4', '/videos/06052.mp4']"
better,"['/videos/06062.mp4', '/videos/70328.mp4', '/videos/06074.mp4', '/videos/06075.mp4', '/videos/65179.mp4', '/videos/06066.mp4', '/videos/06067.mp4', '/videos/06068.mp4', '/videos/06069.mp4', '/videos/06070.mp4', '/videos/06071.mp4', '/videos/06072.mp4', '/videos/06073.mp4']"
between,"['/videos/06077.mp4', '/videos/65180.mp4', '/videos/06081.mp4', '/videos/06082.mp4', '/videos/06083.mp4', '/videos/06085.mp4', '/videos/06087.mp4']"
bible,"['/videos/06146.mp4', '/videos/06137.mp4', '/videos/06138.mp4', '/videos/06139.mp4', '/videos/06140.mp4', '/videos/06143.mp4', '/videos/06144.mp4', '/videos/06145.mp4']"
bicycle,"['/videos/06157.mp4', '/videos/65181.mp4', '/videos/06159.mp4', '/videos/67408.mp4', '/videos/06160.mp4', '/videos/06161.mp4', '/videos/06162.mp4', '/videos/06163.mp4', '/videos/06164.mp4', '/videos/06165.mp4']"
big,"['/videos/06176.mp4', '/videos/69231.mp4', '/videos/06199.mp4', '/videos/06200.mp4', '/videos/65182.mp4', '/videos/65183.mp4', '/videos/06192.mp4', '/videos/06202.mp4', '/videos/06193.mp4', '/videos/06194.mp4', '/videos/06195.mp4', '/videos/06196.mp4']"
bike,"['/videos/06214.mp4', '/videos/68008.mp4', '/videos/68752.mp4', '/videos/69076.mp4', '/videos/06215.mp4', '/videos/06216.mp4', '/videos/06217.mp4', '/videos/06218.mp4']"
binoculars,"['/videos/06298.mp4', '/videos/65185.mp4', '/videos/67409.mp4', '/videos/06299.mp4', '/videos/06300.mp4', '/videos/06301.mp4', '/videos/06302.mp4']"
biology,"['/videos/06312.mp4', '/videos/65186.mp4', '/videos/67410.mp4', '/videos/06313.mp4', '/videos/06314.mp4', '/videos/06315.mp4', '/videos/06316.mp4', '/videos/06317.mp4', '/videos/06318.mp4', '/videos/06319.mp4']"
bird,"['/videos/06326.mp4', '/videos/69233.mp4', '/videos/70107.mp4', '/videos/06333.mp4', '/videos/06334.mp4', '/videos/06335.mp4', '/videos/06336.mp4', '/videos/06337.mp4', '/videos/06338.mp4', '/videos/06339.mp4', '/videos/65187.mp4', '/videos/06330.mp4', '/videos/67411.mp4', '/videos/06340.mp4', '/videos/06341.mp4', '/videos/06342.mp4', '/videos/06343.mp4', '/videos/06331.mp4', '/videos/06332.mp4']"
birth,"['/videos/06346.mp4', '/videos/06378.mp4', '/videos/06379.mp4', '/videos/65189.mp4', '/videos/65190.mp4', '/videos/06372.mp4', '/videos/67412.mp4', '/videos/06373.mp4', '/videos/06375.mp4']"
birthday,"['/videos/06355.mp4', '/videos/65192.mp4', '/videos/68338.mp4', '/videos/70357.mp4', '/videos/70359.mp4', '/videos/06365.mp4', '/videos/06366.mp4', '/videos/06367.mp4', '/videos/06368.mp4', '/videos/06359.mp4', '/videos/67413.mp4', '/videos/06369.mp4', '/videos/06370.mp4', '/videos/06371.mp4', '/videos/06360.mp4', '/videos/06361.mp4', '/videos/06362.mp4', '/videos/06363.mp4']"
bite,"['/videos/06407.mp4', '/videos/06417.mp4', '/videos/06418.mp4', '/videos/65199.mp4', '/videos/06409.mp4', '/videos/06419.mp4', '/videos/06410.mp4', '/videos/06411.mp4', '/videos/06412.mp4', '/videos/06413.mp4', '/videos/06414.mp4']"
bitter,"['/videos/06425.mp4', '/videos/06435.mp4', '/videos/06436.mp4', '/videos/06437.mp4', '/videos/06428.mp4', '/videos/06438.mp4', '/videos/06439.mp4', '/videos/06429.mp4', '/videos/06430.mp4', '/videos/06431.mp4', '/videos/06432.mp4', '/videos/06433.mp4']"
black,"['/videos/06455.mp4', '/videos/69236.mp4', '/videos/68230.mp4', '/videos/70244.mp4', '/videos/06472.mp4', '/videos/06473.mp4', '/videos/06474.mp4', '/videos/06475.mp4', '/videos/06476.mp4', '/videos/06477.mp4', '/videos/06478.mp4', '/videos/06480.mp4', '/videos/65200.mp4', '/videos/06471.mp4', '/videos/67414.mp4', '/videos/06481.mp4', '/videos/06482.mp4', '/videos/06483.mp4', '/videos/06484.mp4', '/videos/06485.mp4', '/videos/06486.mp4']"
blame,"['/videos/06526.mp4', '/videos/06536.mp4', '/videos/65202.mp4', '/videos/06528.mp4', '/videos/06529.mp4', '/videos/06530.mp4', '/videos/06531.mp4', '/videos/06532.mp4', '/videos/06533.mp4', '/videos/06534.mp4', '/videos/06535.mp4']"
blanket,"['/videos/06550.mp4', '/videos/06553.mp4', '/videos/06554.mp4', '/videos/06555.mp4', '/videos/06557.mp4', '/videos/06558.mp4', '/videos/06559.mp4', '/videos/65204.mp4', '/videos/65205.mp4', '/videos/67415.mp4', '/videos/06560.mp4', '/videos/06561.mp4', '/videos/06562.mp4', '/videos/06563.mp4', '/videos/06551.mp4', '/videos/06552.mp4']"
blend,"['/videos/06602.mp4', '/videos/06613.mp4', '/videos/06614.mp4', '/videos/06615.mp4', '/videos/06616.mp4', '/videos/06618.mp4', '/videos/06619.mp4', '/videos/06620.mp4']"
bless,"['/videos/06622.mp4', '/videos/65206.mp4', '/videos/06625.mp4', '/videos/06626.mp4', '/videos/06627.mp4', '/videos/06628.mp4', '/videos/06629.mp4', '/videos/06630.mp4', '/videos/06631.mp4']"
blind,"['/videos/06643.mp4', '/videos/06656.mp4', '/videos/06657.mp4', '/videos/06658.mp4', '/videos/65209.mp4', '/videos/06649.mp4', '/videos/67416.mp4', '/videos/06650.mp4', '/videos/06651.mp4', '/videos/06652.mp4', '/videos/06653.mp4', '/videos/06654.mp4', '/videos/06655.mp4']"
blood,"['/videos/06723.mp4', '/videos/65212.mp4', '/videos/06733.mp4', '/videos/67418.mp4', '/videos/06734.mp4', '/videos/06735.mp4', '/videos/06736.mp4', '/videos/06737.mp4', '/videos/06738.mp4']"
blow,"['/videos/06787.mp4', '/videos/06788.mp4', '/videos/06789.mp4', '/videos/06790.mp4', '/videos/06792.mp4', '/videos/06793.mp4', '/videos/06794.mp4']"
blue,"['/videos/06822.mp4', '/videos/69238.mp4', '/videos/68274.mp4', '/videos/68010.mp4', '/videos/06835.mp4', '/videos/06836.mp4', '/videos/06837.mp4', '/videos/06838.mp4', '/videos/06839.mp4', '/videos/06840.mp4', '/videos/06841.mp4', '/videos/65216.mp4', '/videos/06832.mp4', '/videos/67420.mp4', '/videos/06842.mp4', '/videos/06843.mp4', '/videos/06844.mp4', '/videos/06845.mp4', '/videos/06833.mp4', '/videos/06834.mp4']"
boast,"['/videos/06922.mp4', '/videos/06923.mp4', '/videos/06924.mp4', '/videos/06925.mp4', '/videos/06926.mp4', '/videos/06927.mp4', '/videos/06928.mp4']"
boat,"['/videos/06929.mp4', '/videos/69239.mp4', '/videos/06937.mp4', '/videos/65221.mp4', '/videos/67421.mp4', '/videos/06930.mp4', '/videos/06931.mp4', '/videos/06932.mp4', '/videos/06933.mp4', '/videos/06934.mp4', '/videos/06935.mp4']"
body,"['/videos/06941.mp4', '/videos/69240.mp4', '/videos/65222.mp4', '/videos/06948.mp4', '/videos/67423.mp4', '/videos/06949.mp4', '/videos/06950.mp4', '/videos/06951.mp4', '/videos/06952.mp4', '/videos/06953.mp4', '/videos/06954.mp4']"
boil,"['/videos/06967.mp4', '/videos/06976.mp4', '/videos/06968.mp4', '/videos/06969.mp4', '/videos/06971.mp4', '/videos/06972.mp4', '/videos/06974.mp4']"
bone,"['/videos/07032.mp4', '/videos/65224.mp4', '/videos/67422.mp4', '/videos/07033.mp4', '/videos/07035.mp4', '/videos/07036.mp4', '/videos/07037.mp4', '/videos/07038.mp4']"
book,"['/videos/69241.mp4', '/videos/65225.mp4', '/videos/68011.mp4', '/videos/68208.mp4', '/videos/68012.mp4', '/videos/70212.mp4', '/videos/70266.mp4', '/videos/07085.mp4', '/videos/07086.mp4', '/videos/07087.mp4', '/videos/07069.mp4', '/videos/07088.mp4', '/videos/07089.mp4', '/videos/07090.mp4', '/videos/07091.mp4', '/videos/07092.mp4', '/videos/07093.mp4', '/videos/07068.mp4', '/videos/07094.mp4', '/videos/07095.mp4', '/videos/07096.mp4', '/videos/07097.mp4', '/videos/07070.mp4', '/videos/07098.mp4', '/videos/07099.mp4', '/videos/07071.mp4', '/videos/07072.mp4', '/videos/07073.mp4', '/videos/67424.mp4', '/videos/07074.mp4', '/videos/07075.mp4', '/videos/07076.mp4', '/videos/07077.mp4', '/videos/07078.mp4', '/videos/07079.mp4', '/videos/07080.mp4', '/videos/07081.mp4', '/videos/07082.mp4', '/videos/07083.mp4', '/videos/07084.mp4']"
bookshelf,"['/videos/07113.mp4', '/videos/07115.mp4', '/videos/07120.mp4', '/videos/07116.mp4', '/videos/07121.mp4', '/videos/07117.mp4', '/videos/07118.mp4']"
bookstore,"['/videos/07126.mp4', '/videos/70227.mp4', '/videos/07127.mp4', '/videos/07128.mp4', '/videos/07129.mp4', '/videos/07130.mp4', '/videos/07131.mp4']"
boots,"['/videos/65226.mp4', '/videos/07169.mp4', '/videos/07170.mp4', '/videos/07171.mp4', '/videos/07172.mp4', '/videos/07163.mp4', '/videos/67425.mp4', '/videos/07173.mp4', '/videos/07164.mp4']"
bored,"['/videos/65229.mp4', '/videos/07196.mp4', '/videos/07197.mp4', '/videos/07198.mp4', '/videos/07199.mp4', '/videos/07200.mp4', '/videos/07191.mp4', '/videos/67427.mp4', '/videos/07201.mp4', '/videos/07202.mp4', '/videos/07203.mp4', '/videos/07192.mp4', '/videos/07194.mp4']"
borrow,"['/videos/07226.mp4', '/videos/07234.mp4', '/videos/65230.mp4', '/videos/67426.mp4', '/videos/07227.mp4', '/videos/07228.mp4', '/videos/07229.mp4', '/videos/07230.mp4', '/videos/07231.mp4', '/videos/07232.mp4', '/videos/07233.mp4']"
boss,"['/videos/07236.mp4', '/videos/07243.mp4', '/videos/07245.mp4', '/videos/65231.mp4', '/videos/67428.mp4', '/videos/07246.mp4', '/videos/07247.mp4', '/videos/07237.mp4', '/videos/07238.mp4', '/videos/07239.mp4', '/videos/07241.mp4']"
both,"['/videos/07258.mp4', '/videos/69242.mp4', '/videos/68013.mp4', '/videos/68494.mp4', '/videos/65233.mp4', '/videos/07271.mp4', '/videos/07272.mp4', '/videos/07273.mp4', '/videos/07274.mp4', '/videos/07275.mp4', '/videos/07276.mp4', '/videos/07277.mp4']"
bother,"['/videos/07259.mp4', '/videos/07268.mp4', '/videos/65234.mp4', '/videos/07269.mp4', '/videos/07260.mp4', '/videos/07261.mp4', '/videos/07262.mp4', '/videos/07263.mp4', '/videos/07264.mp4', '/videos/07265.mp4', '/videos/07266.mp4']"
bottle,"['/videos/07284.mp4', '/videos/69243.mp4', '/videos/65235.mp4', '/videos/07286.mp4', '/videos/67429.mp4', '/videos/07287.mp4', '/videos/07288.mp4', '/videos/07289.mp4', '/videos/07290.mp4', '/videos/07291.mp4', '/videos/07292.mp4']"
bottom,"['/videos/70166.mp4', '/videos/07301.mp4', '/videos/07302.mp4', '/videos/07303.mp4', '/videos/07304.mp4', '/videos/07306.mp4', '/videos/07309.mp4', '/videos/07297.mp4', '/videos/07298.mp4', '/videos/07299.mp4', '/videos/07300.mp4']"
bowl,"['/videos/07369.mp4', '/videos/70318.mp4', '/videos/07379.mp4', '/videos/07380.mp4', '/videos/65240.mp4', '/videos/07371.mp4', '/videos/67430.mp4', '/videos/07381.mp4', '/videos/07382.mp4', '/videos/07372.mp4', '/videos/07373.mp4', '/videos/07374.mp4', '/videos/07375.mp4']"
bowling,"['/videos/07383.mp4', '/videos/07403.mp4', '/videos/07389.mp4', '/videos/07390.mp4', '/videos/07391.mp4', '/videos/07392.mp4', '/videos/07393.mp4', '/videos/07394.mp4', '/videos/07395.mp4', '/videos/07396.mp4', '/videos/07397.mp4', '/videos/65242.mp4', '/videos/65241.mp4', '/videos/07388.mp4', '/videos/67431.mp4', '/videos/07398.mp4', '/videos/07399.mp4', '/videos/07400.mp4', '/videos/07401.mp4', '/videos/07402.mp4']"
box,"['/videos/07413.mp4', '/videos/69244.mp4', '/videos/70238.mp4', '/videos/07424.mp4', '/videos/65244.mp4', '/videos/07417.mp4', '/videos/67434.mp4', '/videos/07418.mp4', '/videos/07419.mp4', '/videos/07420.mp4', '/videos/07421.mp4', '/videos/07422.mp4', '/videos/07423.mp4']"
boxing,"['/videos/07425.mp4', '/videos/07430.mp4', '/videos/07431.mp4', '/videos/07432.mp4', '/videos/07433.mp4', '/videos/07434.mp4', '/videos/07435.mp4']"
boy,"['/videos/07436.mp4', '/videos/69245.mp4', '/videos/69002.mp4', '/videos/07459.mp4', '/videos/07460.mp4', '/videos/07461.mp4', '/videos/65245.mp4', '/videos/07452.mp4', '/videos/67433.mp4', '/videos/07462.mp4', '/videos/07453.mp4', '/videos/07454.mp4', '/videos/07455.mp4', '/videos/07457.mp4', '/videos/07458.mp4']"
boyfriend,"['/videos/07440.mp4', '/videos/07443.mp4', '/videos/70343.mp4', '/videos/07441.mp4', '/videos/07444.mp4', '/videos/07445.mp4', '/videos/07446.mp4', '/videos/07447.mp4', '/videos/07450.mp4', '/videos/07451.mp4']"
bra,"['/videos/07467.mp4', '/videos/65246.mp4', '/videos/07499.mp4', '/videos/67435.mp4', '/videos/07500.mp4', '/videos/07501.mp4', '/videos/07502.mp4', '/videos/07503.mp4']"
bracelet,"['/videos/07469.mp4', '/videos/07476.mp4', '/videos/07477.mp4', '/videos/07478.mp4', '/videos/65247.mp4', '/videos/67436.mp4', '/videos/07479.mp4', '/videos/07470.mp4', '/videos/07471.mp4', '/videos/07472.mp4', '/videos/07473.mp4', '/videos/07474.mp4', '/videos/07475.mp4']"
brag,"['/videos/07490.mp4', '/videos/07498.mp4', '/videos/65249.mp4', '/videos/65248.mp4', '/videos/07492.mp4', '/videos/67437.mp4', '/videos/07493.mp4', '/videos/07494.mp4', '/videos/07495.mp4', '/videos/07496.mp4', '/videos/07497.mp4']"
braid,"['/videos/07506.mp4', '/videos/07516.mp4', '/videos/07509.mp4', '/videos/07510.mp4', '/videos/07511.mp4', '/videos/07513.mp4', '/videos/07515.mp4']"
brain,"['/videos/07523.mp4', '/videos/07527.mp4', '/videos/07528.mp4', '/videos/07529.mp4', '/videos/07530.mp4', '/videos/07531.mp4', '/videos/07532.mp4']"
brave,"['/videos/07574.mp4', '/videos/65251.mp4', '/videos/67438.mp4', '/videos/07575.mp4', '/videos/07576.mp4', '/videos/07577.mp4', '/videos/07578.mp4', '/videos/07579.mp4', '/videos/07580.mp4']"
bread,"['/videos/07593.mp4', '/videos/70063.mp4', '/videos/07603.mp4', '/videos/07604.mp4', '/videos/07595.mp4', '/videos/67439.mp4', '/videos/07596.mp4', '/videos/07597.mp4', '/videos/07598.mp4', '/videos/07599.mp4', '/videos/07600.mp4', '/videos/07601.mp4', '/videos/07602.mp4']"
break,"['/videos/07608.mp4', '/videos/70098.mp4', '/videos/07639.mp4', '/videos/65252.mp4', '/videos/07632.mp4', '/videos/67440.mp4', '/videos/07642.mp4', '/videos/07634.mp4', '/videos/07635.mp4', '/videos/07637.mp4']"
breakdown,"['/videos/07611.mp4', '/videos/07613.mp4', '/videos/07618.mp4', '/videos/70093.mp4', '/videos/67441.mp4', '/videos/65253.mp4', '/videos/07612.mp4']"
breakfast,"['/videos/07624.mp4', '/videos/07625.mp4', '/videos/07626.mp4', '/videos/07627.mp4', '/videos/07628.mp4', '/videos/07629.mp4', '/videos/07630.mp4']"
breathe,"['/videos/65256.mp4', '/videos/07676.mp4', '/videos/67442.mp4', '/videos/07677.mp4', '/videos/07678.mp4', '/videos/07679.mp4', '/videos/07680.mp4', '/videos/07681.mp4', '/videos/07682.mp4']"
breeze,"['/videos/07699.mp4', '/videos/07701.mp4', '/videos/07702.mp4', '/videos/07703.mp4', '/videos/07704.mp4', '/videos/07705.mp4', '/videos/07706.mp4']"
bribe,"['/videos/07715.mp4', '/videos/07716.mp4', '/videos/07717.mp4', '/videos/07718.mp4', '/videos/07719.mp4', '/videos/07720.mp4', '/videos/07721.mp4']"
bridge,"['/videos/07747.mp4', '/videos/65259.mp4', '/videos/07751.mp4', '/videos/67444.mp4', '/videos/07752.mp4', '/videos/07753.mp4', '/videos/07754.mp4', '/videos/07755.mp4', '/videos/07756.mp4', '/videos/07757.mp4']"
brief,"['/videos/07765.mp4', '/videos/07766.mp4', '/videos/07767.mp4', '/videos/07768.mp4', '/videos/07769.mp4', '/videos/07770.mp4', '/videos/07771.mp4', '/videos/07772.mp4']"
bright,"['/videos/07779.mp4', '/videos/07787.mp4', '/videos/07788.mp4', '/videos/07789.mp4', '/videos/07791.mp4', '/videos/07780.mp4', '/videos/07781.mp4', '/videos/07782.mp4', '/videos/07783.mp4']"
bring,"['/videos/07803.mp4', '/videos/69250.mp4', '/videos/68828.mp4', '/videos/07814.mp4', '/videos/07815.mp4', '/videos/65260.mp4', '/videos/07806.mp4', '/videos/07807.mp4', '/videos/07808.mp4', '/videos/07809.mp4', '/videos/07810.mp4', '/videos/07811.mp4', '/videos/07812.mp4', '/videos/07813.mp4']"
brochure,"['/videos/07860.mp4', '/videos/07861.mp4', '/videos/07862.mp4', '/videos/07863.mp4', '/videos/07864.mp4', '/videos/07865.mp4', '/videos/07866.mp4']"
broke,"['/videos/07872.mp4', '/videos/07879.mp4', '/videos/07883.mp4', '/videos/07884.mp4', '/videos/07886.mp4', '/videos/07873.mp4', '/videos/07875.mp4', '/videos/07876.mp4']"
brother,"['/videos/07929.mp4', '/videos/69251.mp4', '/videos/68594.mp4', '/videos/07937.mp4', '/videos/07938.mp4', '/videos/07939.mp4', '/videos/07940.mp4', '/videos/07941.mp4', '/videos/65262.mp4', '/videos/07932.mp4', '/videos/67445.mp4', '/videos/07942.mp4', '/videos/07943.mp4', '/videos/07933.mp4', '/videos/07934.mp4', '/videos/07935.mp4', '/videos/07936.mp4']"
brown,"['/videos/07957.mp4', '/videos/69252.mp4', '/videos/70242.mp4', '/videos/69028.mp4', '/videos/07963.mp4', '/videos/07964.mp4', '/videos/07966.mp4', '/videos/07967.mp4', '/videos/07968.mp4', '/videos/07969.mp4', '/videos/65263.mp4', '/videos/07960.mp4', '/videos/67446.mp4', '/videos/07971.mp4', '/videos/07972.mp4', '/videos/07973.mp4', '/videos/07961.mp4', '/videos/07962.mp4']"
brush,"['/videos/65264.mp4', '/videos/08002.mp4', '/videos/08005.mp4', '/videos/08006.mp4', '/videos/08007.mp4', '/videos/65265.mp4', '/videos/67447.mp4', '/videos/08012.mp4', '/videos/08000.mp4', '/videos/08001.mp4']"
buffalo,"['/videos/08087.mp4', '/videos/08088.mp4', '/videos/08089.mp4', '/videos/08091.mp4', '/videos/08093.mp4', '/videos/08094.mp4', '/videos/08095.mp4']"
bug,"['/videos/65267.mp4', '/videos/08114.mp4', '/videos/67448.mp4', '/videos/08107.mp4', '/videos/08109.mp4', '/videos/08111.mp4', '/videos/08112.mp4', '/videos/08113.mp4']"
build,"['/videos/08118.mp4', '/videos/08127.mp4', '/videos/65268.mp4', '/videos/08119.mp4', '/videos/08120.mp4', '/videos/08121.mp4', '/videos/08122.mp4', '/videos/08123.mp4', '/videos/08124.mp4', '/videos/08125.mp4', '/videos/08126.mp4']"
building,"['/videos/65269.mp4', '/videos/70196.mp4', '/videos/68590.mp4', '/videos/08130.mp4', '/videos/67449.mp4', '/videos/08131.mp4', '/videos/08132.mp4', '/videos/08133.mp4', '/videos/08134.mp4', '/videos/08135.mp4']"
bull,"['/videos/08166.mp4', '/videos/08167.mp4', '/videos/08168.mp4', '/videos/08169.mp4', '/videos/08170.mp4', '/videos/08171.mp4', '/videos/08172.mp4', '/videos/08173.mp4', '/videos/08174.mp4']"
bully,"['/videos/08179.mp4', '/videos/08180.mp4', '/videos/08181.mp4', '/videos/08182.mp4', '/videos/08183.mp4', '/videos/08185.mp4', '/videos/08186.mp4', '/videos/08187.mp4']"
burp,"['/videos/08300.mp4', '/videos/08302.mp4', '/videos/08303.mp4', '/videos/08304.mp4', '/videos/08305.mp4', '/videos/08306.mp4', '/videos/08308.mp4']"
bus,"['/videos/08330.mp4', '/videos/68960.mp4', '/videos/08349.mp4', '/videos/08352.mp4', '/videos/08353.mp4', '/videos/08355.mp4', '/videos/08346.mp4', '/videos/08359.mp4', '/videos/08360.mp4', '/videos/08361.mp4', '/videos/08347.mp4']"
bush,"['/videos/08338.mp4', '/videos/08339.mp4', '/videos/08340.mp4', '/videos/08341.mp4', '/videos/08342.mp4', '/videos/08343.mp4', '/videos/08345.mp4']"
business,"['/videos/08363.mp4', '/videos/08371.mp4', '/videos/08372.mp4', '/videos/08373.mp4', '/videos/08374.mp4', '/videos/08375.mp4', '/videos/08376.mp4', '/videos/65275.mp4', '/videos/67450.mp4', '/videos/08377.mp4', '/videos/08378.mp4', '/videos/08379.mp4', '/videos/08368.mp4', '/videos/08369.mp4', '/videos/08370.mp4']"
busy,"['/videos/08410.mp4', '/videos/70105.mp4', '/videos/08418.mp4', '/videos/08419.mp4', '/videos/65277.mp4', '/videos/08420.mp4', '/videos/08411.mp4', '/videos/08412.mp4', '/videos/08415.mp4', '/videos/08417.mp4']"
but,"['/videos/08421.mp4', '/videos/68368.mp4', '/videos/68016.mp4', '/videos/08427.mp4', '/videos/08428.mp4', '/videos/08429.mp4', '/videos/08431.mp4', '/videos/08432.mp4', '/videos/08433.mp4', '/videos/65278.mp4', '/videos/08424.mp4', '/videos/67451.mp4', '/videos/08434.mp4', '/videos/08435.mp4', '/videos/08436.mp4', '/videos/08437.mp4', '/videos/08425.mp4', '/videos/08426.mp4']"
butter,"['/videos/08439.mp4', '/videos/08455.mp4', '/videos/65279.mp4', '/videos/08448.mp4', '/videos/67452.mp4', '/videos/08449.mp4', '/videos/08450.mp4', '/videos/08451.mp4', '/videos/08452.mp4', '/videos/08453.mp4', '/videos/08454.mp4']"
butterfly,"['/videos/08441.mp4', '/videos/65280.mp4', '/videos/67454.mp4', '/videos/08442.mp4', '/videos/08443.mp4', '/videos/08444.mp4', '/videos/08445.mp4', '/videos/08446.mp4', '/videos/08447.mp4']"
button,"['/videos/08467.mp4', '/videos/65281.mp4', '/videos/08468.mp4', '/videos/08470.mp4', '/videos/08471.mp4', '/videos/08472.mp4', '/videos/08473.mp4', '/videos/08474.mp4']"
buy,"['/videos/08478.mp4', '/videos/69255.mp4', '/videos/68566.mp4', '/videos/08488.mp4', '/videos/08489.mp4', '/videos/08490.mp4', '/videos/08491.mp4', '/videos/65282.mp4', '/videos/08482.mp4', '/videos/67453.mp4', '/videos/08492.mp4', '/videos/08483.mp4', '/videos/08484.mp4', '/videos/08485.mp4', '/videos/08486.mp4', '/videos/08487.mp4']"
bye,"['/videos/08510.mp4', '/videos/08511.mp4', '/videos/08512.mp4', '/videos/08514.mp4', '/videos/08515.mp4', '/videos/08516.mp4', '/videos/08517.mp4']"
cabbage,"['/videos/08532.mp4', '/videos/67455.mp4', '/videos/08533.mp4', '/videos/08534.mp4', '/videos/08535.mp4', '/videos/08536.mp4', '/videos/08537.mp4', '/videos/08538.mp4']"
cabinet,"['/videos/70081.mp4', '/videos/67456.mp4', '/videos/08543.mp4', '/videos/08544.mp4', '/videos/08545.mp4', '/videos/08546.mp4', '/videos/08547.mp4', '/videos/08548.mp4']"
cafeteria,"['/videos/08586.mp4', '/videos/70228.mp4', '/videos/69064.mp4', '/videos/08595.mp4', '/videos/65284.mp4', '/videos/67458.mp4', '/videos/08587.mp4', '/videos/08588.mp4', '/videos/08589.mp4', '/videos/08590.mp4', '/videos/08591.mp4', '/videos/08592.mp4', '/videos/08593.mp4']"
cake,"['/videos/08608.mp4', '/videos/69256.mp4', '/videos/08620.mp4', '/videos/08621.mp4', '/videos/65285.mp4', '/videos/65286.mp4', '/videos/08612.mp4', '/videos/67457.mp4', '/videos/08613.mp4', '/videos/08614.mp4', '/videos/08615.mp4', '/videos/08618.mp4']"
calculate,"['/videos/08624.mp4', '/videos/08625.mp4', '/videos/08626.mp4', '/videos/08627.mp4', '/videos/08628.mp4', '/videos/08630.mp4', '/videos/08631.mp4', '/videos/08633.mp4']"
calculator,"['/videos/08634.mp4', '/videos/08635.mp4', '/videos/08636.mp4', '/videos/08637.mp4', '/videos/08638.mp4', '/videos/08639.mp4', '/videos/08640.mp4', '/videos/08641.mp4']"
calculus,"['/videos/08642.mp4', '/videos/08643.mp4', '/videos/08644.mp4', '/videos/08645.mp4', '/videos/08646.mp4', '/videos/08647.mp4', '/videos/08648.mp4', '/videos/08649.mp4']"
california,"['/videos/08669.mp4', '/videos/08676.mp4', '/videos/08677.mp4', '/videos/65289.mp4', '/videos/08679.mp4', '/videos/08680.mp4', '/videos/08670.mp4', '/videos/08671.mp4', '/videos/08672.mp4', '/videos/08673.mp4', '/videos/08674.mp4', '/videos/08675.mp4']"
call,"['/videos/65290.mp4', '/videos/08706.mp4', '/videos/08707.mp4', '/videos/65556.mp4', '/videos/08713.mp4', '/videos/08689.mp4', '/videos/08690.mp4', '/videos/08691.mp4', '/videos/08692.mp4', '/videos/08694.mp4', '/videos/08695.mp4', '/videos/67460.mp4', '/videos/08697.mp4', '/videos/08698.mp4', '/videos/08701.mp4', '/videos/08702.mp4']"
calm,"['/videos/08739.mp4', '/videos/08754.mp4', '/videos/08745.mp4', '/videos/08755.mp4', '/videos/08746.mp4', '/videos/08747.mp4', '/videos/08748.mp4', '/videos/08749.mp4', '/videos/08750.mp4', '/videos/08751.mp4', '/videos/08752.mp4']"
camel,"['/videos/08772.mp4', '/videos/08773.mp4', '/videos/08774.mp4', '/videos/08776.mp4', '/videos/08778.mp4', '/videos/08779.mp4', '/videos/08780.mp4']"
camera,"['/videos/08782.mp4', '/videos/08790.mp4', '/videos/08791.mp4', '/videos/65292.mp4', '/videos/67463.mp4', '/videos/08783.mp4', '/videos/08784.mp4', '/videos/08785.mp4', '/videos/08786.mp4', '/videos/08789.mp4']"
camp,"['/videos/08799.mp4', '/videos/68017.mp4', '/videos/68884.mp4', '/videos/08817.mp4', '/videos/08818.mp4', '/videos/08819.mp4', '/videos/08820.mp4', '/videos/08821.mp4', '/videos/08822.mp4', '/videos/08823.mp4']"
camping,"['/videos/65293.mp4', '/videos/08824.mp4', '/videos/67464.mp4', '/videos/08825.mp4', '/videos/08827.mp4', '/videos/08828.mp4', '/videos/08829.mp4', '/videos/08830.mp4']"
can,"['/videos/69257.mp4', '/videos/65294.mp4', '/videos/08950.mp4', '/videos/08951.mp4', '/videos/08952.mp4', '/videos/08953.mp4', '/videos/08955.mp4', '/videos/08935.mp4', '/videos/08936.mp4', '/videos/08937.mp4', '/videos/08938.mp4', '/videos/08939.mp4', '/videos/08942.mp4', '/videos/67465.mp4', '/videos/08944.mp4', '/videos/08945.mp4', '/videos/08946.mp4', '/videos/08947.mp4', '/videos/08948.mp4', '/videos/08949.mp4']"
canada,"['/videos/08840.mp4', '/videos/08848.mp4', '/videos/08849.mp4', '/videos/65295.mp4', '/videos/67466.mp4', '/videos/08841.mp4', '/videos/08842.mp4', '/videos/08843.mp4', '/videos/08844.mp4', '/videos/08845.mp4', '/videos/08846.mp4', '/videos/08847.mp4']"
cancel,"['/videos/08858.mp4', '/videos/08867.mp4', '/videos/08868.mp4', '/videos/08859.mp4', '/videos/08860.mp4', '/videos/08861.mp4', '/videos/08862.mp4', '/videos/08863.mp4', '/videos/08864.mp4', '/videos/08865.mp4', '/videos/08866.mp4']"
candidate,"['/videos/08888.mp4', '/videos/08889.mp4', '/videos/08890.mp4', '/videos/08891.mp4', '/videos/08892.mp4', '/videos/08893.mp4', '/videos/08894.mp4']"
candle,"['/videos/08897.mp4', '/videos/08905.mp4', '/videos/65297.mp4', '/videos/67469.mp4', '/videos/08898.mp4', '/videos/08899.mp4', '/videos/08900.mp4', '/videos/08901.mp4', '/videos/08902.mp4', '/videos/08903.mp4', '/videos/08904.mp4']"
candy,"['/videos/08909.mp4', '/videos/68018.mp4', '/videos/70326.mp4', '/videos/68790.mp4', '/videos/08928.mp4', '/videos/08929.mp4', '/videos/08916.mp4', '/videos/08917.mp4', '/videos/08918.mp4', '/videos/08919.mp4', '/videos/08920.mp4', '/videos/08921.mp4', '/videos/08922.mp4', '/videos/08923.mp4', '/videos/65298.mp4', '/videos/08924.mp4', '/videos/65299.mp4', '/videos/65300.mp4', '/videos/08915.mp4', '/videos/67468.mp4', '/videos/67470.mp4', '/videos/08925.mp4', '/videos/08926.mp4', '/videos/08927.mp4']"
cannot,"['/videos/65301.mp4', '/videos/08970.mp4', '/videos/08967.mp4', '/videos/08968.mp4', '/videos/08971.mp4', '/videos/08972.mp4', '/videos/08974.mp4']"
canoe,"['/videos/08978.mp4', '/videos/65302.mp4', '/videos/67472.mp4', '/videos/08979.mp4', '/videos/08980.mp4', '/videos/08983.mp4', '/videos/08984.mp4', '/videos/08985.mp4']"
captain,"['/videos/09078.mp4', '/videos/09079.mp4', '/videos/09081.mp4', '/videos/09082.mp4', '/videos/09083.mp4', '/videos/09084.mp4', '/videos/09085.mp4']"
caption,"['/videos/65303.mp4', '/videos/09095.mp4', '/videos/09087.mp4', '/videos/67471.mp4', '/videos/09088.mp4', '/videos/09089.mp4', '/videos/09091.mp4', '/videos/09092.mp4', '/videos/09093.mp4', '/videos/09094.mp4']"
car,"['/videos/69258.mp4', '/videos/09234.mp4', '/videos/70268.mp4', '/videos/69078.mp4', '/videos/09237.mp4', '/videos/09238.mp4', '/videos/09240.mp4', '/videos/67473.mp4', '/videos/09244.mp4', '/videos/09245.mp4', '/videos/09246.mp4', '/videos/09249.mp4', '/videos/09235.mp4']"
card,"['/videos/65304.mp4', '/videos/09130.mp4', '/videos/09131.mp4', '/videos/09137.mp4', '/videos/09138.mp4', '/videos/09126.mp4', '/videos/09127.mp4', '/videos/09128.mp4', '/videos/09129.mp4']"
cards,"['/videos/09149.mp4', '/videos/09154.mp4', '/videos/09155.mp4', '/videos/09156.mp4', '/videos/09160.mp4', '/videos/65305.mp4', '/videos/09151.mp4', '/videos/09161.mp4', '/videos/09162.mp4', '/videos/09164.mp4', '/videos/09153.mp4']"
care,"['/videos/09197.mp4', '/videos/09199.mp4', '/videos/09200.mp4', '/videos/09202.mp4', '/videos/09209.mp4', '/videos/09210.mp4', '/videos/09211.mp4', '/videos/09212.mp4', '/videos/09214.mp4', '/videos/09198.mp4']"
careful,"['/videos/09178.mp4', '/videos/70200.mp4', '/videos/09184.mp4', '/videos/09185.mp4', '/videos/09186.mp4', '/videos/09187.mp4', '/videos/65307.mp4', '/videos/65306.mp4', '/videos/67475.mp4', '/videos/09188.mp4', '/videos/09179.mp4', '/videos/09180.mp4', '/videos/09181.mp4', '/videos/09182.mp4', '/videos/09183.mp4']"
careless,"['/videos/09215.mp4', '/videos/70201.mp4', '/videos/09224.mp4', '/videos/09216.mp4', '/videos/09217.mp4', '/videos/09219.mp4', '/videos/09220.mp4', '/videos/09222.mp4']"
carnival,"['/videos/09256.mp4', '/videos/09259.mp4', '/videos/09260.mp4', '/videos/09261.mp4', '/videos/09262.mp4', '/videos/09263.mp4', '/videos/09264.mp4']"
carrot,"['/videos/69259.mp4', '/videos/65308.mp4', '/videos/09311.mp4', '/videos/09312.mp4', '/videos/09314.mp4', '/videos/09305.mp4', '/videos/67474.mp4', '/videos/09306.mp4', '/videos/09307.mp4', '/videos/09308.mp4', '/videos/09309.mp4', '/videos/09310.mp4']"
carry,"['/videos/09317.mp4', '/videos/69260.mp4', '/videos/09327.mp4', '/videos/09328.mp4', '/videos/65309.mp4', '/videos/09319.mp4', '/videos/09320.mp4', '/videos/09321.mp4', '/videos/09322.mp4', '/videos/09326.mp4']"
cat,"['/videos/09431.mp4', '/videos/69261.mp4', '/videos/09528.mp4', '/videos/09530.mp4', '/videos/09531.mp4', '/videos/09532.mp4', '/videos/09533.mp4', '/videos/09534.mp4', '/videos/65312.mp4', '/videos/65313.mp4', '/videos/09525.mp4', '/videos/67477.mp4', '/videos/09535.mp4', '/videos/09536.mp4', '/videos/09537.mp4', '/videos/09538.mp4', '/videos/09526.mp4']"
catch,"['/videos/69262.mp4', '/videos/09459.mp4', '/videos/09458.mp4', '/videos/65314.mp4', '/videos/09457.mp4', '/videos/09461.mp4', '/videos/09462.mp4', '/videos/09467.mp4', '/videos/09463.mp4', '/videos/09468.mp4', '/videos/09464.mp4', '/videos/09470.mp4', '/videos/09472.mp4', '/videos/09473.mp4']"
category,"['/videos/09487.mp4', '/videos/09488.mp4', '/videos/09489.mp4', '/videos/09490.mp4', '/videos/09491.mp4', '/videos/09492.mp4', '/videos/09493.mp4', '/videos/09494.mp4', '/videos/09495.mp4']"
caterpillar,"['/videos/09501.mp4', '/videos/09502.mp4', '/videos/09503.mp4', '/videos/09504.mp4', '/videos/09506.mp4', '/videos/09507.mp4']"
catholic,"['/videos/09517.mp4', '/videos/65316.mp4', '/videos/67478.mp4', '/videos/09518.mp4', '/videos/09519.mp4', '/videos/09520.mp4', '/videos/09521.mp4', '/videos/09522.mp4', '/videos/09523.mp4']"
cause,"['/videos/09570.mp4', '/videos/09579.mp4', '/videos/09580.mp4', '/videos/65319.mp4', '/videos/09572.mp4', '/videos/67479.mp4', '/videos/09573.mp4', '/videos/09574.mp4', '/videos/09575.mp4', '/videos/09576.mp4', '/videos/09577.mp4', '/videos/09578.mp4']"
ceiling,"['/videos/09620.mp4', '/videos/65320.mp4', '/videos/09625.mp4', '/videos/09626.mp4', '/videos/09627.mp4', '/videos/09628.mp4', '/videos/09630.mp4', '/videos/09631.mp4']"
celebrate,"['/videos/09632.mp4', '/videos/65321.mp4', '/videos/09633.mp4', '/videos/09634.mp4', '/videos/09635.mp4', '/videos/09636.mp4', '/videos/09637.mp4', '/videos/09638.mp4', '/videos/09639.mp4', '/videos/09640.mp4']"
cemetery,"['/videos/09710.mp4', '/videos/65322.mp4', '/videos/09712.mp4', '/videos/09713.mp4', '/videos/09714.mp4', '/videos/09715.mp4', '/videos/09716.mp4', '/videos/09717.mp4']"
cent,"['/videos/65323.mp4', '/videos/09735.mp4', '/videos/09736.mp4', '/videos/09737.mp4', '/videos/09738.mp4', '/videos/09739.mp4', '/videos/09740.mp4', '/videos/09741.mp4', '/videos/09742.mp4']"
center,"['/videos/09719.mp4', '/videos/09723.mp4', '/videos/09724.mp4', '/videos/09725.mp4', '/videos/09726.mp4', '/videos/09727.mp4', '/videos/09728.mp4', '/videos/65324.mp4', '/videos/67481.mp4', '/videos/09729.mp4', '/videos/09730.mp4', '/videos/09731.mp4', '/videos/09732.mp4', '/videos/09721.mp4', '/videos/09722.mp4']"
cereal,"['/videos/09773.mp4', '/videos/69264.mp4', '/videos/09777.mp4', '/videos/09781.mp4', '/videos/09782.mp4', '/videos/65325.mp4', '/videos/67480.mp4', '/videos/09783.mp4', '/videos/09784.mp4', '/videos/09785.mp4', '/videos/09786.mp4', '/videos/09774.mp4', '/videos/09775.mp4', '/videos/09776.mp4']"
certificate,"['/videos/09805.mp4', '/videos/65326.mp4', '/videos/67482.mp4', '/videos/09806.mp4', '/videos/09807.mp4', '/videos/09808.mp4', '/videos/09809.mp4', '/videos/09810.mp4', '/videos/09811.mp4', '/videos/09812.mp4']"
chain,"['/videos/09834.mp4', '/videos/65327.mp4', '/videos/09835.mp4', '/videos/09836.mp4', '/videos/09837.mp4', '/videos/09838.mp4', '/videos/09839.mp4', '/videos/09840.mp4', '/videos/09841.mp4', '/videos/09842.mp4']"
chair,"['/videos/09847.mp4', '/videos/70230.mp4', '/videos/68580.mp4', '/videos/70263.mp4', '/videos/68019.mp4', '/videos/09865.mp4', '/videos/09866.mp4', '/videos/09848.mp4', '/videos/09867.mp4', '/videos/09869.mp4', '/videos/09849.mp4', '/videos/09850.mp4', '/videos/09851.mp4', '/videos/65328.mp4', '/videos/09853.mp4', '/videos/09854.mp4', '/videos/09855.mp4', '/videos/09856.mp4', '/videos/67483.mp4', '/videos/09857.mp4', '/videos/09858.mp4', '/videos/09859.mp4', '/videos/09860.mp4', '/videos/09861.mp4', '/videos/09862.mp4', '/videos/09863.mp4']"
challenge,"['/videos/09891.mp4', '/videos/09899.mp4', '/videos/09900.mp4', '/videos/65329.mp4', '/videos/67485.mp4', '/videos/09892.mp4', '/videos/09893.mp4', '/videos/09894.mp4', '/videos/09895.mp4', '/videos/09896.mp4', '/videos/09897.mp4', '/videos/09898.mp4']"
champion,"['/videos/09914.mp4', '/videos/09920.mp4', '/videos/09921.mp4', '/videos/09922.mp4', '/videos/09923.mp4', '/videos/65330.mp4', '/videos/09924.mp4', '/videos/09925.mp4', '/videos/09926.mp4', '/videos/09915.mp4', '/videos/09916.mp4', '/videos/09917.mp4', '/videos/09918.mp4', '/videos/09919.mp4']"
chance,"['/videos/09933.mp4', '/videos/09940.mp4', '/videos/09941.mp4', '/videos/65331.mp4', '/videos/67484.mp4', '/videos/09943.mp4', '/videos/09934.mp4', '/videos/09935.mp4', '/videos/09936.mp4', '/videos/09938.mp4']"
change,"['/videos/09945.mp4', '/videos/70379.mp4', '/videos/09966.mp4', '/videos/09967.mp4', '/videos/09968.mp4', '/videos/09950.mp4', '/videos/09969.mp4', '/videos/09970.mp4', '/videos/09953.mp4', '/videos/09954.mp4', '/videos/65332.mp4', '/videos/09955.mp4', '/videos/09956.mp4', '/videos/09957.mp4', '/videos/09949.mp4', '/videos/09960.mp4', '/videos/09961.mp4', '/videos/09962.mp4', '/videos/09963.mp4']"
chapter,"['/videos/10004.mp4', '/videos/69266.mp4', '/videos/10005.mp4', '/videos/10007.mp4', '/videos/10008.mp4', '/videos/10009.mp4', '/videos/10012.mp4', '/videos/10013.mp4']"
character,"['/videos/10014.mp4', '/videos/10021.mp4', '/videos/10022.mp4', '/videos/10023.mp4', '/videos/65334.mp4', '/videos/67488.mp4', '/videos/10015.mp4', '/videos/10016.mp4', '/videos/10017.mp4', '/videos/10019.mp4']"
chase,"['/videos/10088.mp4', '/videos/65337.mp4', '/videos/10089.mp4', '/videos/10090.mp4', '/videos/10091.mp4', '/videos/10092.mp4', '/videos/10093.mp4', '/videos/10094.mp4', '/videos/10095.mp4', '/videos/10096.mp4']"
chat,"['/videos/10099.mp4', '/videos/68020.mp4', '/videos/69056.mp4', '/videos/10104.mp4', '/videos/10105.mp4', '/videos/10106.mp4', '/videos/10107.mp4', '/videos/10108.mp4', '/videos/10109.mp4', '/videos/10111.mp4', '/videos/65338.mp4', '/videos/10102.mp4', '/videos/67487.mp4', '/videos/10112.mp4', '/videos/10114.mp4']"
cheap,"['/videos/10134.mp4', '/videos/10142.mp4', '/videos/10143.mp4', '/videos/65340.mp4', '/videos/10144.mp4', '/videos/10135.mp4', '/videos/10136.mp4', '/videos/10137.mp4', '/videos/10138.mp4', '/videos/10139.mp4', '/videos/10140.mp4', '/videos/10141.mp4']"
cheat,"['/videos/10146.mp4', '/videos/10161.mp4', '/videos/10162.mp4', '/videos/10164.mp4', '/videos/10147.mp4', '/videos/10166.mp4', '/videos/10148.mp4', '/videos/10149.mp4', '/videos/65341.mp4', '/videos/10151.mp4', '/videos/65342.mp4', '/videos/67489.mp4', '/videos/67490.mp4', '/videos/10156.mp4', '/videos/10157.mp4', '/videos/10158.mp4', '/videos/10159.mp4', '/videos/10160.mp4']"
check,"['/videos/65343.mp4', '/videos/10184.mp4', '/videos/10185.mp4', '/videos/10186.mp4', '/videos/10187.mp4', '/videos/10188.mp4', '/videos/10189.mp4', '/videos/10190.mp4', '/videos/10192.mp4', '/videos/10183.mp4', '/videos/67491.mp4', '/videos/10193.mp4', '/videos/10194.mp4', '/videos/10195.mp4', '/videos/10196.mp4', '/videos/10197.mp4', '/videos/10199.mp4']"
cheerleader,"['/videos/10249.mp4', '/videos/65344.mp4', '/videos/10250.mp4', '/videos/10251.mp4', '/videos/10252.mp4', '/videos/10253.mp4', '/videos/10254.mp4']"
cheese,"['/videos/10260.mp4', '/videos/70064.mp4', '/videos/10273.mp4', '/videos/10274.mp4', '/videos/10275.mp4', '/videos/65345.mp4', '/videos/10266.mp4', '/videos/67492.mp4', '/videos/10267.mp4', '/videos/10268.mp4', '/videos/10269.mp4', '/videos/10270.mp4', '/videos/10271.mp4', '/videos/10272.mp4']"
chemical,"['/videos/10295.mp4', '/videos/10296.mp4', '/videos/10297.mp4', '/videos/10298.mp4', '/videos/10299.mp4', '/videos/10300.mp4', '/videos/10301.mp4']"
chemistry,"['/videos/10305.mp4', '/videos/10308.mp4', '/videos/10309.mp4', '/videos/10310.mp4', '/videos/10311.mp4', '/videos/10312.mp4', '/videos/10313.mp4', '/videos/10314.mp4', '/videos/10315.mp4']"
cherry,"['/videos/10335.mp4', '/videos/10345.mp4', '/videos/65347.mp4', '/videos/10337.mp4', '/videos/67493.mp4', '/videos/10339.mp4', '/videos/10340.mp4', '/videos/10343.mp4', '/videos/10344.mp4']"
chicago,"['/videos/10388.mp4', '/videos/67494.mp4', '/videos/10389.mp4', '/videos/10390.mp4', '/videos/10391.mp4', '/videos/10392.mp4', '/videos/10393.mp4']"
chicken,"['/videos/10395.mp4', '/videos/70060.mp4', '/videos/10399.mp4', '/videos/10400.mp4', '/videos/10405.mp4', '/videos/10406.mp4', '/videos/65349.mp4', '/videos/10397.mp4', '/videos/10407.mp4', '/videos/10408.mp4', '/videos/10410.mp4', '/videos/10411.mp4', '/videos/10412.mp4']"
child,"['/videos/10435.mp4', '/videos/10450.mp4', '/videos/10451.mp4', '/videos/10452.mp4', '/videos/65351.mp4', '/videos/10443.mp4', '/videos/10453.mp4', '/videos/10444.mp4', '/videos/10445.mp4', '/videos/10446.mp4', '/videos/10447.mp4', '/videos/10448.mp4', '/videos/10449.mp4']"
children,"['/videos/68800.mp4', '/videos/10464.mp4', '/videos/10465.mp4', '/videos/10466.mp4', '/videos/10467.mp4', '/videos/10469.mp4', '/videos/10470.mp4', '/videos/65352.mp4', '/videos/10461.mp4', '/videos/67495.mp4', '/videos/10471.mp4', '/videos/10472.mp4', '/videos/10473.mp4', '/videos/10474.mp4', '/videos/10462.mp4']"
china,"['/videos/10514.mp4', '/videos/10524.mp4', '/videos/10525.mp4', '/videos/10516.mp4', '/videos/67496.mp4', '/videos/10526.mp4', '/videos/10517.mp4', '/videos/10519.mp4', '/videos/10520.mp4']"
chocolate,"['/videos/10577.mp4', '/videos/10586.mp4', '/videos/10587.mp4', '/videos/65354.mp4', '/videos/10579.mp4', '/videos/67497.mp4', '/videos/10580.mp4', '/videos/10581.mp4', '/videos/10582.mp4', '/videos/10583.mp4', '/videos/10584.mp4', '/videos/10585.mp4']"
choice,"['/videos/10588.mp4', '/videos/10597.mp4', '/videos/10598.mp4', '/videos/10589.mp4', '/videos/10590.mp4', '/videos/10591.mp4', '/videos/10592.mp4', '/videos/10593.mp4', '/videos/10594.mp4', '/videos/10595.mp4', '/videos/10596.mp4']"
choir,"['/videos/10599.mp4', '/videos/10600.mp4', '/videos/10601.mp4', '/videos/10602.mp4', '/videos/10603.mp4', '/videos/10605.mp4', '/videos/10606.mp4', '/videos/10607.mp4']"
choke,"['/videos/10608.mp4', '/videos/10609.mp4', '/videos/10610.mp4', '/videos/10611.mp4', '/videos/10612.mp4', '/videos/10613.mp4', '/videos/10614.mp4']"
choose,"['/videos/10624.mp4', '/videos/10628.mp4', '/videos/10630.mp4', '/videos/10631.mp4', '/videos/10632.mp4', '/videos/10634.mp4', '/videos/10635.mp4', '/videos/10636.mp4', '/videos/10637.mp4', '/videos/10639.mp4', '/videos/10640.mp4', '/videos/10641.mp4', '/videos/10625.mp4']"
chop,"['/videos/65355.mp4', '/videos/10652.mp4', '/videos/10645.mp4', '/videos/10655.mp4', '/videos/10656.mp4', '/videos/10646.mp4', '/videos/10647.mp4', '/videos/10648.mp4', '/videos/10650.mp4']"
christ,"['/videos/10673.mp4', '/videos/10679.mp4', '/videos/10680.mp4', '/videos/10681.mp4', '/videos/10682.mp4', '/videos/10683.mp4', '/videos/10684.mp4']"
christian,"['/videos/10685.mp4', '/videos/65356.mp4', '/videos/10686.mp4', '/videos/10687.mp4', '/videos/10688.mp4', '/videos/10689.mp4', '/videos/10690.mp4', '/videos/10692.mp4', '/videos/10693.mp4']"
christmas,"['/videos/10696.mp4', '/videos/68554.mp4', '/videos/10708.mp4', '/videos/10709.mp4', '/videos/10711.mp4', '/videos/10712.mp4', '/videos/65357.mp4', '/videos/10703.mp4', '/videos/10713.mp4', '/videos/10714.mp4', '/videos/10715.mp4', '/videos/10704.mp4', '/videos/10705.mp4', '/videos/10706.mp4', '/videos/10707.mp4']"
church,"['/videos/10768.mp4', '/videos/68658.mp4', '/videos/10776.mp4', '/videos/10777.mp4', '/videos/65358.mp4', '/videos/67499.mp4', '/videos/10769.mp4', '/videos/10770.mp4', '/videos/10771.mp4', '/videos/10772.mp4', '/videos/10773.mp4', '/videos/10774.mp4', '/videos/10775.mp4']"
cigarette,"['/videos/65359.mp4', '/videos/10786.mp4', '/videos/67500.mp4', '/videos/10787.mp4', '/videos/10788.mp4', '/videos/10789.mp4', '/videos/10790.mp4', '/videos/10791.mp4', '/videos/10792.mp4']"
circle,"['/videos/10810.mp4', '/videos/10820.mp4', '/videos/65360.mp4', '/videos/10813.mp4', '/videos/10814.mp4', '/videos/10815.mp4', '/videos/10816.mp4', '/videos/10817.mp4']"
city,"['/videos/10888.mp4', '/videos/69269.mp4', '/videos/68374.mp4', '/videos/10895.mp4', '/videos/10896.mp4', '/videos/10898.mp4', '/videos/10899.mp4', '/videos/10900.mp4', '/videos/10901.mp4', '/videos/65362.mp4', '/videos/65363.mp4', '/videos/10892.mp4', '/videos/67501.mp4', '/videos/10902.mp4', '/videos/10903.mp4', '/videos/10904.mp4', '/videos/10893.mp4', '/videos/10894.mp4']"
class,"['/videos/10965.mp4', '/videos/69270.mp4', '/videos/68376.mp4', '/videos/68021.mp4', '/videos/68900.mp4', '/videos/10974.mp4', '/videos/10975.mp4', '/videos/10976.mp4', '/videos/65364.mp4', '/videos/10967.mp4', '/videos/67502.mp4', '/videos/10968.mp4', '/videos/10969.mp4', '/videos/10970.mp4', '/videos/10971.mp4', '/videos/10972.mp4', '/videos/10973.mp4']"
classroom,"['/videos/11006.mp4', '/videos/11007.mp4', '/videos/11008.mp4', '/videos/11009.mp4', '/videos/11010.mp4', '/videos/11011.mp4', '/videos/11012.mp4', '/videos/11013.mp4', '/videos/11014.mp4', '/videos/11015.mp4']"
clean,"['/videos/11030.mp4', '/videos/68410.mp4', '/videos/11042.mp4', '/videos/65365.mp4', '/videos/11034.mp4', '/videos/11035.mp4', '/videos/11036.mp4', '/videos/11037.mp4', '/videos/11038.mp4', '/videos/11039.mp4', '/videos/11040.mp4', '/videos/11041.mp4']"
clear,"['/videos/11059.mp4', '/videos/11067.mp4', '/videos/65366.mp4', '/videos/67503.mp4', '/videos/11061.mp4', '/videos/11062.mp4', '/videos/11063.mp4', '/videos/11064.mp4', '/videos/11065.mp4', '/videos/11066.mp4']"
clever,"['/videos/11087.mp4', '/videos/11088.mp4', '/videos/11089.mp4', '/videos/11090.mp4', '/videos/11091.mp4', '/videos/11093.mp4', '/videos/11094.mp4', '/videos/11095.mp4', '/videos/11096.mp4']"
click,"['/videos/11103.mp4', '/videos/11113.mp4', '/videos/11104.mp4', '/videos/11105.mp4', '/videos/11106.mp4', '/videos/11107.mp4', '/videos/11112.mp4']"
climb,"['/videos/11142.mp4', '/videos/11148.mp4', '/videos/11150.mp4', '/videos/11151.mp4', '/videos/11153.mp4', '/videos/11155.mp4', '/videos/11143.mp4', '/videos/11144.mp4', '/videos/11145.mp4', '/videos/11146.mp4']"
clock,"['/videos/11197.mp4', '/videos/11198.mp4', '/videos/11199.mp4', '/videos/11200.mp4', '/videos/11201.mp4', '/videos/11202.mp4', '/videos/11203.mp4', '/videos/11204.mp4', '/videos/11205.mp4', '/videos/11206.mp4', '/videos/67504.mp4', '/videos/11209.mp4', '/videos/11210.mp4', '/videos/11212.mp4', '/videos/11214.mp4']"
close,"['/videos/11252.mp4', '/videos/68654.mp4', '/videos/11254.mp4', '/videos/11255.mp4', '/videos/11256.mp4', '/videos/11257.mp4', '/videos/11259.mp4', '/videos/11260.mp4', '/videos/11261.mp4', '/videos/11262.mp4', '/videos/11264.mp4', '/videos/11265.mp4', '/videos/11267.mp4', '/videos/11268.mp4', '/videos/11253.mp4']"
closet,"['/videos/11292.mp4', '/videos/11293.mp4', '/videos/11284.mp4', '/videos/11285.mp4', '/videos/11286.mp4', '/videos/11287.mp4', '/videos/11288.mp4']"
clothes,"['/videos/11305.mp4', '/videos/68870.mp4', '/videos/68024.mp4', '/videos/11327.mp4', '/videos/11328.mp4', '/videos/11310.mp4', '/videos/11329.mp4', '/videos/11330.mp4', '/videos/11311.mp4', '/videos/11312.mp4', '/videos/11313.mp4', '/videos/11314.mp4', '/videos/11315.mp4', '/videos/11309.mp4', '/videos/11316.mp4', '/videos/11317.mp4', '/videos/11318.mp4', '/videos/11319.mp4', '/videos/11320.mp4', '/videos/11321.mp4', '/videos/11322.mp4', '/videos/11323.mp4', '/videos/11324.mp4', '/videos/11325.mp4', '/videos/11326.mp4']"
cloud,"['/videos/11356.mp4', '/videos/11364.mp4', '/videos/11365.mp4', '/videos/67506.mp4', '/videos/67505.mp4', '/videos/11357.mp4', '/videos/11358.mp4', '/videos/11359.mp4', '/videos/11360.mp4', '/videos/11361.mp4', '/videos/11362.mp4', '/videos/11363.mp4']"
clown,"['/videos/11376.mp4', '/videos/65372.mp4', '/videos/11379.mp4', '/videos/67507.mp4', '/videos/11380.mp4', '/videos/11381.mp4', '/videos/11382.mp4', '/videos/11383.mp4', '/videos/11384.mp4']"
clueless,"['/videos/11408.mp4', '/videos/11409.mp4', '/videos/11412.mp4', '/videos/11413.mp4', '/videos/11414.mp4', '/videos/11415.mp4', '/videos/11416.mp4']"
clumsy,"['/videos/11418.mp4', '/videos/11419.mp4', '/videos/11420.mp4', '/videos/11421.mp4', '/videos/11422.mp4', '/videos/11423.mp4', '/videos/11424.mp4']"
coach,"['/videos/11436.mp4', '/videos/11437.mp4', '/videos/11438.mp4', '/videos/11439.mp4', '/videos/11440.mp4', '/videos/11441.mp4', '/videos/11442.mp4', '/videos/11443.mp4', '/videos/11444.mp4']"
coat,"['/videos/69271.mp4', '/videos/11470.mp4', '/videos/70251.mp4', '/videos/11471.mp4', '/videos/11472.mp4', '/videos/11473.mp4', '/videos/11474.mp4', '/videos/11475.mp4', '/videos/11476.mp4']"
cochlear implant,"['/videos/11497.mp4', '/videos/65373.mp4', '/videos/11498.mp4', '/videos/11499.mp4', '/videos/11500.mp4', '/videos/11501.mp4', '/videos/11502.mp4', '/videos/11503.mp4', '/videos/11504.mp4']"
coconut,"['/videos/65374.mp4', '/videos/11527.mp4', '/videos/67509.mp4', '/videos/11528.mp4', '/videos/11529.mp4', '/videos/11530.mp4', '/videos/11532.mp4', '/videos/11533.mp4', '/videos/11534.mp4']"
coffee,"['/videos/11552.mp4', '/videos/70298.mp4', '/videos/70033.mp4', '/videos/68025.mp4', '/videos/69024.mp4', '/videos/11565.mp4', '/videos/11566.mp4', '/videos/65375.mp4', '/videos/11558.mp4', '/videos/67510.mp4', '/videos/11559.mp4', '/videos/11560.mp4', '/videos/11561.mp4', '/videos/11562.mp4', '/videos/11563.mp4', '/videos/11564.mp4']"
cold,"['/videos/65377.mp4', '/videos/11638.mp4', '/videos/11622.mp4', '/videos/11623.mp4', '/videos/11624.mp4', '/videos/11625.mp4', '/videos/11627.mp4', '/videos/11628.mp4', '/videos/11630.mp4', '/videos/11621.mp4', '/videos/67513.mp4', '/videos/11633.mp4', '/videos/11634.mp4', '/videos/11635.mp4', '/videos/11636.mp4', '/videos/11637.mp4']"
collect,"['/videos/11686.mp4', '/videos/11687.mp4', '/videos/11688.mp4', '/videos/11689.mp4', '/videos/11691.mp4', '/videos/11692.mp4', '/videos/11693.mp4']"
college,"['/videos/11704.mp4', '/videos/68026.mp4', '/videos/70206.mp4', '/videos/11714.mp4', '/videos/11715.mp4', '/videos/11716.mp4', '/videos/11717.mp4', '/videos/65379.mp4', '/videos/11708.mp4', '/videos/67512.mp4', '/videos/11718.mp4', '/videos/11709.mp4', '/videos/11710.mp4', '/videos/11711.mp4', '/videos/11712.mp4', '/videos/11713.mp4']"
color,"['/videos/11752.mp4', '/videos/69274.mp4', '/videos/68202.mp4', '/videos/68027.mp4', '/videos/11771.mp4', '/videos/11772.mp4', '/videos/11773.mp4', '/videos/11774.mp4', '/videos/11775.mp4', '/videos/11776.mp4', '/videos/11767.mp4', '/videos/67514.mp4', '/videos/11777.mp4', '/videos/11778.mp4', '/videos/11779.mp4', '/videos/11780.mp4', '/videos/11768.mp4', '/videos/11769.mp4', '/videos/11770.mp4']"
comb,"['/videos/11812.mp4', '/videos/11827.mp4', '/videos/11828.mp4', '/videos/11819.mp4', '/videos/67515.mp4', '/videos/11820.mp4', '/videos/11821.mp4', '/videos/11822.mp4', '/videos/11823.mp4', '/videos/11824.mp4', '/videos/11826.mp4']"
come,"['/videos/11839.mp4', '/videos/69275.mp4', '/videos/11884.mp4', '/videos/11876.mp4', '/videos/11877.mp4', '/videos/11878.mp4', '/videos/11879.mp4', '/videos/11882.mp4']"
come here,"['/videos/65558.mp4', '/videos/11862.mp4', '/videos/11872.mp4', '/videos/11863.mp4', '/videos/11864.mp4', '/videos/11865.mp4', '/videos/11866.mp4', '/videos/11867.mp4']"
comfortable,"['/videos/11900.mp4', '/videos/11911.mp4', '/videos/65381.mp4', '/videos/11903.mp4', '/videos/11904.mp4', '/videos/11905.mp4', '/videos/11906.mp4', '/videos/11907.mp4', '/videos/11908.mp4', '/videos/11909.mp4', '/videos/11910.mp4']"
comma,"['/videos/11929.mp4', '/videos/11930.mp4', '/videos/11931.mp4', '/videos/11932.mp4', '/videos/11933.mp4', '/videos/11934.mp4', '/videos/11935.mp4']"
command,"['/videos/11936.mp4', '/videos/11950.mp4', '/videos/11951.mp4', '/videos/11942.mp4', '/videos/11952.mp4', '/videos/11943.mp4', '/videos/11944.mp4', '/videos/11946.mp4', '/videos/11947.mp4', '/videos/11948.mp4']"
comment,"['/videos/65382.mp4', '/videos/11971.mp4', '/videos/11972.mp4', '/videos/11973.mp4', '/videos/11974.mp4', '/videos/11977.mp4', '/videos/11978.mp4']"
commit,"['/videos/11994.mp4', '/videos/11995.mp4', '/videos/11996.mp4', '/videos/11997.mp4', '/videos/11998.mp4', '/videos/11999.mp4', '/videos/12000.mp4']"
committee,"['/videos/12004.mp4', '/videos/65383.mp4', '/videos/12005.mp4', '/videos/12006.mp4', '/videos/12007.mp4', '/videos/12008.mp4', '/videos/12010.mp4']"
common,"['/videos/12011.mp4', '/videos/69276.mp4', '/videos/12013.mp4', '/videos/12014.mp4', '/videos/12015.mp4', '/videos/12016.mp4', '/videos/12017.mp4', '/videos/12019.mp4', '/videos/12020.mp4']"
common sense,"['/videos/12022.mp4', '/videos/12023.mp4', '/videos/12024.mp4', '/videos/12025.mp4', '/videos/12026.mp4', '/videos/12027.mp4', '/videos/12028.mp4']"
community,"['/videos/12058.mp4', '/videos/12069.mp4', '/videos/12060.mp4', '/videos/12062.mp4', '/videos/12063.mp4', '/videos/12064.mp4', '/videos/12065.mp4', '/videos/12066.mp4', '/videos/12067.mp4', '/videos/12068.mp4']"
commute,"['/videos/12071.mp4', '/videos/12072.mp4', '/videos/12073.mp4', '/videos/12074.mp4', '/videos/12075.mp4', '/videos/12076.mp4', '/videos/12077.mp4', '/videos/12078.mp4', '/videos/12079.mp4']"
company,"['/videos/12099.mp4', '/videos/12107.mp4', '/videos/12108.mp4', '/videos/12109.mp4', '/videos/12100.mp4', '/videos/12101.mp4', '/videos/12102.mp4', '/videos/12104.mp4']"
compare,"['/videos/12111.mp4', '/videos/12121.mp4', '/videos/12122.mp4', '/videos/65386.mp4', '/videos/12113.mp4', '/videos/12114.mp4', '/videos/12115.mp4', '/videos/12116.mp4', '/videos/12117.mp4', '/videos/12118.mp4', '/videos/12119.mp4', '/videos/12120.mp4']"
compete,"['/videos/12158.mp4', '/videos/12159.mp4', '/videos/12160.mp4', '/videos/12161.mp4', '/videos/12162.mp4', '/videos/12163.mp4', '/videos/12164.mp4']"
complain,"['/videos/12188.mp4', '/videos/12190.mp4', '/videos/12191.mp4', '/videos/12192.mp4', '/videos/12193.mp4', '/videos/12194.mp4', '/videos/12195.mp4', '/videos/12196.mp4', '/videos/12197.mp4', '/videos/12198.mp4']"
complete,"['/videos/12217.mp4', '/videos/12219.mp4', '/videos/12221.mp4', '/videos/12210.mp4', '/videos/12211.mp4', '/videos/12212.mp4', '/videos/12213.mp4']"
complex,"['/videos/12222.mp4', '/videos/12229.mp4', '/videos/12230.mp4', '/videos/12231.mp4', '/videos/65388.mp4', '/videos/65389.mp4', '/videos/67518.mp4', '/videos/12223.mp4', '/videos/12225.mp4', '/videos/12226.mp4', '/videos/12227.mp4', '/videos/12228.mp4']"
compromise,"['/videos/12290.mp4', '/videos/12299.mp4', '/videos/12300.mp4', '/videos/12291.mp4', '/videos/12292.mp4', '/videos/12293.mp4', '/videos/12294.mp4', '/videos/12295.mp4', '/videos/12296.mp4', '/videos/12297.mp4']"
computer,"['/videos/12306.mp4', '/videos/68028.mp4', '/videos/69054.mp4', '/videos/12328.mp4', '/videos/12329.mp4', '/videos/12330.mp4', '/videos/12312.mp4', '/videos/12331.mp4', '/videos/12332.mp4', '/videos/12333.mp4', '/videos/12335.mp4', '/videos/12336.mp4', '/videos/12311.mp4', '/videos/12337.mp4', '/videos/12338.mp4', '/videos/12313.mp4', '/videos/12314.mp4', '/videos/12315.mp4', '/videos/12316.mp4', '/videos/12317.mp4', '/videos/12318.mp4', '/videos/12319.mp4', '/videos/12320.mp4', '/videos/67519.mp4', '/videos/12321.mp4', '/videos/12322.mp4', '/videos/12323.mp4', '/videos/12324.mp4', '/videos/12326.mp4', '/videos/12327.mp4']"
concentrate,"['/videos/12387.mp4', '/videos/12391.mp4', '/videos/12392.mp4', '/videos/12393.mp4', '/videos/12394.mp4', '/videos/12395.mp4', '/videos/12396.mp4']"
concept,"['/videos/12400.mp4', '/videos/12408.mp4', '/videos/65392.mp4', '/videos/67521.mp4', '/videos/12402.mp4', '/videos/12403.mp4', '/videos/12405.mp4', '/videos/12407.mp4']"
concern,"['/videos/12411.mp4', '/videos/65393.mp4', '/videos/12415.mp4', '/videos/12416.mp4', '/videos/12418.mp4', '/videos/12419.mp4', '/videos/12420.mp4', '/videos/12421.mp4']"
conflict,"['/videos/65394.mp4', '/videos/70102.mp4', '/videos/12593.mp4', '/videos/12584.mp4', '/videos/12586.mp4', '/videos/12587.mp4', '/videos/12588.mp4', '/videos/12589.mp4', '/videos/12590.mp4', '/videos/12591.mp4', '/videos/12592.mp4']"
confront,"['/videos/12602.mp4', '/videos/12603.mp4', '/videos/12604.mp4', '/videos/12605.mp4', '/videos/12606.mp4', '/videos/12607.mp4', '/videos/12609.mp4', '/videos/12610.mp4']"
confused,"['/videos/65395.mp4', '/videos/65396.mp4', '/videos/12612.mp4', '/videos/12613.mp4', '/videos/12614.mp4', '/videos/12615.mp4', '/videos/12618.mp4', '/videos/12619.mp4']"
congratulations,"['/videos/12636.mp4', '/videos/67523.mp4', '/videos/12637.mp4', '/videos/12638.mp4', '/videos/12639.mp4', '/videos/12640.mp4', '/videos/12641.mp4']"
congress,"['/videos/12648.mp4', '/videos/12649.mp4', '/videos/12650.mp4', '/videos/12651.mp4', '/videos/12652.mp4', '/videos/12654.mp4', '/videos/12655.mp4', '/videos/12656.mp4']"
connect,"['/videos/12674.mp4', '/videos/65397.mp4', '/videos/12675.mp4', '/videos/12676.mp4', '/videos/12677.mp4', '/videos/12678.mp4', '/videos/12679.mp4', '/videos/12680.mp4']"
conquer,"['/videos/12694.mp4', '/videos/12703.mp4', '/videos/12704.mp4', '/videos/12696.mp4', '/videos/12697.mp4', '/videos/12699.mp4', '/videos/12700.mp4', '/videos/12702.mp4']"
consider,"['/videos/12749.mp4', '/videos/12755.mp4', '/videos/12757.mp4', '/videos/12758.mp4', '/videos/12759.mp4', '/videos/12760.mp4', '/videos/12761.mp4']"
constitution,"['/videos/12806.mp4', '/videos/12809.mp4', '/videos/12810.mp4', '/videos/12811.mp4', '/videos/12812.mp4', '/videos/12813.mp4', '/videos/12814.mp4', '/videos/12815.mp4']"
construct,"['/videos/12819.mp4', '/videos/12820.mp4', '/videos/12822.mp4', '/videos/12823.mp4', '/videos/12824.mp4', '/videos/12825.mp4', '/videos/12826.mp4']"
consume,"['/videos/65398.mp4', '/videos/12863.mp4', '/videos/12855.mp4', '/videos/12857.mp4', '/videos/12858.mp4', '/videos/12860.mp4', '/videos/12861.mp4']"
contact,"['/videos/12870.mp4', '/videos/12878.mp4', '/videos/12879.mp4', '/videos/65399.mp4', '/videos/67524.mp4', '/videos/12871.mp4', '/videos/12872.mp4', '/videos/12873.mp4', '/videos/12874.mp4', '/videos/12875.mp4', '/videos/12876.mp4', '/videos/12877.mp4']"
contest,"['/videos/12941.mp4', '/videos/12942.mp4', '/videos/12943.mp4', '/videos/12944.mp4', '/videos/12945.mp4', '/videos/12946.mp4', '/videos/12947.mp4']"
continue,"['/videos/12967.mp4', '/videos/12975.mp4', '/videos/12976.mp4', '/videos/67525.mp4', '/videos/12977.mp4', '/videos/12968.mp4', '/videos/12969.mp4', '/videos/12970.mp4', '/videos/12971.mp4', '/videos/12972.mp4', '/videos/12973.mp4', '/videos/12974.mp4']"
contract,"['/videos/12986.mp4', '/videos/12987.mp4', '/videos/12988.mp4', '/videos/12990.mp4', '/videos/12991.mp4', '/videos/12992.mp4', '/videos/12993.mp4', '/videos/12994.mp4']"
contribute,"['/videos/13015.mp4', '/videos/13021.mp4', '/videos/13023.mp4', '/videos/13024.mp4', '/videos/13026.mp4', '/videos/13027.mp4', '/videos/13017.mp4', '/videos/13018.mp4', '/videos/13019.mp4', '/videos/13020.mp4']"
control,"['/videos/13040.mp4', '/videos/13042.mp4', '/videos/13043.mp4', '/videos/13044.mp4', '/videos/13045.mp4', '/videos/13046.mp4', '/videos/13047.mp4', '/videos/13048.mp4', '/videos/13049.mp4']"
conversation,"['/videos/13087.mp4', '/videos/13089.mp4', '/videos/13090.mp4', '/videos/13091.mp4', '/videos/13093.mp4', '/videos/13094.mp4', '/videos/13095.mp4']"
convert,"['/videos/13106.mp4', '/videos/13109.mp4', '/videos/13110.mp4', '/videos/13111.mp4', '/videos/13112.mp4', '/videos/13113.mp4', '/videos/13114.mp4']"
convince,"['/videos/13133.mp4', '/videos/13135.mp4', '/videos/13136.mp4', '/videos/13137.mp4', '/videos/13138.mp4', '/videos/13139.mp4', '/videos/13141.mp4', '/videos/65400.mp4', '/videos/65401.mp4', '/videos/13143.mp4', '/videos/13144.mp4', '/videos/13146.mp4', '/videos/13147.mp4', '/videos/13148.mp4', '/videos/13134.mp4']"
cook,"['/videos/13154.mp4', '/videos/70030.mp4', '/videos/68029.mp4', '/videos/69004.mp4', '/videos/13158.mp4', '/videos/13159.mp4', '/videos/13160.mp4', '/videos/13161.mp4', '/videos/13162.mp4', '/videos/67527.mp4', '/videos/13164.mp4', '/videos/13165.mp4', '/videos/13166.mp4', '/videos/13167.mp4', '/videos/13168.mp4', '/videos/13155.mp4', '/videos/13156.mp4', '/videos/13157.mp4']"
cookie,"['/videos/13169.mp4', '/videos/69280.mp4', '/videos/13179.mp4', '/videos/13180.mp4', '/videos/13181.mp4', '/videos/13172.mp4', '/videos/67526.mp4', '/videos/13182.mp4', '/videos/13173.mp4', '/videos/13174.mp4', '/videos/13175.mp4', '/videos/13177.mp4', '/videos/13178.mp4']"
cool,"['/videos/69281.mp4', '/videos/65403.mp4', '/videos/70271.mp4', '/videos/13213.mp4', '/videos/13214.mp4', '/videos/13197.mp4', '/videos/13216.mp4', '/videos/13217.mp4', '/videos/13198.mp4', '/videos/13199.mp4', '/videos/13200.mp4', '/videos/13201.mp4', '/videos/65402.mp4', '/videos/13202.mp4', '/videos/13203.mp4', '/videos/13205.mp4', '/videos/13196.mp4', '/videos/13206.mp4', '/videos/13207.mp4', '/videos/13208.mp4', '/videos/13209.mp4']"
cooperate,"['/videos/13222.mp4', '/videos/13223.mp4', '/videos/13224.mp4', '/videos/13225.mp4', '/videos/13226.mp4', '/videos/13227.mp4', '/videos/13228.mp4']"
cop,"['/videos/13244.mp4', '/videos/13245.mp4', '/videos/13246.mp4', '/videos/13247.mp4', '/videos/13248.mp4', '/videos/13249.mp4', '/videos/13250.mp4', '/videos/13251.mp4', '/videos/13252.mp4', '/videos/13253.mp4']"
copy,"['/videos/13258.mp4', '/videos/68756.mp4', '/videos/13269.mp4', '/videos/13270.mp4', '/videos/13271.mp4', '/videos/13272.mp4', '/videos/13273.mp4', '/videos/13275.mp4', '/videos/65405.mp4', '/videos/67528.mp4', '/videos/13276.mp4', '/videos/13277.mp4', '/videos/13278.mp4', '/videos/13279.mp4', '/videos/13267.mp4', '/videos/13268.mp4']"
corn,"['/videos/13309.mp4', '/videos/69282.mp4', '/videos/13337.mp4', '/videos/13325.mp4', '/videos/13326.mp4', '/videos/13327.mp4', '/videos/13328.mp4', '/videos/13329.mp4', '/videos/13330.mp4', '/videos/13331.mp4', '/videos/65408.mp4', '/videos/65409.mp4', '/videos/13323.mp4', '/videos/67531.mp4', '/videos/67530.mp4', '/videos/13333.mp4', '/videos/13334.mp4', '/videos/13335.mp4', '/videos/13336.mp4']"
corner,"['/videos/13311.mp4', '/videos/70181.mp4', '/videos/13320.mp4', '/videos/65407.mp4', '/videos/13312.mp4', '/videos/13313.mp4', '/videos/13314.mp4', '/videos/13315.mp4', '/videos/13316.mp4', '/videos/13317.mp4', '/videos/13318.mp4', '/videos/13319.mp4']"
correct,"['/videos/13349.mp4', '/videos/13357.mp4', '/videos/13358.mp4', '/videos/65410.mp4', '/videos/13359.mp4', '/videos/13350.mp4', '/videos/13351.mp4', '/videos/13352.mp4', '/videos/13353.mp4', '/videos/13354.mp4', '/videos/13355.mp4', '/videos/13356.mp4']"
cost,"['/videos/13407.mp4', '/videos/13423.mp4', '/videos/13414.mp4', '/videos/13424.mp4', '/videos/13415.mp4', '/videos/13416.mp4', '/videos/13417.mp4', '/videos/13418.mp4', '/videos/13420.mp4']"
couch,"['/videos/13455.mp4', '/videos/13456.mp4', '/videos/13457.mp4', '/videos/13458.mp4', '/videos/13459.mp4', '/videos/13460.mp4', '/videos/13461.mp4', '/videos/13462.mp4', '/videos/13463.mp4', '/videos/13464.mp4']"
cough,"['/videos/13467.mp4', '/videos/13473.mp4', '/videos/13474.mp4', '/videos/13475.mp4', '/videos/13476.mp4', '/videos/65411.mp4', '/videos/67532.mp4', '/videos/13477.mp4', '/videos/13478.mp4', '/videos/13468.mp4', '/videos/13469.mp4', '/videos/13470.mp4', '/videos/13471.mp4', '/videos/13472.mp4']"
counsel,"['/videos/13498.mp4', '/videos/65412.mp4', '/videos/13499.mp4', '/videos/13500.mp4', '/videos/13501.mp4', '/videos/13502.mp4', '/videos/13503.mp4']"
counselor,"['/videos/13507.mp4', '/videos/67533.mp4', '/videos/13508.mp4', '/videos/13509.mp4', '/videos/13510.mp4', '/videos/13511.mp4', '/videos/13512.mp4']"
count,"['/videos/13513.mp4', '/videos/65413.mp4', '/videos/13530.mp4', '/videos/13531.mp4', '/videos/13532.mp4', '/videos/13533.mp4', '/videos/13534.mp4', '/videos/13535.mp4', '/videos/13536.mp4']"
country,"['/videos/13542.mp4', '/videos/13546.mp4', '/videos/13547.mp4', '/videos/13548.mp4', '/videos/13549.mp4', '/videos/13550.mp4', '/videos/65414.mp4', '/videos/67534.mp4', '/videos/13552.mp4', '/videos/13553.mp4', '/videos/13554.mp4', '/videos/13555.mp4', '/videos/13543.mp4', '/videos/13544.mp4', '/videos/13545.mp4']"
court,"['/videos/13604.mp4', '/videos/70157.mp4', '/videos/13618.mp4', '/videos/13619.mp4', '/videos/13621.mp4', '/videos/13622.mp4', '/videos/13623.mp4', '/videos/13624.mp4']"
cousin,"['/videos/65415.mp4', '/videos/70332.mp4', '/videos/68592.mp4', '/videos/13647.mp4', '/videos/13648.mp4', '/videos/13631.mp4', '/videos/13632.mp4', '/videos/13633.mp4', '/videos/13634.mp4', '/videos/13635.mp4', '/videos/13636.mp4', '/videos/13637.mp4', '/videos/13638.mp4', '/videos/13630.mp4', '/videos/13639.mp4', '/videos/67535.mp4', '/videos/13640.mp4', '/videos/13641.mp4', '/videos/13642.mp4', '/videos/13643.mp4', '/videos/13644.mp4', '/videos/13645.mp4', '/videos/13646.mp4']"
cover,"['/videos/13654.mp4', '/videos/13664.mp4', '/videos/65416.mp4', '/videos/13656.mp4', '/videos/13657.mp4', '/videos/13658.mp4', '/videos/13659.mp4', '/videos/13660.mp4', '/videos/13661.mp4', '/videos/13662.mp4', '/videos/13663.mp4']"
cow,"['/videos/13681.mp4', '/videos/69283.mp4', '/videos/13697.mp4', '/videos/13698.mp4', '/videos/13699.mp4', '/videos/13700.mp4', '/videos/13701.mp4', '/videos/13702.mp4', '/videos/13703.mp4', '/videos/13704.mp4', '/videos/13695.mp4', '/videos/67536.mp4', '/videos/13705.mp4', '/videos/13706.mp4', '/videos/13707.mp4', '/videos/13708.mp4', '/videos/13709.mp4', '/videos/13710.mp4', '/videos/13696.mp4']"
crab,"['/videos/13725.mp4', '/videos/13740.mp4', '/videos/13732.mp4', '/videos/13733.mp4', '/videos/13734.mp4', '/videos/13735.mp4', '/videos/13736.mp4', '/videos/13737.mp4']"
cracker,"['/videos/13743.mp4', '/videos/67537.mp4', '/videos/13744.mp4', '/videos/13745.mp4', '/videos/13746.mp4', '/videos/13747.mp4', '/videos/13748.mp4', '/videos/13749.mp4', '/videos/13750.mp4', '/videos/13751.mp4']"
crash,"['/videos/69284.mp4', '/videos/13799.mp4', '/videos/70149.mp4', '/videos/13804.mp4', '/videos/13805.mp4', '/videos/13806.mp4', '/videos/13809.mp4', '/videos/13810.mp4', '/videos/13811.mp4', '/videos/13812.mp4', '/videos/13813.mp4', '/videos/13800.mp4', '/videos/13801.mp4', '/videos/13802.mp4', '/videos/13803.mp4']"
crave,"['/videos/65420.mp4', '/videos/13819.mp4', '/videos/13820.mp4', '/videos/13821.mp4', '/videos/13822.mp4', '/videos/13823.mp4', '/videos/13824.mp4']"
crazy,"['/videos/13850.mp4', '/videos/70363.mp4', '/videos/13861.mp4', '/videos/13862.mp4', '/videos/13863.mp4', '/videos/65421.mp4', '/videos/65422.mp4', '/videos/13854.mp4', '/videos/67539.mp4', '/videos/13855.mp4', '/videos/13856.mp4', '/videos/13857.mp4', '/videos/13858.mp4', '/videos/13859.mp4']"
create,"['/videos/67541.mp4', '/videos/13877.mp4', '/videos/13878.mp4', '/videos/13879.mp4', '/videos/13880.mp4', '/videos/13881.mp4', '/videos/13883.mp4']"
crocodile,"['/videos/65425.mp4', '/videos/14011.mp4', '/videos/67543.mp4', '/videos/14012.mp4', '/videos/14013.mp4', '/videos/14014.mp4', '/videos/14015.mp4']"
cross,"['/videos/14047.mp4', '/videos/14055.mp4', '/videos/67544.mp4', '/videos/14057.mp4', '/videos/14048.mp4', '/videos/14049.mp4', '/videos/14050.mp4', '/videos/14051.mp4']"
crown,"['/videos/14101.mp4', '/videos/14102.mp4', '/videos/14103.mp4', '/videos/14104.mp4', '/videos/14105.mp4', '/videos/14106.mp4', '/videos/14107.mp4']"
cruel,"['/videos/14125.mp4', '/videos/14126.mp4', '/videos/14128.mp4', '/videos/14129.mp4', '/videos/14130.mp4', '/videos/14131.mp4', '/videos/14132.mp4', '/videos/14133.mp4']"
crush,"['/videos/14156.mp4', '/videos/69286.mp4', '/videos/14157.mp4', '/videos/14158.mp4', '/videos/14160.mp4', '/videos/14161.mp4', '/videos/14162.mp4', '/videos/14164.mp4']"
cry,"['/videos/14172.mp4', '/videos/14190.mp4', '/videos/14175.mp4', '/videos/14176.mp4', '/videos/14177.mp4', '/videos/14178.mp4', '/videos/14179.mp4', '/videos/14180.mp4', '/videos/14182.mp4', '/videos/14183.mp4', '/videos/65427.mp4', '/videos/14174.mp4', '/videos/67545.mp4', '/videos/14185.mp4', '/videos/14186.mp4', '/videos/14187.mp4', '/videos/14188.mp4']"
cuba,"['/videos/14202.mp4', '/videos/14203.mp4', '/videos/14204.mp4', '/videos/14205.mp4', '/videos/14207.mp4', '/videos/14209.mp4', '/videos/14211.mp4']"
culture,"['/videos/14253.mp4', '/videos/14257.mp4', '/videos/14261.mp4', '/videos/65428.mp4', '/videos/14263.mp4', '/videos/14265.mp4', '/videos/14266.mp4', '/videos/14267.mp4', '/videos/14254.mp4']"
cup,"['/videos/14276.mp4', '/videos/14294.mp4', '/videos/14295.mp4', '/videos/14296.mp4', '/videos/14287.mp4', '/videos/67546.mp4', '/videos/14297.mp4', '/videos/14298.mp4', '/videos/14288.mp4', '/videos/14289.mp4', '/videos/14290.mp4', '/videos/14291.mp4', '/videos/14292.mp4']"
curious,"['/videos/14311.mp4', '/videos/65429.mp4', '/videos/14312.mp4', '/videos/14313.mp4', '/videos/14314.mp4', '/videos/14315.mp4', '/videos/14316.mp4', '/videos/14317.mp4', '/videos/14318.mp4', '/videos/14319.mp4']"
curriculum,"['/videos/14365.mp4', '/videos/65431.mp4', '/videos/14366.mp4', '/videos/14367.mp4', '/videos/14368.mp4', '/videos/14369.mp4', '/videos/14370.mp4', '/videos/14371.mp4', '/videos/14372.mp4', '/videos/14373.mp4']"
curse,"['/videos/14374.mp4', '/videos/14382.mp4', '/videos/14383.mp4', '/videos/14384.mp4', '/videos/14385.mp4', '/videos/14375.mp4', '/videos/14376.mp4', '/videos/14377.mp4', '/videos/14378.mp4', '/videos/14379.mp4', '/videos/14380.mp4', '/videos/14381.mp4']"
curtain,"['/videos/14390.mp4', '/videos/67547.mp4', '/videos/14392.mp4', '/videos/14393.mp4', '/videos/14394.mp4', '/videos/14395.mp4', '/videos/14396.mp4']"
customer,"['/videos/14431.mp4', '/videos/14432.mp4', '/videos/14433.mp4', '/videos/14435.mp4', '/videos/14436.mp4', '/videos/14437.mp4', '/videos/14438.mp4']"
cut,"['/videos/14466.mp4', '/videos/14485.mp4', '/videos/14467.mp4', '/videos/14471.mp4', '/videos/14472.mp4', '/videos/14473.mp4', '/videos/14474.mp4', '/videos/14477.mp4', '/videos/14478.mp4', '/videos/14479.mp4', '/videos/14481.mp4', '/videos/14482.mp4', '/videos/14484.mp4']"
cute,"['/videos/14450.mp4', '/videos/68652.mp4', '/videos/14455.mp4', '/videos/14456.mp4', '/videos/14457.mp4', '/videos/14458.mp4', '/videos/14459.mp4', '/videos/65432.mp4', '/videos/67549.mp4', '/videos/67548.mp4', '/videos/14460.mp4', '/videos/14461.mp4', '/videos/14451.mp4', '/videos/14452.mp4', '/videos/14453.mp4', '/videos/14454.mp4']"
d,"['/videos/66042.mp4', '/videos/15996.mp4', '/videos/15997.mp4', '/videos/14553.mp4', '/videos/15998.mp4', '/videos/15999.mp4', '/videos/16000.mp4']"
dad,"['/videos/69289.mp4', '/videos/14565.mp4', '/videos/68204.mp4', '/videos/14566.mp4', '/videos/14567.mp4', '/videos/14568.mp4', '/videos/14569.mp4', '/videos/14570.mp4', '/videos/14571.mp4', '/videos/14572.mp4']"
daily,"['/videos/65433.mp4', '/videos/14577.mp4', '/videos/14578.mp4', '/videos/14579.mp4', '/videos/14580.mp4', '/videos/14581.mp4', '/videos/14582.mp4', '/videos/14583.mp4', '/videos/14584.mp4']"
damage,"['/videos/14601.mp4', '/videos/14602.mp4', '/videos/14604.mp4', '/videos/14605.mp4', '/videos/14606.mp4', '/videos/14607.mp4', '/videos/14608.mp4']"
dance,"['/videos/14621.mp4', '/videos/68032.mp4', '/videos/70152.mp4', '/videos/68988.mp4', '/videos/69048.mp4', '/videos/14626.mp4', '/videos/14627.mp4', '/videos/14628.mp4', '/videos/14629.mp4', '/videos/14630.mp4', '/videos/65434.mp4', '/videos/67550.mp4', '/videos/14631.mp4', '/videos/14632.mp4', '/videos/14633.mp4', '/videos/14622.mp4', '/videos/14623.mp4', '/videos/14624.mp4', '/videos/14625.mp4']"
dancer,"['/videos/14634.mp4', '/videos/65436.mp4', '/videos/67551.mp4', '/videos/14635.mp4', '/videos/14636.mp4', '/videos/14637.mp4', '/videos/14638.mp4']"
danger,"['/videos/14644.mp4', '/videos/14645.mp4', '/videos/14646.mp4', '/videos/14647.mp4', '/videos/14648.mp4', '/videos/14649.mp4', '/videos/14650.mp4']"
dangerous,"['/videos/65438.mp4', '/videos/65437.mp4', '/videos/14652.mp4', '/videos/14653.mp4', '/videos/14655.mp4', '/videos/14656.mp4', '/videos/14657.mp4']"
dark,"['/videos/14669.mp4', '/videos/69290.mp4', '/videos/14673.mp4', '/videos/14674.mp4', '/videos/14675.mp4', '/videos/14676.mp4', '/videos/14677.mp4', '/videos/14678.mp4', '/videos/14679.mp4', '/videos/14680.mp4', '/videos/65439.mp4', '/videos/65440.mp4', '/videos/14671.mp4', '/videos/14681.mp4', '/videos/14682.mp4', '/videos/14683.mp4', '/videos/14684.mp4', '/videos/14685.mp4', '/videos/14672.mp4']"
date,"['/videos/65442.mp4', '/videos/14734.mp4', '/videos/14728.mp4', '/videos/14738.mp4', '/videos/14740.mp4', '/videos/14741.mp4', '/videos/14729.mp4', '/videos/14732.mp4']"
daughter,"['/videos/14748.mp4', '/videos/70334.mp4', '/videos/68858.mp4', '/videos/14754.mp4', '/videos/14755.mp4', '/videos/14756.mp4', '/videos/14757.mp4', '/videos/65443.mp4', '/videos/14758.mp4', '/videos/14759.mp4', '/videos/14760.mp4', '/videos/14749.mp4', '/videos/14750.mp4', '/videos/14751.mp4', '/videos/14752.mp4', '/videos/14753.mp4']"
dawn,"['/videos/14772.mp4', '/videos/14773.mp4', '/videos/14774.mp4', '/videos/14775.mp4', '/videos/14776.mp4', '/videos/14777.mp4', '/videos/14778.mp4']"
day,"['/videos/14780.mp4', '/videos/69291.mp4', '/videos/14797.mp4', '/videos/14799.mp4', '/videos/14800.mp4', '/videos/14801.mp4', '/videos/65444.mp4', '/videos/14792.mp4', '/videos/67553.mp4', '/videos/14802.mp4', '/videos/14803.mp4', '/videos/14793.mp4', '/videos/14794.mp4', '/videos/14795.mp4', '/videos/14796.mp4']"
dead,"['/videos/14829.mp4', '/videos/68614.mp4', '/videos/14843.mp4', '/videos/14844.mp4', '/videos/14835.mp4', '/videos/14845.mp4', '/videos/14836.mp4', '/videos/14837.mp4', '/videos/14838.mp4', '/videos/14839.mp4', '/videos/14840.mp4', '/videos/14841.mp4']"
deaf,"['/videos/14855.mp4', '/videos/70015.mp4', '/videos/68586.mp4', '/videos/68033.mp4', '/videos/14899.mp4', '/videos/14900.mp4', '/videos/14882.mp4', '/videos/14901.mp4', '/videos/14903.mp4', '/videos/14883.mp4', '/videos/14884.mp4', '/videos/14885.mp4', '/videos/14886.mp4', '/videos/65445.mp4', '/videos/14887.mp4', '/videos/14888.mp4', '/videos/14889.mp4', '/videos/14891.mp4', '/videos/14893.mp4', '/videos/14894.mp4', '/videos/14895.mp4', '/videos/14896.mp4', '/videos/14898.mp4']"
death,"['/videos/14952.mp4', '/videos/67554.mp4', '/videos/14953.mp4', '/videos/14954.mp4', '/videos/14955.mp4', '/videos/14956.mp4', '/videos/14957.mp4']"
debate,"['/videos/14960.mp4', '/videos/14961.mp4', '/videos/14964.mp4', '/videos/14965.mp4', '/videos/14966.mp4', '/videos/14967.mp4', '/videos/14968.mp4']"
debt,"['/videos/14978.mp4', '/videos/14979.mp4', '/videos/14980.mp4', '/videos/14981.mp4', '/videos/14982.mp4', '/videos/14983.mp4', '/videos/14984.mp4']"
december,"['/videos/15017.mp4', '/videos/15018.mp4', '/videos/15019.mp4', '/videos/15020.mp4', '/videos/15021.mp4', '/videos/15022.mp4', '/videos/15023.mp4', '/videos/15025.mp4']"
decide,"['/videos/15031.mp4', '/videos/70119.mp4', '/videos/15034.mp4', '/videos/15035.mp4', '/videos/15036.mp4', '/videos/15037.mp4', '/videos/15038.mp4', '/videos/15039.mp4', '/videos/15040.mp4', '/videos/65449.mp4', '/videos/65450.mp4', '/videos/67555.mp4', '/videos/67556.mp4', '/videos/15041.mp4', '/videos/15042.mp4', '/videos/15043.mp4', '/videos/15032.mp4', '/videos/15033.mp4']"
decorate,"['/videos/15092.mp4', '/videos/15099.mp4', '/videos/15100.mp4', '/videos/15101.mp4', '/videos/65451.mp4', '/videos/15102.mp4', '/videos/15103.mp4', '/videos/15093.mp4', '/videos/15094.mp4', '/videos/15095.mp4', '/videos/15096.mp4', '/videos/15097.mp4', '/videos/15098.mp4']"
decrease,"['/videos/15118.mp4', '/videos/15110.mp4', '/videos/15120.mp4', '/videos/15111.mp4', '/videos/15112.mp4', '/videos/15114.mp4', '/videos/15115.mp4', '/videos/15116.mp4']"
deduct,"['/videos/15139.mp4', '/videos/15140.mp4', '/videos/15141.mp4', '/videos/15142.mp4', '/videos/15143.mp4', '/videos/15144.mp4', '/videos/15145.mp4', '/videos/15146.mp4']"
deep,"['/videos/15153.mp4', '/videos/15164.mp4', '/videos/15165.mp4', '/videos/15166.mp4', '/videos/65453.mp4', '/videos/15157.mp4', '/videos/67557.mp4', '/videos/15158.mp4', '/videos/15159.mp4', '/videos/15160.mp4', '/videos/15161.mp4', '/videos/15162.mp4', '/videos/15163.mp4']"
deer,"['/videos/15169.mp4', '/videos/69292.mp4', '/videos/15179.mp4', '/videos/15180.mp4', '/videos/15171.mp4', '/videos/67558.mp4', '/videos/15172.mp4', '/videos/15173.mp4', '/videos/15174.mp4', '/videos/15175.mp4', '/videos/15176.mp4', '/videos/15177.mp4', '/videos/15178.mp4']"
defeat,"['/videos/15182.mp4', '/videos/15190.mp4', '/videos/15192.mp4', '/videos/15185.mp4', '/videos/15196.mp4', '/videos/15197.mp4', '/videos/15199.mp4', '/videos/15187.mp4']"
defend,"['/videos/15209.mp4', '/videos/70161.mp4', '/videos/15213.mp4', '/videos/15214.mp4', '/videos/15215.mp4', '/videos/15216.mp4', '/videos/15217.mp4', '/videos/15218.mp4', '/videos/15219.mp4']"
degree,"['/videos/15292.mp4', '/videos/15300.mp4', '/videos/65454.mp4', '/videos/15302.mp4', '/videos/15293.mp4', '/videos/15294.mp4', '/videos/15295.mp4', '/videos/15296.mp4', '/videos/15297.mp4']"
delay,"['/videos/15317.mp4', '/videos/15324.mp4', '/videos/15325.mp4', '/videos/15326.mp4', '/videos/15327.mp4', '/videos/15328.mp4', '/videos/15319.mp4', '/videos/15330.mp4', '/videos/15331.mp4', '/videos/15332.mp4', '/videos/15320.mp4', '/videos/15321.mp4', '/videos/15322.mp4', '/videos/15323.mp4']"
delicious,"['/videos/15363.mp4', '/videos/15364.mp4', '/videos/15365.mp4', '/videos/15366.mp4', '/videos/15368.mp4', '/videos/15369.mp4', '/videos/65457.mp4', '/videos/67559.mp4', '/videos/15370.mp4', '/videos/15372.mp4', '/videos/15373.mp4', '/videos/15374.mp4', '/videos/15361.mp4', '/videos/15362.mp4']"
deliver,"['/videos/15397.mp4', '/videos/15401.mp4', '/videos/15402.mp4', '/videos/15404.mp4', '/videos/15405.mp4', '/videos/15406.mp4', '/videos/15407.mp4']"
demand,"['/videos/15421.mp4', '/videos/15429.mp4', '/videos/15430.mp4', '/videos/65458.mp4', '/videos/67560.mp4', '/videos/15422.mp4', '/videos/15423.mp4', '/videos/15424.mp4', '/videos/15425.mp4', '/videos/15426.mp4', '/videos/15427.mp4', '/videos/15428.mp4']"
democrat,"['/videos/15447.mp4', '/videos/15448.mp4', '/videos/15449.mp4', '/videos/15450.mp4', '/videos/15451.mp4', '/videos/15452.mp4', '/videos/15453.mp4']"
demonstrate,"['/videos/15473.mp4', '/videos/15474.mp4', '/videos/15475.mp4', '/videos/15476.mp4', '/videos/15477.mp4', '/videos/15478.mp4', '/videos/15479.mp4', '/videos/15480.mp4', '/videos/15481.mp4']"
dentist,"['/videos/15527.mp4', '/videos/15534.mp4', '/videos/15535.mp4', '/videos/15536.mp4', '/videos/65460.mp4', '/videos/67561.mp4', '/videos/15537.mp4', '/videos/15528.mp4', '/videos/15529.mp4', '/videos/15530.mp4', '/videos/15531.mp4', '/videos/15532.mp4', '/videos/15533.mp4']"
deny,"['/videos/15546.mp4', '/videos/15554.mp4', '/videos/15555.mp4', '/videos/65461.mp4', '/videos/67562.mp4', '/videos/15547.mp4', '/videos/15548.mp4', '/videos/15549.mp4', '/videos/15550.mp4', '/videos/15551.mp4']"
deodorant,"['/videos/15556.mp4', '/videos/15564.mp4', '/videos/65462.mp4', '/videos/67563.mp4', '/videos/15557.mp4', '/videos/15558.mp4', '/videos/15559.mp4', '/videos/15560.mp4', '/videos/15561.mp4', '/videos/15562.mp4', '/videos/15563.mp4']"
department,"['/videos/15576.mp4', '/videos/15584.mp4', '/videos/15585.mp4', '/videos/65464.mp4', '/videos/67564.mp4', '/videos/15586.mp4', '/videos/15577.mp4', '/videos/15578.mp4', '/videos/15581.mp4']"
depend,"['/videos/15594.mp4', '/videos/15609.mp4', '/videos/15610.mp4', '/videos/65465.mp4', '/videos/15601.mp4', '/videos/15602.mp4', '/videos/15603.mp4', '/videos/15604.mp4', '/videos/15605.mp4', '/videos/15606.mp4', '/videos/15607.mp4', '/videos/15608.mp4']"
deposit,"['/videos/15631.mp4', '/videos/15632.mp4', '/videos/15633.mp4', '/videos/15634.mp4', '/videos/15635.mp4', '/videos/15636.mp4', '/videos/15637.mp4', '/videos/15638.mp4']"
depressed,"['/videos/15647.mp4', '/videos/70111.mp4', '/videos/65466.mp4', '/videos/15648.mp4', '/videos/15649.mp4', '/videos/15650.mp4', '/videos/15651.mp4', '/videos/15652.mp4']"
descend,"['/videos/15691.mp4', '/videos/15704.mp4', '/videos/15695.mp4', '/videos/15696.mp4', '/videos/15698.mp4', '/videos/15701.mp4', '/videos/15702.mp4']"
describe,"['/videos/15705.mp4', '/videos/69294.mp4', '/videos/15706.mp4', '/videos/15707.mp4', '/videos/15708.mp4', '/videos/15709.mp4', '/videos/15710.mp4', '/videos/15711.mp4', '/videos/15712.mp4', '/videos/15713.mp4']"
desert,"['/videos/65467.mp4', '/videos/15728.mp4', '/videos/15729.mp4', '/videos/15730.mp4', '/videos/15721.mp4', '/videos/67565.mp4', '/videos/15731.mp4', '/videos/15732.mp4', '/videos/15723.mp4', '/videos/15724.mp4', '/videos/15725.mp4', '/videos/15726.mp4']"
design,"['/videos/15741.mp4', '/videos/65468.mp4', '/videos/15750.mp4', '/videos/15751.mp4', '/videos/15752.mp4', '/videos/15753.mp4', '/videos/15755.mp4']"
desk,"['/videos/15769.mp4', '/videos/70229.mp4', '/videos/15781.mp4', '/videos/15772.mp4', '/videos/15773.mp4', '/videos/15774.mp4', '/videos/15775.mp4', '/videos/15776.mp4', '/videos/15777.mp4', '/videos/15778.mp4', '/videos/15779.mp4', '/videos/15780.mp4']"
dessert,"['/videos/15807.mp4', '/videos/15815.mp4', '/videos/15816.mp4', '/videos/65470.mp4', '/videos/15817.mp4', '/videos/15808.mp4', '/videos/15809.mp4', '/videos/15810.mp4', '/videos/15811.mp4', '/videos/15812.mp4', '/videos/15813.mp4']"
destroy,"['/videos/15825.mp4', '/videos/15833.mp4', '/videos/65471.mp4', '/videos/15835.mp4', '/videos/15826.mp4', '/videos/15827.mp4', '/videos/15828.mp4', '/videos/15829.mp4', '/videos/15830.mp4', '/videos/15831.mp4', '/videos/15832.mp4']"
detach,"['/videos/15840.mp4', '/videos/15844.mp4', '/videos/15845.mp4', '/videos/15846.mp4', '/videos/15847.mp4', '/videos/15848.mp4', '/videos/15849.mp4', '/videos/15850.mp4']"
detective,"['/videos/15874.mp4', '/videos/70199.mp4', '/videos/15876.mp4', '/videos/15877.mp4', '/videos/15878.mp4', '/videos/15879.mp4', '/videos/15880.mp4']"
determine,"['/videos/15899.mp4', '/videos/15900.mp4', '/videos/15901.mp4', '/videos/15902.mp4', '/videos/15904.mp4', '/videos/15905.mp4', '/videos/15906.mp4', '/videos/15907.mp4']"
develop,"['/videos/15932.mp4', '/videos/15940.mp4', '/videos/15941.mp4', '/videos/65472.mp4', '/videos/65473.mp4', '/videos/15933.mp4', '/videos/15934.mp4', '/videos/15935.mp4', '/videos/15936.mp4', '/videos/15937.mp4', '/videos/15938.mp4', '/videos/15939.mp4']"
devil,"['/videos/15956.mp4', '/videos/65474.mp4', '/videos/67566.mp4', '/videos/15957.mp4', '/videos/15958.mp4', '/videos/15961.mp4', '/videos/15962.mp4']"
diabetes,"['/videos/16001.mp4', '/videos/16002.mp4', '/videos/16004.mp4', '/videos/16005.mp4', '/videos/16006.mp4', '/videos/16007.mp4', '/videos/16008.mp4', '/videos/16009.mp4']"
diamond,"['/videos/16061.mp4', '/videos/16063.mp4', '/videos/16065.mp4', '/videos/16066.mp4', '/videos/65476.mp4', '/videos/67567.mp4', '/videos/16069.mp4', '/videos/16070.mp4', '/videos/16071.mp4', '/videos/16072.mp4', '/videos/16073.mp4']"
diaper,"['/videos/16076.mp4', '/videos/65477.mp4', '/videos/16081.mp4', '/videos/67568.mp4', '/videos/16082.mp4', '/videos/16083.mp4', '/videos/16084.mp4', '/videos/16085.mp4', '/videos/16086.mp4', '/videos/16087.mp4']"
diarrhea,"['/videos/16095.mp4', '/videos/16097.mp4', '/videos/16098.mp4', '/videos/16099.mp4', '/videos/16100.mp4', '/videos/16101.mp4', '/videos/16102.mp4', '/videos/16103.mp4', '/videos/16104.mp4']"
dice,"['/videos/65478.mp4', '/videos/16117.mp4', '/videos/67569.mp4', '/videos/16110.mp4', '/videos/16112.mp4', '/videos/16114.mp4', '/videos/16116.mp4']"
dictionary,"['/videos/16123.mp4', '/videos/16131.mp4', '/videos/16132.mp4', '/videos/16133.mp4', '/videos/16134.mp4', '/videos/16124.mp4', '/videos/16125.mp4', '/videos/16126.mp4', '/videos/16127.mp4', '/videos/16128.mp4', '/videos/16129.mp4', '/videos/16130.mp4']"
die,"['/videos/16155.mp4', '/videos/16167.mp4', '/videos/16168.mp4', '/videos/65479.mp4', '/videos/67571.mp4', '/videos/16161.mp4', '/videos/16162.mp4', '/videos/16164.mp4', '/videos/16165.mp4']"
different,"['/videos/16190.mp4', '/videos/68034.mp4', '/videos/68666.mp4', '/videos/16195.mp4', '/videos/16196.mp4', '/videos/16197.mp4', '/videos/16198.mp4', '/videos/16199.mp4', '/videos/65480.mp4', '/videos/16200.mp4', '/videos/16201.mp4', '/videos/16202.mp4', '/videos/16203.mp4', '/videos/16191.mp4', '/videos/16192.mp4', '/videos/16193.mp4', '/videos/16194.mp4']"
difficult,"['/videos/16211.mp4', '/videos/16212.mp4', '/videos/16213.mp4', '/videos/16214.mp4', '/videos/16216.mp4', '/videos/16219.mp4', '/videos/16220.mp4']"
dig,"['/videos/16225.mp4', '/videos/16239.mp4', '/videos/16231.mp4', '/videos/16241.mp4', '/videos/16233.mp4', '/videos/16235.mp4', '/videos/16236.mp4', '/videos/16237.mp4', '/videos/16238.mp4']"
dime,"['/videos/16267.mp4', '/videos/16268.mp4', '/videos/16269.mp4', '/videos/16270.mp4', '/videos/16271.mp4', '/videos/16272.mp4', '/videos/16273.mp4', '/videos/16274.mp4']"
dining room,"['/videos/16313.mp4', '/videos/16314.mp4', '/videos/16315.mp4', '/videos/16316.mp4', '/videos/16317.mp4', '/videos/16318.mp4', '/videos/16319.mp4']"
dinner,"['/videos/16330.mp4', '/videos/16322.mp4', '/videos/16323.mp4', '/videos/16324.mp4', '/videos/16325.mp4', '/videos/16326.mp4', '/videos/16327.mp4', '/videos/16328.mp4', '/videos/16329.mp4']"
dinosaur,"['/videos/16332.mp4', '/videos/65483.mp4', '/videos/67570.mp4', '/videos/16342.mp4', '/videos/16333.mp4', '/videos/16334.mp4', '/videos/16335.mp4', '/videos/16336.mp4', '/videos/16337.mp4']"
diploma,"['/videos/16350.mp4', '/videos/16351.mp4', '/videos/16352.mp4', '/videos/16353.mp4', '/videos/16354.mp4', '/videos/16355.mp4', '/videos/16356.mp4', '/videos/16357.mp4', '/videos/16358.mp4']"
director,"['/videos/16382.mp4', '/videos/65484.mp4', '/videos/16383.mp4', '/videos/16384.mp4', '/videos/16385.mp4', '/videos/16386.mp4', '/videos/16387.mp4', '/videos/16388.mp4', '/videos/16389.mp4']"
dirt,"['/videos/16392.mp4', '/videos/70374.mp4', '/videos/16394.mp4', '/videos/16396.mp4', '/videos/16397.mp4', '/videos/16398.mp4', '/videos/16399.mp4', '/videos/16400.mp4']"
dirty,"['/videos/16402.mp4', '/videos/69296.mp4', '/videos/16411.mp4', '/videos/16412.mp4', '/videos/65485.mp4', '/videos/16404.mp4', '/videos/67572.mp4', '/videos/16405.mp4', '/videos/16406.mp4', '/videos/16407.mp4', '/videos/16408.mp4', '/videos/16409.mp4', '/videos/16410.mp4']"
disagree,"['/videos/16427.mp4', '/videos/70118.mp4', '/videos/16428.mp4', '/videos/16429.mp4', '/videos/16430.mp4', '/videos/16431.mp4', '/videos/16432.mp4', '/videos/16434.mp4', '/videos/16435.mp4', '/videos/16436.mp4']"
disappear,"['/videos/16437.mp4', '/videos/70153.mp4', '/videos/16441.mp4', '/videos/16442.mp4', '/videos/16443.mp4', '/videos/16444.mp4', '/videos/67574.mp4', '/videos/16447.mp4', '/videos/16448.mp4', '/videos/16449.mp4', '/videos/16450.mp4', '/videos/16438.mp4', '/videos/16439.mp4', '/videos/16440.mp4']"
discipline,"['/videos/16502.mp4', '/videos/16503.mp4', '/videos/16504.mp4', '/videos/16505.mp4', '/videos/16506.mp4', '/videos/16510.mp4', '/videos/16511.mp4']"
disconnect,"['/videos/65489.mp4', '/videos/65488.mp4', '/videos/16525.mp4', '/videos/16526.mp4', '/videos/16527.mp4', '/videos/16528.mp4', '/videos/16529.mp4', '/videos/16530.mp4', '/videos/16531.mp4']"
discount,"['/videos/16540.mp4', '/videos/16541.mp4', '/videos/16542.mp4', '/videos/16543.mp4', '/videos/16544.mp4', '/videos/16545.mp4', '/videos/16546.mp4']"
discover,"['/videos/16560.mp4', '/videos/16561.mp4', '/videos/16562.mp4', '/videos/16563.mp4', '/videos/16564.mp4', '/videos/16565.mp4', '/videos/16567.mp4', '/videos/16568.mp4', '/videos/16569.mp4']"
discuss,"['/videos/16581.mp4', '/videos/16587.mp4', '/videos/16588.mp4', '/videos/16590.mp4', '/videos/16591.mp4', '/videos/16592.mp4', '/videos/16593.mp4', '/videos/65491.mp4', '/videos/16594.mp4', '/videos/16595.mp4', '/videos/16596.mp4', '/videos/16597.mp4', '/videos/16598.mp4', '/videos/16585.mp4', '/videos/16586.mp4']"
disgust,"['/videos/16634.mp4', '/videos/16640.mp4', '/videos/16641.mp4', '/videos/16642.mp4', '/videos/16643.mp4', '/videos/16644.mp4', '/videos/16645.mp4', '/videos/16646.mp4']"
disgusted,"['/videos/65492.mp4', '/videos/70110.mp4', '/videos/16635.mp4', '/videos/16636.mp4', '/videos/16637.mp4', '/videos/16638.mp4', '/videos/16639.mp4']"
dismiss,"['/videos/16699.mp4', '/videos/16703.mp4', '/videos/16704.mp4', '/videos/16705.mp4', '/videos/16706.mp4', '/videos/16707.mp4', '/videos/16708.mp4', '/videos/16709.mp4']"
dissolve,"['/videos/16803.mp4', '/videos/65494.mp4', '/videos/16804.mp4', '/videos/16805.mp4', '/videos/16806.mp4', '/videos/16807.mp4', '/videos/16808.mp4', '/videos/16809.mp4', '/videos/16810.mp4', '/videos/16811.mp4']"
disturb,"['/videos/16872.mp4', '/videos/16873.mp4', '/videos/16874.mp4', '/videos/16877.mp4', '/videos/16878.mp4', '/videos/16879.mp4', '/videos/16880.mp4']"
dive,"['/videos/16889.mp4', '/videos/16896.mp4', '/videos/16897.mp4', '/videos/16898.mp4', '/videos/65495.mp4', '/videos/67576.mp4', '/videos/16899.mp4', '/videos/16890.mp4', '/videos/16891.mp4', '/videos/16892.mp4', '/videos/16893.mp4', '/videos/16894.mp4', '/videos/16895.mp4']"
divide,"['/videos/16922.mp4', '/videos/16934.mp4', '/videos/65499.mp4', '/videos/16925.mp4', '/videos/16935.mp4', '/videos/16936.mp4', '/videos/16926.mp4', '/videos/16927.mp4', '/videos/16928.mp4', '/videos/16930.mp4']"
division,"['/videos/16949.mp4', '/videos/16958.mp4', '/videos/16950.mp4', '/videos/16951.mp4', '/videos/16955.mp4', '/videos/16956.mp4', '/videos/16957.mp4']"
divorce,"['/videos/16961.mp4', '/videos/70341.mp4', '/videos/68426.mp4', '/videos/16966.mp4', '/videos/16968.mp4', '/videos/16971.mp4', '/videos/16972.mp4', '/videos/65500.mp4', '/videos/16963.mp4', '/videos/67577.mp4', '/videos/16973.mp4', '/videos/16975.mp4', '/videos/16976.mp4', '/videos/16965.mp4']"
dizzy,"['/videos/16980.mp4', '/videos/65501.mp4', '/videos/16982.mp4', '/videos/16984.mp4', '/videos/16985.mp4', '/videos/16986.mp4', '/videos/16987.mp4', '/videos/16988.mp4']"
doctor,"['/videos/17007.mp4', '/videos/68842.mp4', '/videos/70049.mp4', '/videos/17015.mp4', '/videos/17016.mp4', '/videos/17017.mp4', '/videos/17018.mp4', '/videos/17019.mp4', '/videos/17020.mp4', '/videos/17022.mp4', '/videos/65503.mp4', '/videos/65504.mp4', '/videos/17013.mp4', '/videos/67579.mp4', '/videos/17023.mp4', '/videos/17024.mp4', '/videos/17025.mp4', '/videos/17026.mp4', '/videos/17014.mp4']"
document,"['/videos/17031.mp4', '/videos/65505.mp4', '/videos/17036.mp4', '/videos/17037.mp4', '/videos/17038.mp4', '/videos/17039.mp4', '/videos/17041.mp4', '/videos/17042.mp4']"
dog,"['/videos/17076.mp4', '/videos/69298.mp4', '/videos/68632.mp4', '/videos/68035.mp4', '/videos/17097.mp4', '/videos/17084.mp4', '/videos/17085.mp4', '/videos/17086.mp4', '/videos/17087.mp4', '/videos/17088.mp4', '/videos/17090.mp4', '/videos/17091.mp4', '/videos/17092.mp4', '/videos/65506.mp4', '/videos/65507.mp4', '/videos/17083.mp4', '/videos/67578.mp4', '/videos/17093.mp4', '/videos/17095.mp4', '/videos/17096.mp4']"
doll,"['/videos/17122.mp4', '/videos/69299.mp4', '/videos/17151.mp4', '/videos/17152.mp4', '/videos/17153.mp4', '/videos/65510.mp4', '/videos/17144.mp4', '/videos/67580.mp4', '/videos/17145.mp4', '/videos/17146.mp4', '/videos/17149.mp4', '/videos/17150.mp4']"
dollar,"['/videos/17123.mp4', '/videos/17130.mp4', '/videos/17132.mp4', '/videos/17133.mp4', '/videos/17134.mp4', '/videos/17135.mp4', '/videos/17124.mp4', '/videos/17125.mp4', '/videos/17126.mp4', '/videos/17127.mp4', '/videos/17128.mp4']"
dolphin,"['/videos/17159.mp4', '/videos/17160.mp4', '/videos/17161.mp4', '/videos/17163.mp4', '/videos/67581.mp4', '/videos/17164.mp4', '/videos/17165.mp4', '/videos/17166.mp4', '/videos/17157.mp4', '/videos/17158.mp4']"
don't want,"['/videos/65518.mp4', '/videos/17298.mp4', '/videos/17300.mp4', '/videos/68356.mp4', '/videos/68037.mp4', '/videos/17301.mp4', '/videos/17302.mp4', '/videos/17303.mp4', '/videos/17306.mp4']"
done,"['/videos/69300.mp4', '/videos/17206.mp4', '/videos/17208.mp4', '/videos/17209.mp4', '/videos/17212.mp4', '/videos/17213.mp4', '/videos/17214.mp4']"
door,"['/videos/17317.mp4', '/videos/70264.mp4', '/videos/68038.mp4', '/videos/17327.mp4', '/videos/17329.mp4', '/videos/17330.mp4', '/videos/17331.mp4', '/videos/17332.mp4', '/videos/17333.mp4', '/videos/65520.mp4', '/videos/17324.mp4', '/videos/67583.mp4', '/videos/17334.mp4', '/videos/17335.mp4', '/videos/17336.mp4', '/videos/17325.mp4', '/videos/17326.mp4']"
dorm,"['/videos/17352.mp4', '/videos/17353.mp4', '/videos/17354.mp4', '/videos/17355.mp4', '/videos/17356.mp4', '/videos/17357.mp4', '/videos/17358.mp4', '/videos/17359.mp4']"
dormitory,"['/videos/17360.mp4', '/videos/65522.mp4', '/videos/67584.mp4', '/videos/17361.mp4', '/videos/17362.mp4', '/videos/17363.mp4', '/videos/17364.mp4', '/videos/17365.mp4']"
double,"['/videos/17374.mp4', '/videos/65523.mp4', '/videos/17377.mp4', '/videos/17378.mp4', '/videos/17379.mp4', '/videos/17380.mp4', '/videos/17381.mp4', '/videos/17382.mp4', '/videos/17383.mp4', '/videos/17384.mp4']"
doubt,"['/videos/17388.mp4', '/videos/17399.mp4', '/videos/65524.mp4', '/videos/17390.mp4', '/videos/67586.mp4', '/videos/17400.mp4', '/videos/17391.mp4', '/videos/17393.mp4', '/videos/17394.mp4', '/videos/17395.mp4']"
down,"['/videos/17422.mp4', '/videos/69301.mp4', '/videos/70045.mp4', '/videos/17436.mp4', '/videos/65526.mp4', '/videos/17428.mp4', '/videos/17429.mp4', '/videos/17430.mp4', '/videos/17431.mp4', '/videos/17432.mp4', '/videos/17433.mp4', '/videos/17434.mp4', '/videos/17435.mp4']"
downstairs,"['/videos/17455.mp4', '/videos/17456.mp4', '/videos/17457.mp4', '/videos/17458.mp4', '/videos/17459.mp4', '/videos/17460.mp4', '/videos/17461.mp4', '/videos/17462.mp4']"
drag,"['/videos/17511.mp4', '/videos/17520.mp4', '/videos/17521.mp4', '/videos/17512.mp4', '/videos/17513.mp4', '/videos/17514.mp4', '/videos/17518.mp4']"
dragon,"['/videos/17529.mp4', '/videos/17530.mp4', '/videos/17531.mp4', '/videos/17532.mp4', '/videos/17533.mp4', '/videos/17534.mp4', '/videos/17535.mp4']"
drama,"['/videos/17557.mp4', '/videos/17559.mp4', '/videos/17560.mp4', '/videos/17561.mp4', '/videos/17562.mp4', '/videos/17563.mp4', '/videos/17564.mp4']"
draw,"['/videos/65531.mp4', '/videos/68039.mp4', '/videos/68782.mp4', '/videos/17600.mp4', '/videos/17601.mp4', '/videos/17602.mp4', '/videos/17594.mp4', '/videos/67588.mp4', '/videos/17604.mp4', '/videos/17605.mp4', '/videos/17607.mp4', '/videos/17595.mp4', '/videos/17596.mp4', '/videos/17597.mp4']"
drawer,"['/videos/17588.mp4', '/videos/17589.mp4', '/videos/65532.mp4', '/videos/67590.mp4', '/videos/17581.mp4', '/videos/17582.mp4', '/videos/17583.mp4', '/videos/17584.mp4', '/videos/17585.mp4', '/videos/17586.mp4', '/videos/17587.mp4']"
dream,"['/videos/17624.mp4', '/videos/17633.mp4', '/videos/17634.mp4', '/videos/17635.mp4', '/videos/17636.mp4', '/videos/65534.mp4', '/videos/65533.mp4', '/videos/17627.mp4', '/videos/67591.mp4', '/videos/17628.mp4', '/videos/17629.mp4']"
dress,"['/videos/65535.mp4', '/videos/68746.mp4', '/videos/68040.mp4', '/videos/70250.mp4', '/videos/17660.mp4', '/videos/17661.mp4', '/videos/17654.mp4', '/videos/67593.mp4', '/videos/17664.mp4', '/videos/17665.mp4', '/videos/17655.mp4', '/videos/17656.mp4', '/videos/17657.mp4', '/videos/17658.mp4', '/videos/17659.mp4']"
drink,"['/videos/69302.mp4', '/videos/65539.mp4', '/videos/70173.mp4', '/videos/68538.mp4', '/videos/68042.mp4', '/videos/68660.mp4', '/videos/68041.mp4', '/videos/17725.mp4', '/videos/17726.mp4', '/videos/17727.mp4', '/videos/17728.mp4', '/videos/17710.mp4', '/videos/17729.mp4', '/videos/17730.mp4', '/videos/17731.mp4', '/videos/17732.mp4', '/videos/17733.mp4', '/videos/65540.mp4', '/videos/17734.mp4', '/videos/17711.mp4', '/videos/17712.mp4', '/videos/17713.mp4', '/videos/17714.mp4', '/videos/17715.mp4', '/videos/17716.mp4', '/videos/17717.mp4', '/videos/17718.mp4', '/videos/17709.mp4', '/videos/67594.mp4', '/videos/17719.mp4', '/videos/17720.mp4', '/videos/17721.mp4', '/videos/17722.mp4', '/videos/17723.mp4', '/videos/17724.mp4']"
drive,"['/videos/17751.mp4', '/videos/68476.mp4', '/videos/70262.mp4', '/videos/17761.mp4', '/videos/17762.mp4', '/videos/17763.mp4', '/videos/17764.mp4', '/videos/17765.mp4', '/videos/17766.mp4', '/videos/65542.mp4', '/videos/17758.mp4', '/videos/17768.mp4', '/videos/17770.mp4', '/videos/17771.mp4', '/videos/17773.mp4']"
drop,"['/videos/65544.mp4', '/videos/17825.mp4', '/videos/17826.mp4', '/videos/17827.mp4', '/videos/17828.mp4', '/videos/17829.mp4', '/videos/17820.mp4', '/videos/67595.mp4', '/videos/17830.mp4', '/videos/17831.mp4', '/videos/17832.mp4', '/videos/17821.mp4', '/videos/17822.mp4', '/videos/17823.mp4', '/videos/17824.mp4']"
drug,"['/videos/17885.mp4', '/videos/17877.mp4', '/videos/17878.mp4', '/videos/17888.mp4', '/videos/17879.mp4', '/videos/17889.mp4', '/videos/17883.mp4']"
drum,"['/videos/17895.mp4', '/videos/69303.mp4', '/videos/65547.mp4', '/videos/67597.mp4', '/videos/17896.mp4', '/videos/17897.mp4', '/videos/17898.mp4', '/videos/17899.mp4', '/videos/17900.mp4']"
drunk,"['/videos/17907.mp4', '/videos/17918.mp4', '/videos/65548.mp4', '/videos/17910.mp4', '/videos/67598.mp4', '/videos/17911.mp4', '/videos/17912.mp4', '/videos/17913.mp4', '/videos/17914.mp4', '/videos/17915.mp4', '/videos/17916.mp4']"
dry,"['/videos/17919.mp4', '/videos/69304.mp4', '/videos/17938.mp4', '/videos/17939.mp4', '/videos/65549.mp4', '/videos/17930.mp4', '/videos/17931.mp4', '/videos/17932.mp4', '/videos/17933.mp4', '/videos/17934.mp4', '/videos/17935.mp4', '/videos/17936.mp4', '/videos/17937.mp4']"
duck,"['/videos/17945.mp4', '/videos/69305.mp4', '/videos/17955.mp4', '/videos/65551.mp4', '/videos/17948.mp4', '/videos/67600.mp4', '/videos/17949.mp4', '/videos/17950.mp4', '/videos/17951.mp4', '/videos/17952.mp4', '/videos/17953.mp4']"
due,"['/videos/17958.mp4', '/videos/65552.mp4', '/videos/17959.mp4', '/videos/17960.mp4', '/videos/17961.mp4', '/videos/17964.mp4', '/videos/17965.mp4']"
dull,"['/videos/17968.mp4', '/videos/17976.mp4', '/videos/17978.mp4', '/videos/17979.mp4', '/videos/17969.mp4', '/videos/17974.mp4', '/videos/17975.mp4']"
dumb,"['/videos/17981.mp4', '/videos/70370.mp4', '/videos/17995.mp4', '/videos/65553.mp4', '/videos/17988.mp4', '/videos/67602.mp4', '/videos/17989.mp4', '/videos/17992.mp4', '/videos/17993.mp4', '/videos/17994.mp4']"
during,"['/videos/18027.mp4', '/videos/70039.mp4', '/videos/18028.mp4', '/videos/18029.mp4', '/videos/18030.mp4', '/videos/18031.mp4', '/videos/18032.mp4', '/videos/18033.mp4', '/videos/18034.mp4', '/videos/18035.mp4', '/videos/18036.mp4']"
dusk,"['/videos/18037.mp4', '/videos/18038.mp4', '/videos/18039.mp4', '/videos/18040.mp4', '/videos/18041.mp4', '/videos/18042.mp4', '/videos/18043.mp4']"
duty,"['/videos/65554.mp4', '/videos/18066.mp4', '/videos/18067.mp4', '/videos/18058.mp4', '/videos/18068.mp4', '/videos/18059.mp4', '/videos/18060.mp4', '/videos/18061.mp4', '/videos/18062.mp4', '/videos/18063.mp4', '/videos/18064.mp4', '/videos/18065.mp4']"
dvd,"['/videos/18069.mp4', '/videos/18070.mp4', '/videos/18071.mp4', '/videos/18072.mp4', '/videos/18073.mp4', '/videos/18074.mp4', '/videos/18075.mp4']"
dye,"['/videos/18090.mp4', '/videos/18091.mp4', '/videos/18092.mp4', '/videos/18093.mp4', '/videos/18094.mp4', '/videos/18095.mp4', '/videos/18096.mp4']"
e,"['/videos/18107.mp4', '/videos/66043.mp4', '/videos/18533.mp4', '/videos/18534.mp4', '/videos/18535.mp4', '/videos/18536.mp4', '/videos/18537.mp4']"
each,"['/videos/18108.mp4', '/videos/18117.mp4', '/videos/18118.mp4', '/videos/18109.mp4', '/videos/18110.mp4', '/videos/18111.mp4', '/videos/18113.mp4', '/videos/18115.mp4', '/videos/18116.mp4']"
eagle,"['/videos/18137.mp4', '/videos/18144.mp4', '/videos/65588.mp4', '/videos/65589.mp4', '/videos/67601.mp4', '/videos/18138.mp4', '/videos/18139.mp4', '/videos/18140.mp4', '/videos/18141.mp4', '/videos/18142.mp4', '/videos/18143.mp4']"
ear,"['/videos/18145.mp4', '/videos/69306.mp4', '/videos/18160.mp4', '/videos/18161.mp4', '/videos/65591.mp4', '/videos/65590.mp4', '/videos/18154.mp4', '/videos/67603.mp4', '/videos/18155.mp4', '/videos/18156.mp4', '/videos/18157.mp4', '/videos/18158.mp4', '/videos/18159.mp4']"
early,"['/videos/18164.mp4', '/videos/18183.mp4', '/videos/18184.mp4', '/videos/18167.mp4', '/videos/18168.mp4', '/videos/18169.mp4', '/videos/18166.mp4', '/videos/18177.mp4', '/videos/18178.mp4', '/videos/18181.mp4', '/videos/18182.mp4']"
earn,"['/videos/18190.mp4', '/videos/18202.mp4', '/videos/18203.mp4', '/videos/18204.mp4', '/videos/65594.mp4', '/videos/18195.mp4', '/videos/67604.mp4', '/videos/18196.mp4', '/videos/18197.mp4', '/videos/18198.mp4', '/videos/18199.mp4', '/videos/18200.mp4', '/videos/18201.mp4']"
earring,"['/videos/18218.mp4', '/videos/18225.mp4', '/videos/18226.mp4', '/videos/18227.mp4', '/videos/65595.mp4', '/videos/67605.mp4', '/videos/18228.mp4', '/videos/18219.mp4', '/videos/18220.mp4', '/videos/18221.mp4', '/videos/18222.mp4', '/videos/18223.mp4', '/videos/18224.mp4']"
earth,"['/videos/18239.mp4', '/videos/18241.mp4', '/videos/67606.mp4', '/videos/18242.mp4', '/videos/18243.mp4', '/videos/18244.mp4', '/videos/18245.mp4', '/videos/18246.mp4', '/videos/18247.mp4', '/videos/18248.mp4']"
earthquake,"['/videos/18253.mp4', '/videos/67608.mp4', '/videos/65596.mp4', '/videos/18261.mp4', '/videos/18254.mp4', '/videos/18255.mp4', '/videos/18256.mp4', '/videos/18257.mp4', '/videos/18258.mp4', '/videos/18259.mp4']"
east,"['/videos/18270.mp4', '/videos/18294.mp4', '/videos/18295.mp4', '/videos/18296.mp4', '/videos/18297.mp4', '/videos/65597.mp4', '/videos/18288.mp4', '/videos/67607.mp4', '/videos/18298.mp4', '/videos/18289.mp4', '/videos/18290.mp4', '/videos/18291.mp4', '/videos/18292.mp4', '/videos/18293.mp4']"
easter,"['/videos/18271.mp4', '/videos/18275.mp4', '/videos/18276.mp4', '/videos/18277.mp4', '/videos/18278.mp4', '/videos/18279.mp4', '/videos/18280.mp4', '/videos/65599.mp4', '/videos/18282.mp4', '/videos/18283.mp4', '/videos/18272.mp4', '/videos/18273.mp4']"
easy,"['/videos/18301.mp4', '/videos/70079.mp4', '/videos/68043.mp4', '/videos/68966.mp4', '/videos/18313.mp4', '/videos/18315.mp4', '/videos/65600.mp4', '/videos/18306.mp4', '/videos/67609.mp4', '/videos/18307.mp4', '/videos/18308.mp4', '/videos/18309.mp4', '/videos/18311.mp4', '/videos/18312.mp4']"
eat,"['/videos/18316.mp4', '/videos/69307.mp4', '/videos/68520.mp4', '/videos/68044.mp4', '/videos/69086.mp4', '/videos/18326.mp4', '/videos/18328.mp4', '/videos/18329.mp4', '/videos/18331.mp4', '/videos/18332.mp4', '/videos/65601.mp4', '/videos/18323.mp4', '/videos/67610.mp4', '/videos/67611.mp4', '/videos/18333.mp4', '/videos/18334.mp4', '/videos/18335.mp4', '/videos/18324.mp4', '/videos/18325.mp4']"
economy,"['/videos/18370.mp4', '/videos/18371.mp4', '/videos/18372.mp4', '/videos/18373.mp4', '/videos/18374.mp4', '/videos/18375.mp4', '/videos/18376.mp4', '/videos/18377.mp4']"
educate,"['/videos/18413.mp4', '/videos/18415.mp4', '/videos/18416.mp4', '/videos/18417.mp4', '/videos/18418.mp4', '/videos/18419.mp4', '/videos/18420.mp4', '/videos/18421.mp4', '/videos/18422.mp4']"
education,"['/videos/18424.mp4', '/videos/65606.mp4', '/videos/18426.mp4', '/videos/18427.mp4', '/videos/18429.mp4', '/videos/18430.mp4', '/videos/18431.mp4', '/videos/18432.mp4']"
effort,"['/videos/18474.mp4', '/videos/18476.mp4', '/videos/18477.mp4', '/videos/18478.mp4', '/videos/18479.mp4', '/videos/18480.mp4', '/videos/18481.mp4', '/videos/18482.mp4']"
egg,"['/videos/18485.mp4', '/videos/70065.mp4', '/videos/18489.mp4', '/videos/18491.mp4', '/videos/18494.mp4', '/videos/65607.mp4', '/videos/67612.mp4', '/videos/18495.mp4', '/videos/18496.mp4', '/videos/18497.mp4', '/videos/18498.mp4', '/videos/18486.mp4', '/videos/18487.mp4', '/videos/18488.mp4']"
egypt,"['/videos/18521.mp4', '/videos/18528.mp4', '/videos/18529.mp4', '/videos/18530.mp4', '/videos/65609.mp4', '/videos/67614.mp4', '/videos/18531.mp4', '/videos/18532.mp4', '/videos/18522.mp4', '/videos/18523.mp4', '/videos/18524.mp4', '/videos/18526.mp4']"
eight,"['/videos/69309.mp4', '/videos/18569.mp4', '/videos/18570.mp4', '/videos/18571.mp4', '/videos/18572.mp4', '/videos/18574.mp4', '/videos/18575.mp4', '/videos/18576.mp4', '/videos/18577.mp4', '/videos/18578.mp4']"
eighteen,"['/videos/65614.mp4', '/videos/18550.mp4', '/videos/18551.mp4', '/videos/18552.mp4', '/videos/18554.mp4', '/videos/18555.mp4', '/videos/18556.mp4', '/videos/18557.mp4']"
either,"['/videos/18640.mp4', '/videos/18649.mp4', '/videos/65617.mp4', '/videos/18643.mp4', '/videos/18644.mp4', '/videos/18646.mp4', '/videos/18647.mp4']"
electrician,"['/videos/18719.mp4', '/videos/65618.mp4', '/videos/67615.mp4', '/videos/18720.mp4', '/videos/18722.mp4', '/videos/18723.mp4', '/videos/18724.mp4', '/videos/18725.mp4', '/videos/18726.mp4']"
electricity,"['/videos/18727.mp4', '/videos/18728.mp4', '/videos/18729.mp4', '/videos/18731.mp4', '/videos/18732.mp4', '/videos/18733.mp4', '/videos/18734.mp4']"
elementary,"['/videos/18755.mp4', '/videos/18756.mp4', '/videos/18757.mp4', '/videos/18758.mp4', '/videos/18759.mp4', '/videos/18760.mp4', '/videos/18761.mp4']"
elephant,"['/videos/18769.mp4', '/videos/18776.mp4', '/videos/18777.mp4', '/videos/18778.mp4', '/videos/65620.mp4', '/videos/67617.mp4', '/videos/18779.mp4', '/videos/18770.mp4', '/videos/18771.mp4', '/videos/18772.mp4', '/videos/18773.mp4', '/videos/18774.mp4', '/videos/18775.mp4']"
elevator,"['/videos/18785.mp4', '/videos/70195.mp4', '/videos/68910.mp4', '/videos/18792.mp4', '/videos/18793.mp4', '/videos/18796.mp4', '/videos/65621.mp4', '/videos/18788.mp4', '/videos/18799.mp4', '/videos/18801.mp4', '/videos/18790.mp4', '/videos/18791.mp4']"
else,"['/videos/18854.mp4', '/videos/18856.mp4', '/videos/18857.mp4', '/videos/18858.mp4', '/videos/18859.mp4', '/videos/18860.mp4', '/videos/18861.mp4']"
email,"['/videos/18873.mp4', '/videos/18875.mp4', '/videos/18876.mp4', '/videos/65625.mp4', '/videos/18877.mp4', '/videos/67618.mp4', '/videos/18871.mp4', '/videos/18878.mp4', '/videos/18879.mp4', '/videos/18880.mp4', '/videos/18882.mp4', '/videos/18883.mp4']"
embarrass,"['/videos/18887.mp4', '/videos/18903.mp4', '/videos/65626.mp4', '/videos/67619.mp4', '/videos/18897.mp4', '/videos/18898.mp4', '/videos/18899.mp4', '/videos/18900.mp4', '/videos/18901.mp4', '/videos/18902.mp4']"
emergency,"['/videos/18939.mp4', '/videos/18942.mp4', '/videos/18944.mp4', '/videos/18946.mp4', '/videos/18948.mp4', '/videos/18949.mp4', '/videos/18950.mp4']"
emotion,"['/videos/18970.mp4', '/videos/18986.mp4', '/videos/18978.mp4', '/videos/67621.mp4', '/videos/18979.mp4', '/videos/18980.mp4', '/videos/18981.mp4', '/videos/18982.mp4', '/videos/18983.mp4', '/videos/18984.mp4']"
empty,"['/videos/19044.mp4', '/videos/19056.mp4', '/videos/19057.mp4', '/videos/65627.mp4', '/videos/19049.mp4', '/videos/19051.mp4', '/videos/19053.mp4', '/videos/19054.mp4', '/videos/19055.mp4']"
encourage,"['/videos/19086.mp4', '/videos/65628.mp4', '/videos/19087.mp4', '/videos/19088.mp4', '/videos/19089.mp4', '/videos/19090.mp4', '/videos/19091.mp4', '/videos/19092.mp4', '/videos/19093.mp4', '/videos/19094.mp4']"
end,"['/videos/19103.mp4', '/videos/19117.mp4', '/videos/19118.mp4', '/videos/19109.mp4', '/videos/19119.mp4', '/videos/19110.mp4', '/videos/19111.mp4', '/videos/19112.mp4', '/videos/19113.mp4', '/videos/19114.mp4', '/videos/19115.mp4', '/videos/19116.mp4']"
energy,"['/videos/19164.mp4', '/videos/65630.mp4', '/videos/19165.mp4', '/videos/19166.mp4', '/videos/19167.mp4', '/videos/19168.mp4', '/videos/19169.mp4', '/videos/19170.mp4', '/videos/19171.mp4', '/videos/19172.mp4']"
engage,"['/videos/65633.mp4', '/videos/19183.mp4', '/videos/19184.mp4', '/videos/19185.mp4', '/videos/19186.mp4', '/videos/19187.mp4', '/videos/19188.mp4', '/videos/19189.mp4']"
engagement,"['/videos/19190.mp4', '/videos/67622.mp4', '/videos/19192.mp4', '/videos/19193.mp4', '/videos/19194.mp4', '/videos/19195.mp4', '/videos/19196.mp4', '/videos/19197.mp4']"
engine,"['/videos/19198.mp4', '/videos/19212.mp4', '/videos/19213.mp4', '/videos/19214.mp4', '/videos/19215.mp4', '/videos/19216.mp4', '/videos/19217.mp4']"
engineer,"['/videos/19199.mp4', '/videos/67623.mp4', '/videos/19200.mp4', '/videos/19202.mp4', '/videos/19203.mp4', '/videos/19204.mp4', '/videos/19206.mp4', '/videos/19207.mp4']"
england,"['/videos/19218.mp4', '/videos/19226.mp4', '/videos/19227.mp4', '/videos/19228.mp4', '/videos/19229.mp4', '/videos/19219.mp4', '/videos/19223.mp4', '/videos/19224.mp4', '/videos/19225.mp4']"
english,"['/videos/19230.mp4', '/videos/68512.mp4', '/videos/68045.mp4', '/videos/19239.mp4', '/videos/65634.mp4', '/videos/19232.mp4', '/videos/67625.mp4', '/videos/19233.mp4', '/videos/19234.mp4', '/videos/19235.mp4', '/videos/19236.mp4', '/videos/19237.mp4', '/videos/19238.mp4']"
enjoy,"['/videos/19255.mp4', '/videos/68344.mp4', '/videos/68046.mp4', '/videos/70051.mp4', '/videos/19261.mp4', '/videos/19262.mp4', '/videos/19263.mp4', '/videos/19264.mp4', '/videos/19265.mp4', '/videos/19266.mp4', '/videos/65635.mp4', '/videos/19257.mp4', '/videos/67624.mp4', '/videos/19267.mp4', '/videos/19268.mp4', '/videos/19269.mp4', '/videos/19258.mp4', '/videos/19259.mp4', '/videos/19260.mp4']"
enormous,"['/videos/19297.mp4', '/videos/19298.mp4', '/videos/19299.mp4', '/videos/19300.mp4', '/videos/19301.mp4', '/videos/19302.mp4', '/videos/19303.mp4']"
enough,"['/videos/19304.mp4', '/videos/19312.mp4', '/videos/65637.mp4', '/videos/67626.mp4', '/videos/19305.mp4', '/videos/19306.mp4', '/videos/19308.mp4', '/videos/19309.mp4', '/videos/19310.mp4', '/videos/19311.mp4']"
enter,"['/videos/19325.mp4', '/videos/70146.mp4', '/videos/19334.mp4', '/videos/19335.mp4', '/videos/19326.mp4', '/videos/19327.mp4', '/videos/19328.mp4', '/videos/19329.mp4', '/videos/19330.mp4', '/videos/19331.mp4', '/videos/19332.mp4', '/videos/19333.mp4']"
envelope,"['/videos/19392.mp4', '/videos/67627.mp4', '/videos/19393.mp4', '/videos/19394.mp4', '/videos/19395.mp4', '/videos/19396.mp4', '/videos/19397.mp4', '/videos/19398.mp4']"
environment,"['/videos/19402.mp4', '/videos/19410.mp4', '/videos/19411.mp4', '/videos/19412.mp4', '/videos/19413.mp4', '/videos/19414.mp4', '/videos/65638.mp4', '/videos/65639.mp4', '/videos/19406.mp4', '/videos/19417.mp4', '/videos/19418.mp4', '/videos/19407.mp4', '/videos/19408.mp4', '/videos/19409.mp4']"
equal,"['/videos/19456.mp4', '/videos/19464.mp4', '/videos/65640.mp4', '/videos/67628.mp4', '/videos/19457.mp4', '/videos/19458.mp4', '/videos/19459.mp4', '/videos/19460.mp4', '/videos/19461.mp4', '/videos/19462.mp4', '/videos/19463.mp4']"
erase,"['/videos/19502.mp4', '/videos/65641.mp4', '/videos/19504.mp4', '/videos/19505.mp4', '/videos/19506.mp4', '/videos/19508.mp4', '/videos/19509.mp4', '/videos/19510.mp4']"
eraser,"['/videos/19512.mp4', '/videos/67629.mp4', '/videos/19513.mp4', '/videos/19514.mp4', '/videos/19515.mp4', '/videos/19516.mp4', '/videos/19517.mp4']"
escape,"['/videos/19556.mp4', '/videos/19563.mp4', '/videos/19564.mp4', '/videos/19565.mp4', '/videos/65644.mp4', '/videos/19566.mp4', '/videos/19567.mp4', '/videos/19557.mp4', '/videos/19558.mp4', '/videos/19559.mp4', '/videos/19560.mp4', '/videos/19561.mp4', '/videos/19562.mp4']"
establish,"['/videos/19611.mp4', '/videos/19614.mp4', '/videos/19615.mp4', '/videos/19616.mp4', '/videos/19618.mp4', '/videos/19619.mp4', '/videos/19620.mp4', '/videos/19621.mp4', '/videos/19622.mp4']"
eternity,"['/videos/19653.mp4', '/videos/19654.mp4', '/videos/19655.mp4', '/videos/19656.mp4', '/videos/19657.mp4', '/videos/19658.mp4', '/videos/19659.mp4', '/videos/19660.mp4']"
europe,"['/videos/19679.mp4', '/videos/19692.mp4', '/videos/19693.mp4', '/videos/19694.mp4', '/videos/19685.mp4', '/videos/67631.mp4', '/videos/19695.mp4', '/videos/19686.mp4', '/videos/19687.mp4', '/videos/19688.mp4', '/videos/19689.mp4', '/videos/19690.mp4']"
evaluate,"['/videos/19703.mp4', '/videos/19712.mp4', '/videos/67630.mp4', '/videos/19713.mp4', '/videos/19704.mp4', '/videos/19705.mp4', '/videos/19706.mp4', '/videos/19707.mp4', '/videos/19708.mp4', '/videos/19710.mp4']"
evening,"['/videos/19739.mp4', '/videos/19742.mp4', '/videos/67632.mp4', '/videos/19743.mp4', '/videos/19744.mp4', '/videos/19746.mp4', '/videos/19747.mp4', '/videos/19748.mp4']"
event,"['/videos/19752.mp4', '/videos/19767.mp4', '/videos/19768.mp4', '/videos/19769.mp4', '/videos/65647.mp4', '/videos/19760.mp4', '/videos/19770.mp4', '/videos/19761.mp4', '/videos/19762.mp4', '/videos/19763.mp4', '/videos/19765.mp4', '/videos/19766.mp4']"
every,"['/videos/19798.mp4', '/videos/69311.mp4', '/videos/65648.mp4', '/videos/19842.mp4', '/videos/19843.mp4', '/videos/19844.mp4', '/videos/19845.mp4', '/videos/19846.mp4', '/videos/19847.mp4', '/videos/19848.mp4', '/videos/19849.mp4']"
every monday,"['/videos/19851.mp4', '/videos/19852.mp4', '/videos/19853.mp4', '/videos/19854.mp4', '/videos/19855.mp4', '/videos/19856.mp4', '/videos/19857.mp4']"
every tuesday,"['/videos/19929.mp4', '/videos/19930.mp4', '/videos/19931.mp4', '/videos/19932.mp4', '/videos/19933.mp4', '/videos/19934.mp4', '/videos/19935.mp4']"
everyday,"['/videos/19812.mp4', '/videos/19816.mp4', '/videos/19817.mp4', '/videos/70040.mp4', '/videos/69070.mp4', '/videos/19820.mp4', '/videos/19813.mp4', '/videos/19818.mp4']"
everything,"['/videos/19909.mp4', '/videos/65649.mp4', '/videos/19911.mp4', '/videos/19912.mp4', '/videos/19913.mp4', '/videos/19915.mp4', '/videos/19916.mp4']"
evidence,"['/videos/19966.mp4', '/videos/19967.mp4', '/videos/19968.mp4', '/videos/19969.mp4', '/videos/19970.mp4', '/videos/19971.mp4', '/videos/19972.mp4', '/videos/19973.mp4', '/videos/19974.mp4', '/videos/19975.mp4']"
exact,"['/videos/20007.mp4', '/videos/70115.mp4', '/videos/65650.mp4', '/videos/20008.mp4', '/videos/20009.mp4', '/videos/20010.mp4', '/videos/20011.mp4', '/videos/20012.mp4', '/videos/20013.mp4', '/videos/20014.mp4']"
exaggerate,"['/videos/20020.mp4', '/videos/20022.mp4', '/videos/20023.mp4', '/videos/20024.mp4', '/videos/20025.mp4', '/videos/20026.mp4', '/videos/20027.mp4', '/videos/20028.mp4', '/videos/20029.mp4', '/videos/20030.mp4']"
example,"['/videos/20064.mp4', '/videos/20067.mp4', '/videos/20068.mp4', '/videos/20070.mp4', '/videos/20071.mp4', '/videos/20072.mp4', '/videos/20073.mp4', '/videos/65652.mp4', '/videos/65653.mp4', '/videos/65654.mp4', '/videos/20074.mp4', '/videos/20075.mp4', '/videos/20076.mp4', '/videos/20077.mp4', '/videos/20066.mp4']"
except,"['/videos/20108.mp4', '/videos/20109.mp4', '/videos/20110.mp4', '/videos/20111.mp4', '/videos/20113.mp4', '/videos/20114.mp4', '/videos/20115.mp4']"
exchange,"['/videos/20137.mp4', '/videos/20144.mp4', '/videos/20145.mp4', '/videos/20146.mp4', '/videos/20147.mp4', '/videos/20148.mp4', '/videos/20149.mp4', '/videos/20139.mp4', '/videos/20141.mp4', '/videos/20142.mp4', '/videos/20143.mp4']"
excited,"['/videos/20152.mp4', '/videos/70286.mp4', '/videos/20160.mp4', '/videos/20161.mp4', '/videos/65655.mp4', '/videos/20162.mp4', '/videos/20153.mp4', '/videos/20154.mp4', '/videos/20157.mp4', '/videos/20158.mp4', '/videos/20159.mp4']"
excuse,"['/videos/20197.mp4', '/videos/65656.mp4', '/videos/67633.mp4', '/videos/20198.mp4', '/videos/20199.mp4', '/videos/20200.mp4', '/videos/20201.mp4', '/videos/20202.mp4', '/videos/20203.mp4']"
exercise,"['/videos/65657.mp4', '/videos/68212.mp4', '/videos/68047.mp4', '/videos/20235.mp4', '/videos/20226.mp4', '/videos/67636.mp4', '/videos/20227.mp4', '/videos/20228.mp4', '/videos/20229.mp4', '/videos/20231.mp4', '/videos/20232.mp4']"
exhibit,"['/videos/20256.mp4', '/videos/20257.mp4', '/videos/20258.mp4', '/videos/20259.mp4', '/videos/20260.mp4', '/videos/20261.mp4', '/videos/20262.mp4']"
expand,"['/videos/20310.mp4', '/videos/20321.mp4', '/videos/20322.mp4', '/videos/20313.mp4', '/videos/20315.mp4', '/videos/20317.mp4', '/videos/20318.mp4', '/videos/20320.mp4']"
expect,"['/videos/20327.mp4', '/videos/20334.mp4', '/videos/20335.mp4', '/videos/20336.mp4', '/videos/20337.mp4', '/videos/20338.mp4', '/videos/20339.mp4', '/videos/20340.mp4', '/videos/20341.mp4', '/videos/20342.mp4']"
expensive,"['/videos/20362.mp4', '/videos/20369.mp4', '/videos/20370.mp4', '/videos/20371.mp4', '/videos/67634.mp4', '/videos/20372.mp4', '/videos/20373.mp4', '/videos/20363.mp4', '/videos/20364.mp4', '/videos/20365.mp4', '/videos/20366.mp4', '/videos/20367.mp4', '/videos/20368.mp4']"
experience,"['/videos/20374.mp4', '/videos/20385.mp4', '/videos/20386.mp4', '/videos/65659.mp4', '/videos/20378.mp4', '/videos/67635.mp4', '/videos/20379.mp4', '/videos/20380.mp4', '/videos/20381.mp4', '/videos/20382.mp4', '/videos/20383.mp4', '/videos/20384.mp4']"
experiment,"['/videos/20387.mp4', '/videos/20396.mp4', '/videos/20397.mp4', '/videos/20398.mp4', '/videos/65660.mp4', '/videos/20390.mp4', '/videos/20400.mp4', '/videos/20401.mp4', '/videos/20392.mp4', '/videos/20393.mp4', '/videos/20394.mp4']"
expert,"['/videos/20402.mp4', '/videos/20409.mp4', '/videos/20411.mp4', '/videos/20412.mp4', '/videos/20413.mp4', '/videos/20414.mp4', '/videos/20403.mp4', '/videos/20404.mp4', '/videos/20406.mp4', '/videos/20407.mp4', '/videos/20408.mp4']"
explain,"['/videos/20434.mp4', '/videos/70218.mp4', '/videos/20442.mp4', '/videos/20443.mp4', '/videos/20444.mp4', '/videos/20445.mp4', '/videos/20435.mp4', '/videos/20436.mp4', '/videos/20437.mp4', '/videos/20438.mp4', '/videos/20439.mp4', '/videos/20440.mp4', '/videos/20441.mp4']"
explode,"['/videos/20455.mp4', '/videos/65662.mp4', '/videos/20456.mp4', '/videos/20457.mp4', '/videos/20458.mp4', '/videos/20459.mp4', '/videos/20460.mp4']"
express,"['/videos/20508.mp4', '/videos/65664.mp4', '/videos/20510.mp4', '/videos/20511.mp4', '/videos/20513.mp4', '/videos/20514.mp4', '/videos/20515.mp4']"
eye,"['/videos/20601.mp4', '/videos/69314.mp4', '/videos/65665.mp4', '/videos/20632.mp4', '/videos/20633.mp4', '/videos/20634.mp4', '/videos/20635.mp4', '/videos/20636.mp4']"
eyeglasses,"['/videos/20621.mp4', '/videos/20629.mp4', '/videos/20630.mp4', '/videos/67638.mp4', '/videos/20631.mp4', '/videos/20622.mp4', '/videos/20623.mp4', '/videos/20624.mp4', '/videos/20626.mp4']"
eyes,"['/videos/65667.mp4', '/videos/20661.mp4', '/videos/67639.mp4', '/videos/20662.mp4', '/videos/20664.mp4', '/videos/20665.mp4', '/videos/20666.mp4', '/videos/20667.mp4']"
f,"['/videos/20670.mp4', '/videos/66044.mp4', '/videos/21568.mp4', '/videos/21569.mp4', '/videos/21570.mp4', '/videos/21571.mp4', '/videos/21572.mp4']"
face,"['/videos/20693.mp4', '/videos/20703.mp4', '/videos/20706.mp4', '/videos/20708.mp4', '/videos/65668.mp4', '/videos/65669.mp4', '/videos/20699.mp4', '/videos/20709.mp4', '/videos/20711.mp4', '/videos/20700.mp4', '/videos/20701.mp4', '/videos/20702.mp4']"
fact,"['/videos/20736.mp4', '/videos/69315.mp4', '/videos/20743.mp4', '/videos/20744.mp4', '/videos/20746.mp4', '/videos/20747.mp4', '/videos/20748.mp4', '/videos/20737.mp4', '/videos/20739.mp4', '/videos/20740.mp4', '/videos/20741.mp4']"
faculty,"['/videos/20765.mp4', '/videos/65671.mp4', '/videos/20766.mp4', '/videos/20767.mp4', '/videos/20768.mp4', '/videos/20769.mp4', '/videos/20770.mp4', '/videos/20771.mp4', '/videos/20772.mp4']"
fail,"['/videos/20792.mp4', '/videos/70100.mp4', '/videos/20801.mp4', '/videos/65672.mp4', '/videos/20793.mp4', '/videos/20794.mp4', '/videos/20795.mp4', '/videos/20796.mp4', '/videos/20797.mp4', '/videos/20798.mp4', '/videos/20799.mp4', '/videos/20800.mp4']"
fairy,"['/videos/20836.mp4', '/videos/20837.mp4', '/videos/20838.mp4', '/videos/20839.mp4', '/videos/20840.mp4', '/videos/20841.mp4', '/videos/20842.mp4']"
fake,"['/videos/20860.mp4', '/videos/20868.mp4', '/videos/20869.mp4', '/videos/65674.mp4', '/videos/20871.mp4', '/videos/20872.mp4', '/videos/20861.mp4', '/videos/20862.mp4']"
fall in love,"['/videos/20922.mp4', '/videos/68234.mp4', '/videos/20923.mp4', '/videos/20924.mp4', '/videos/20925.mp4', '/videos/20927.mp4', '/videos/20928.mp4', '/videos/20930.mp4', '/videos/20931.mp4']"
familiar,"['/videos/20965.mp4', '/videos/20967.mp4', '/videos/20969.mp4', '/videos/20970.mp4', '/videos/20971.mp4', '/videos/20972.mp4', '/videos/20973.mp4']"
family,"['/videos/20976.mp4', '/videos/69316.mp4', '/videos/69016.mp4', '/videos/20980.mp4', '/videos/20981.mp4', '/videos/20982.mp4', '/videos/20983.mp4', '/videos/20984.mp4', '/videos/20985.mp4', '/videos/20986.mp4', '/videos/20987.mp4', '/videos/65677.mp4', '/videos/20978.mp4', '/videos/67642.mp4', '/videos/20988.mp4', '/videos/20989.mp4', '/videos/20990.mp4', '/videos/20991.mp4', '/videos/20992.mp4', '/videos/20979.mp4']"
famous,"['/videos/21008.mp4', '/videos/65678.mp4', '/videos/21009.mp4', '/videos/21010.mp4', '/videos/21011.mp4', '/videos/21012.mp4', '/videos/21013.mp4', '/videos/21014.mp4', '/videos/21015.mp4']"
fancy,"['/videos/21022.mp4', '/videos/21030.mp4', '/videos/21031.mp4', '/videos/65680.mp4', '/videos/21033.mp4', '/videos/21023.mp4', '/videos/21024.mp4', '/videos/21026.mp4', '/videos/21027.mp4', '/videos/21028.mp4']"
far,"['/videos/21052.mp4', '/videos/21073.mp4', '/videos/21074.mp4', '/videos/21075.mp4', '/videos/21076.mp4', '/videos/21077.mp4', '/videos/21078.mp4', '/videos/65682.mp4', '/videos/21069.mp4', '/videos/67643.mp4', '/videos/21079.mp4', '/videos/21080.mp4', '/videos/21081.mp4', '/videos/21070.mp4', '/videos/21071.mp4', '/videos/21072.mp4']"
farm,"['/videos/69317.mp4', '/videos/21100.mp4', '/videos/21101.mp4', '/videos/21103.mp4', '/videos/21104.mp4', '/videos/65685.mp4', '/videos/21106.mp4', '/videos/21096.mp4', '/videos/21099.mp4']"
farmer,"['/videos/21085.mp4', '/videos/21086.mp4', '/videos/21087.mp4', '/videos/21088.mp4', '/videos/21089.mp4', '/videos/21090.mp4', '/videos/21091.mp4', '/videos/21092.mp4']"
fast,"['/videos/65689.mp4', '/videos/21184.mp4', '/videos/21186.mp4', '/videos/21168.mp4', '/videos/21187.mp4', '/videos/21169.mp4', '/videos/21172.mp4', '/videos/65690.mp4', '/videos/21175.mp4', '/videos/65691.mp4', '/videos/67645.mp4', '/videos/21177.mp4', '/videos/21182.mp4']"
fat,"['/videos/65692.mp4', '/videos/21248.mp4', '/videos/21250.mp4', '/videos/21252.mp4', '/videos/21233.mp4', '/videos/21234.mp4', '/videos/21236.mp4', '/videos/21231.mp4', '/videos/21237.mp4', '/videos/21239.mp4', '/videos/67646.mp4', '/videos/21241.mp4', '/videos/21242.mp4', '/videos/21243.mp4', '/videos/21246.mp4']"
father,"['/videos/21202.mp4', '/videos/69318.mp4', '/videos/21220.mp4', '/videos/21221.mp4', '/videos/21205.mp4', '/videos/21207.mp4', '/videos/21209.mp4', '/videos/21210.mp4', '/videos/21212.mp4', '/videos/21204.mp4', '/videos/67647.mp4', '/videos/21217.mp4', '/videos/21218.mp4', '/videos/21219.mp4']"
fault,"['/videos/21272.mp4', '/videos/21275.mp4', '/videos/21276.mp4', '/videos/21277.mp4', '/videos/21280.mp4', '/videos/21281.mp4', '/videos/67649.mp4', '/videos/21282.mp4', '/videos/21283.mp4', '/videos/21284.mp4', '/videos/21285.mp4', '/videos/21286.mp4', '/videos/21273.mp4', '/videos/21274.mp4']"
favorite,"['/videos/21302.mp4', '/videos/68536.mp4', '/videos/21309.mp4', '/videos/21310.mp4', '/videos/65694.mp4', '/videos/67650.mp4', '/videos/21312.mp4', '/videos/21303.mp4', '/videos/21304.mp4', '/videos/21306.mp4']"
fear,"['/videos/21319.mp4', '/videos/21332.mp4', '/videos/21333.mp4', '/videos/21324.mp4', '/videos/21334.mp4', '/videos/21325.mp4', '/videos/21326.mp4', '/videos/21327.mp4', '/videos/21328.mp4', '/videos/21330.mp4', '/videos/21331.mp4']"
february,"['/videos/21355.mp4', '/videos/67651.mp4', '/videos/21356.mp4', '/videos/21358.mp4', '/videos/21359.mp4', '/videos/21360.mp4', '/videos/21361.mp4', '/videos/21363.mp4']"
federal,"['/videos/21368.mp4', '/videos/21370.mp4', '/videos/21371.mp4', '/videos/21372.mp4', '/videos/21373.mp4', '/videos/21374.mp4', '/videos/21375.mp4', '/videos/21376.mp4']"
feed,"['/videos/21393.mp4', '/videos/68582.mp4', '/videos/21417.mp4', '/videos/21408.mp4', '/videos/21409.mp4', '/videos/21410.mp4', '/videos/21411.mp4', '/videos/21412.mp4', '/videos/21413.mp4', '/videos/21414.mp4', '/videos/21415.mp4', '/videos/21416.mp4']"
feedback,"['/videos/21394.mp4', '/videos/21401.mp4', '/videos/21403.mp4', '/videos/65695.mp4', '/videos/21404.mp4', '/videos/21405.mp4', '/videos/21395.mp4', '/videos/21397.mp4', '/videos/21398.mp4', '/videos/21399.mp4', '/videos/21400.mp4']"
feel,"['/videos/21425.mp4', '/videos/69319.mp4', '/videos/21438.mp4', '/videos/21439.mp4', '/videos/21440.mp4', '/videos/21441.mp4', '/videos/65696.mp4', '/videos/21432.mp4', '/videos/67653.mp4', '/videos/21442.mp4', '/videos/21433.mp4', '/videos/21434.mp4', '/videos/21435.mp4', '/videos/21436.mp4', '/videos/21437.mp4']"
fence,"['/videos/21486.mp4', '/videos/65699.mp4', '/videos/21496.mp4', '/videos/21487.mp4', '/videos/21488.mp4', '/videos/21489.mp4', '/videos/21490.mp4', '/videos/21491.mp4', '/videos/21492.mp4']"
festival,"['/videos/21524.mp4', '/videos/68588.mp4', '/videos/21525.mp4', '/videos/21526.mp4', '/videos/21527.mp4', '/videos/21528.mp4', '/videos/21529.mp4']"
few,"['/videos/21548.mp4', '/videos/21557.mp4', '/videos/21558.mp4', '/videos/21559.mp4', '/videos/21551.mp4', '/videos/67652.mp4', '/videos/21561.mp4', '/videos/21562.mp4', '/videos/21563.mp4', '/videos/21552.mp4', '/videos/21554.mp4', '/videos/21555.mp4']"
fight,"['/videos/21689.mp4', '/videos/21709.mp4', '/videos/21710.mp4', '/videos/21695.mp4', '/videos/21697.mp4', '/videos/21699.mp4', '/videos/65711.mp4', '/videos/21694.mp4', '/videos/67655.mp4', '/videos/21704.mp4', '/videos/21706.mp4', '/videos/21707.mp4', '/videos/21708.mp4']"
final,"['/videos/21816.mp4', '/videos/21820.mp4', '/videos/21821.mp4', '/videos/21822.mp4', '/videos/21823.mp4', '/videos/21824.mp4', '/videos/21825.mp4', '/videos/21826.mp4']"
finally,"['/videos/21828.mp4', '/videos/67657.mp4', '/videos/21829.mp4', '/videos/21830.mp4', '/videos/21831.mp4', '/videos/21832.mp4', '/videos/21833.mp4', '/videos/21834.mp4', '/videos/21835.mp4', '/videos/21836.mp4']"
finance,"['/videos/21837.mp4', '/videos/21838.mp4', '/videos/21839.mp4', '/videos/21840.mp4', '/videos/21841.mp4', '/videos/21842.mp4', '/videos/21843.mp4']"
find,"['/videos/69323.mp4', '/videos/68896.mp4', '/videos/70134.mp4', '/videos/21858.mp4', '/videos/21859.mp4', '/videos/21860.mp4', '/videos/67658.mp4', '/videos/21863.mp4', '/videos/21852.mp4', '/videos/21853.mp4', '/videos/21854.mp4', '/videos/21855.mp4', '/videos/21856.mp4']"
fine,"['/videos/65717.mp4', '/videos/70234.mp4', '/videos/68048.mp4', '/videos/21885.mp4', '/videos/21886.mp4', '/videos/21887.mp4', '/videos/21888.mp4', '/videos/21870.mp4', '/videos/21889.mp4', '/videos/21890.mp4', '/videos/21891.mp4', '/videos/21871.mp4', '/videos/21872.mp4', '/videos/21869.mp4', '/videos/21874.mp4', '/videos/21875.mp4', '/videos/21876.mp4', '/videos/21878.mp4', '/videos/67660.mp4', '/videos/67659.mp4', '/videos/21883.mp4', '/videos/21884.mp4']"
fingerspell,"['/videos/21925.mp4', '/videos/68049.mp4', '/videos/68648.mp4', '/videos/21923.mp4', '/videos/21926.mp4', '/videos/21928.mp4', '/videos/21929.mp4']"
finish,"['/videos/21933.mp4', '/videos/70361.mp4', '/videos/68050.mp4', '/videos/68674.mp4', '/videos/68688.mp4', '/videos/21942.mp4', '/videos/21943.mp4', '/videos/21944.mp4', '/videos/21945.mp4', '/videos/21946.mp4', '/videos/21949.mp4', '/videos/21950.mp4', '/videos/65721.mp4', '/videos/21941.mp4', '/videos/67663.mp4', '/videos/21951.mp4', '/videos/21952.mp4', '/videos/21953.mp4', '/videos/21954.mp4', '/videos/21955.mp4', '/videos/21956.mp4']"
fire,"['/videos/22015.mp4', '/videos/22017.mp4', '/videos/22018.mp4', '/videos/67664.mp4', '/videos/22019.mp4', '/videos/22010.mp4', '/videos/22012.mp4']"
firefighter,"['/videos/65726.mp4', '/videos/21993.mp4', '/videos/21994.mp4', '/videos/21998.mp4', '/videos/21999.mp4', '/videos/22000.mp4', '/videos/22003.mp4']"
first,"['/videos/22071.mp4', '/videos/70083.mp4', '/videos/22086.mp4', '/videos/22087.mp4', '/videos/22088.mp4', '/videos/22089.mp4', '/videos/22094.mp4', '/videos/65729.mp4', '/videos/65730.mp4', '/videos/65728.mp4', '/videos/22085.mp4', '/videos/67666.mp4', '/videos/22095.mp4', '/videos/22096.mp4', '/videos/22097.mp4', '/videos/22098.mp4']"
fish,"['/videos/22109.mp4', '/videos/69325.mp4', '/videos/22129.mp4', '/videos/22130.mp4', '/videos/22114.mp4', '/videos/22115.mp4', '/videos/22116.mp4', '/videos/22117.mp4', '/videos/22118.mp4', '/videos/22119.mp4', '/videos/22120.mp4', '/videos/22121.mp4', '/videos/65731.mp4', '/videos/22113.mp4', '/videos/67667.mp4', '/videos/22124.mp4', '/videos/22125.mp4', '/videos/22126.mp4', '/videos/22127.mp4', '/videos/22128.mp4']"
fishing,"['/videos/22131.mp4', '/videos/22138.mp4', '/videos/22139.mp4', '/videos/22140.mp4', '/videos/65732.mp4', '/videos/67668.mp4', '/videos/22141.mp4', '/videos/22132.mp4', '/videos/22133.mp4', '/videos/22134.mp4', '/videos/22135.mp4', '/videos/22136.mp4', '/videos/22137.mp4']"
five,"['/videos/69326.mp4', '/videos/65734.mp4', '/videos/22191.mp4', '/videos/22192.mp4', '/videos/22193.mp4', '/videos/22194.mp4', '/videos/22196.mp4']"
fix,"['/videos/69327.mp4', '/videos/68946.mp4', '/videos/22247.mp4', '/videos/22238.mp4', '/videos/22249.mp4', '/videos/22251.mp4', '/videos/22239.mp4', '/videos/22240.mp4', '/videos/22242.mp4']"
flag,"['/videos/22269.mp4', '/videos/22279.mp4', '/videos/22280.mp4', '/videos/65739.mp4', '/videos/22272.mp4', '/videos/67669.mp4', '/videos/22273.mp4', '/videos/22274.mp4', '/videos/22275.mp4', '/videos/22276.mp4', '/videos/22277.mp4', '/videos/22278.mp4']"
flatter,"['/videos/22356.mp4', '/videos/22357.mp4', '/videos/22358.mp4', '/videos/22359.mp4', '/videos/22361.mp4', '/videos/22362.mp4', '/videos/22363.mp4']"
flexible,"['/videos/22408.mp4', '/videos/22409.mp4', '/videos/22410.mp4', '/videos/22411.mp4', '/videos/22412.mp4', '/videos/22413.mp4', '/videos/22414.mp4', '/videos/22415.mp4', '/videos/22416.mp4']"
flirt,"['/videos/22453.mp4', '/videos/65744.mp4', '/videos/22455.mp4', '/videos/22456.mp4', '/videos/22457.mp4', '/videos/22458.mp4', '/videos/22459.mp4', '/videos/22460.mp4', '/videos/22462.mp4']"
flood,"['/videos/22479.mp4', '/videos/22488.mp4', '/videos/22489.mp4', '/videos/22481.mp4', '/videos/22483.mp4', '/videos/22484.mp4', '/videos/22485.mp4', '/videos/22486.mp4', '/videos/22487.mp4']"
floor,"['/videos/22491.mp4', '/videos/68792.mp4', '/videos/70043.mp4', '/videos/22498.mp4', '/videos/22499.mp4', '/videos/22500.mp4', '/videos/67671.mp4', '/videos/22501.mp4', '/videos/22502.mp4', '/videos/22492.mp4', '/videos/22493.mp4', '/videos/22494.mp4', '/videos/22495.mp4']"
florida,"['/videos/22509.mp4', '/videos/22510.mp4', '/videos/22511.mp4', '/videos/22512.mp4', '/videos/22513.mp4', '/videos/22514.mp4', '/videos/22515.mp4', '/videos/22516.mp4']"
flower,"['/videos/22537.mp4', '/videos/22554.mp4', '/videos/22555.mp4', '/videos/22556.mp4', '/videos/22557.mp4', '/videos/65746.mp4', '/videos/22548.mp4', '/videos/67672.mp4', '/videos/22558.mp4', '/videos/22549.mp4', '/videos/22550.mp4', '/videos/22551.mp4', '/videos/22552.mp4', '/videos/22553.mp4']"
flute,"['/videos/22609.mp4', '/videos/65747.mp4', '/videos/22610.mp4', '/videos/22611.mp4', '/videos/22612.mp4', '/videos/22613.mp4', '/videos/22614.mp4', '/videos/22615.mp4']"
fly,"['/videos/65748.mp4', '/videos/22642.mp4', '/videos/22643.mp4', '/videos/22645.mp4', '/videos/22646.mp4', '/videos/22627.mp4', '/videos/22629.mp4', '/videos/22633.mp4', '/videos/22634.mp4', '/videos/67674.mp4', '/videos/22635.mp4', '/videos/22636.mp4', '/videos/22640.mp4']"
fold,"['/videos/22683.mp4', '/videos/22702.mp4', '/videos/65750.mp4', '/videos/22694.mp4', '/videos/22695.mp4', '/videos/22696.mp4', '/videos/22697.mp4', '/videos/22698.mp4', '/videos/22699.mp4', '/videos/22700.mp4', '/videos/22701.mp4']"
follow,"['/videos/22712.mp4', '/videos/70203.mp4', '/videos/22722.mp4', '/videos/22723.mp4', '/videos/65752.mp4', '/videos/65751.mp4', '/videos/22715.mp4', '/videos/22716.mp4', '/videos/22717.mp4', '/videos/22718.mp4', '/videos/22719.mp4', '/videos/22720.mp4', '/videos/22721.mp4']"
food,"['/videos/22739.mp4', '/videos/69330.mp4', '/videos/68052.mp4', '/videos/70058.mp4', '/videos/22743.mp4', '/videos/22744.mp4', '/videos/22745.mp4', '/videos/22746.mp4', '/videos/22747.mp4', '/videos/22748.mp4', '/videos/22749.mp4', '/videos/22750.mp4']"
fool,"['/videos/65754.mp4', '/videos/22780.mp4', '/videos/22772.mp4', '/videos/22783.mp4', '/videos/22774.mp4', '/videos/22775.mp4', '/videos/22776.mp4']"
football,"['/videos/22798.mp4', '/videos/69331.mp4', '/videos/70129.mp4', '/videos/22818.mp4', '/videos/22803.mp4', '/videos/22804.mp4', '/videos/22805.mp4', '/videos/22806.mp4', '/videos/22809.mp4', '/videos/22810.mp4', '/videos/65755.mp4', '/videos/22802.mp4', '/videos/67673.mp4', '/videos/22814.mp4', '/videos/22815.mp4']"
for,"['/videos/22836.mp4', '/videos/70273.mp4', '/videos/23000.mp4', '/videos/65756.mp4', '/videos/22993.mp4', '/videos/67675.mp4', '/videos/22994.mp4', '/videos/22995.mp4', '/videos/22996.mp4', '/videos/22997.mp4', '/videos/22998.mp4', '/videos/22999.mp4']"
forbid,"['/videos/22840.mp4', '/videos/65757.mp4', '/videos/22844.mp4', '/videos/67676.mp4', '/videos/22845.mp4', '/videos/22846.mp4', '/videos/22847.mp4', '/videos/22848.mp4']"
forest,"['/videos/22907.mp4', '/videos/22919.mp4', '/videos/22920.mp4', '/videos/65759.mp4', '/videos/22911.mp4', '/videos/22912.mp4', '/videos/22913.mp4', '/videos/22914.mp4', '/videos/22916.mp4', '/videos/22917.mp4', '/videos/22918.mp4']"
forever,"['/videos/65760.mp4', '/videos/22926.mp4', '/videos/67679.mp4', '/videos/22927.mp4', '/videos/22928.mp4', '/videos/22929.mp4', '/videos/22930.mp4', '/videos/22931.mp4']"
forget,"['/videos/65761.mp4', '/videos/68053.mp4', '/videos/68692.mp4', '/videos/68054.mp4', '/videos/70376.mp4', '/videos/22954.mp4', '/videos/22955.mp4', '/videos/22956.mp4', '/videos/22959.mp4', '/videos/22960.mp4', '/videos/22961.mp4', '/videos/22962.mp4', '/videos/22963.mp4', '/videos/22964.mp4', '/videos/22965.mp4', '/videos/22966.mp4', '/videos/22967.mp4', '/videos/22952.mp4', '/videos/22953.mp4']"
forgive,"['/videos/22973.mp4', '/videos/22974.mp4', '/videos/22975.mp4', '/videos/22976.mp4', '/videos/22977.mp4', '/videos/22978.mp4', '/videos/22980.mp4']"
fork,"['/videos/23002.mp4', '/videos/70319.mp4', '/videos/23011.mp4', '/videos/23012.mp4', '/videos/65762.mp4', '/videos/23005.mp4', '/videos/23006.mp4', '/videos/23008.mp4', '/videos/23009.mp4']"
form,"['/videos/23042.mp4', '/videos/23047.mp4', '/videos/23049.mp4', '/videos/23050.mp4', '/videos/23051.mp4', '/videos/23053.mp4', '/videos/23054.mp4', '/videos/23055.mp4', '/videos/23056.mp4', '/videos/23043.mp4', '/videos/23045.mp4', '/videos/23046.mp4']"
former,"['/videos/23029.mp4', '/videos/23038.mp4', '/videos/65764.mp4', '/videos/23030.mp4', '/videos/23031.mp4', '/videos/23034.mp4', '/videos/23035.mp4']"
four,"['/videos/69333.mp4', '/videos/65768.mp4', '/videos/23199.mp4', '/videos/67683.mp4', '/videos/23200.mp4', '/videos/23201.mp4', '/videos/23202.mp4', '/videos/23204.mp4', '/videos/23205.mp4']"
fourth,"['/videos/23237.mp4', '/videos/65774.mp4', '/videos/23239.mp4', '/videos/23240.mp4', '/videos/23241.mp4', '/videos/23243.mp4', '/videos/23245.mp4', '/videos/23246.mp4']"
fox,"['/videos/23273.mp4', '/videos/23281.mp4', '/videos/65775.mp4', '/videos/67682.mp4', '/videos/23274.mp4', '/videos/23275.mp4', '/videos/23276.mp4', '/videos/23277.mp4', '/videos/23278.mp4', '/videos/23279.mp4']"
france,"['/videos/23326.mp4', '/videos/23335.mp4', '/videos/23336.mp4', '/videos/23337.mp4', '/videos/65777.mp4', '/videos/23328.mp4', '/videos/67684.mp4', '/videos/23338.mp4', '/videos/23330.mp4', '/videos/23331.mp4', '/videos/23333.mp4']"
free,"['/videos/23395.mp4', '/videos/23414.mp4', '/videos/23415.mp4', '/videos/65778.mp4', '/videos/23416.mp4', '/videos/23407.mp4', '/videos/23411.mp4', '/videos/23412.mp4']"
freeway,"['/videos/23432.mp4', '/videos/23434.mp4', '/videos/23425.mp4', '/videos/23426.mp4', '/videos/23427.mp4', '/videos/23428.mp4', '/videos/23431.mp4']"
freeze,"['/videos/23439.mp4', '/videos/23450.mp4', '/videos/23451.mp4', '/videos/65779.mp4', '/videos/23442.mp4', '/videos/23443.mp4', '/videos/23444.mp4', '/videos/23445.mp4', '/videos/23446.mp4', '/videos/23447.mp4', '/videos/23448.mp4', '/videos/23449.mp4']"
french,"['/videos/23479.mp4', '/videos/68055.mp4', '/videos/68822.mp4', '/videos/67688.mp4', '/videos/23489.mp4', '/videos/23481.mp4', '/videos/23482.mp4', '/videos/23483.mp4', '/videos/23485.mp4', '/videos/23486.mp4']"
french fries,"['/videos/23469.mp4', '/videos/23470.mp4', '/videos/65780.mp4', '/videos/23471.mp4', '/videos/23472.mp4', '/videos/23473.mp4', '/videos/23474.mp4', '/videos/23475.mp4']"
friday,"['/videos/23541.mp4', '/videos/70027.mp4', '/videos/23546.mp4', '/videos/23548.mp4', '/videos/23550.mp4', '/videos/65781.mp4', '/videos/67690.mp4', '/videos/23551.mp4', '/videos/23542.mp4', '/videos/23543.mp4', '/videos/23544.mp4', '/videos/23545.mp4']"
friend,"['/videos/23567.mp4', '/videos/68214.mp4', '/videos/70342.mp4', '/videos/68952.mp4', '/videos/23574.mp4', '/videos/23575.mp4', '/videos/23576.mp4', '/videos/65782.mp4', '/videos/67691.mp4', '/videos/23577.mp4', '/videos/23578.mp4', '/videos/23568.mp4', '/videos/23569.mp4', '/videos/23570.mp4', '/videos/23572.mp4', '/videos/23573.mp4']"
friendly,"['/videos/23579.mp4', '/videos/70257.mp4', '/videos/23586.mp4', '/videos/23587.mp4', '/videos/23588.mp4', '/videos/65783.mp4', '/videos/67692.mp4', '/videos/23589.mp4', '/videos/23580.mp4', '/videos/23581.mp4', '/videos/23582.mp4', '/videos/23583.mp4', '/videos/23584.mp4', '/videos/23585.mp4']"
frog,"['/videos/23626.mp4', '/videos/23634.mp4', '/videos/65784.mp4', '/videos/67693.mp4', '/videos/23627.mp4', '/videos/23628.mp4', '/videos/23629.mp4', '/videos/23630.mp4', '/videos/23631.mp4', '/videos/23632.mp4', '/videos/23633.mp4']"
from,"['/videos/23637.mp4', '/videos/69337.mp4', '/videos/70020.mp4', '/videos/23645.mp4', '/videos/65785.mp4', '/videos/67694.mp4', '/videos/23638.mp4', '/videos/23639.mp4', '/videos/23640.mp4', '/videos/23641.mp4', '/videos/23642.mp4', '/videos/23643.mp4', '/videos/23644.mp4']"
from now on,"['/videos/23646.mp4', '/videos/23647.mp4', '/videos/23648.mp4', '/videos/23649.mp4', '/videos/23650.mp4', '/videos/23651.mp4', '/videos/23652.mp4']"
front,"['/videos/70163.mp4', '/videos/23672.mp4', '/videos/23673.mp4', '/videos/65786.mp4', '/videos/23664.mp4', '/videos/67695.mp4', '/videos/23665.mp4', '/videos/23666.mp4', '/videos/23667.mp4', '/videos/23668.mp4', '/videos/23669.mp4', '/videos/23670.mp4']"
fruit,"['/videos/23708.mp4', '/videos/23709.mp4', '/videos/65789.mp4', '/videos/23701.mp4', '/videos/67696.mp4', '/videos/23702.mp4', '/videos/23703.mp4', '/videos/23704.mp4', '/videos/23705.mp4', '/videos/23706.mp4']"
full,"['/videos/65792.mp4', '/videos/70029.mp4', '/videos/23782.mp4', '/videos/23771.mp4', '/videos/23772.mp4', '/videos/23773.mp4', '/videos/23774.mp4', '/videos/23775.mp4', '/videos/23766.mp4', '/videos/23776.mp4', '/videos/23777.mp4', '/videos/67697.mp4', '/videos/23778.mp4', '/videos/23779.mp4', '/videos/23780.mp4', '/videos/23767.mp4', '/videos/23768.mp4', '/videos/23769.mp4']"
fun,"['/videos/23799.mp4', '/videos/69338.mp4', '/videos/23859.mp4', '/videos/65793.mp4', '/videos/23851.mp4', '/videos/23852.mp4', '/videos/23853.mp4', '/videos/23855.mp4', '/videos/23857.mp4']"
function,"['/videos/65796.mp4', '/videos/23811.mp4', '/videos/23802.mp4', '/videos/23804.mp4', '/videos/23805.mp4', '/videos/23806.mp4', '/videos/23807.mp4', '/videos/23808.mp4', '/videos/23809.mp4', '/videos/23810.mp4']"
funeral,"['/videos/23838.mp4', '/videos/23840.mp4', '/videos/23841.mp4', '/videos/23842.mp4', '/videos/23843.mp4', '/videos/23844.mp4', '/videos/23845.mp4', '/videos/23846.mp4', '/videos/23847.mp4']"
funny,"['/videos/23865.mp4', '/videos/23876.mp4', '/videos/23877.mp4', '/videos/23868.mp4', '/videos/23878.mp4', '/videos/23869.mp4', '/videos/23870.mp4', '/videos/23871.mp4', '/videos/23872.mp4', '/videos/23873.mp4', '/videos/23875.mp4']"
furniture,"['/videos/23900.mp4', '/videos/70044.mp4', '/videos/23906.mp4', '/videos/23907.mp4', '/videos/23909.mp4', '/videos/67699.mp4', '/videos/23910.mp4', '/videos/23913.mp4', '/videos/23902.mp4']"
future,"['/videos/23945.mp4', '/videos/69060.mp4', '/videos/23951.mp4', '/videos/23952.mp4', '/videos/23953.mp4', '/videos/23954.mp4', '/videos/65798.mp4', '/videos/65797.mp4', '/videos/67700.mp4', '/videos/23955.mp4', '/videos/23956.mp4', '/videos/23946.mp4', '/videos/23947.mp4', '/videos/23948.mp4', '/videos/23949.mp4']"
g,"['/videos/23959.mp4', '/videos/66045.mp4', '/videos/24523.mp4', '/videos/24524.mp4', '/videos/24525.mp4', '/videos/24526.mp4', '/videos/24527.mp4']"
gallaudet,"['/videos/23986.mp4', '/videos/65799.mp4', '/videos/67701.mp4', '/videos/23987.mp4', '/videos/23989.mp4', '/videos/23990.mp4', '/videos/23991.mp4', '/videos/23992.mp4', '/videos/23993.mp4']"
gamble,"['/videos/24013.mp4', '/videos/24014.mp4', '/videos/24015.mp4', '/videos/24016.mp4', '/videos/24018.mp4', '/videos/24019.mp4', '/videos/24021.mp4', '/videos/24022.mp4']"
game,"['/videos/24023.mp4', '/videos/68242.mp4', '/videos/68798.mp4', '/videos/68056.mp4', '/videos/24032.mp4', '/videos/24033.mp4', '/videos/65800.mp4', '/videos/24025.mp4', '/videos/67702.mp4', '/videos/24026.mp4', '/videos/24027.mp4', '/videos/24028.mp4', '/videos/24029.mp4', '/videos/24030.mp4', '/videos/24031.mp4']"
gang,"['/videos/24042.mp4', '/videos/24043.mp4', '/videos/24044.mp4', '/videos/24045.mp4', '/videos/24046.mp4', '/videos/24047.mp4', '/videos/24048.mp4']"
garage,"['/videos/24056.mp4', '/videos/70042.mp4', '/videos/65801.mp4', '/videos/67703.mp4', '/videos/24057.mp4', '/videos/24058.mp4', '/videos/24059.mp4', '/videos/24060.mp4', '/videos/24061.mp4', '/videos/24062.mp4', '/videos/24063.mp4']"
gas,"['/videos/65802.mp4', '/videos/24127.mp4', '/videos/24119.mp4', '/videos/67705.mp4', '/videos/24120.mp4', '/videos/24121.mp4', '/videos/24122.mp4', '/videos/24125.mp4']"
gasoline,"['/videos/24130.mp4', '/videos/24131.mp4', '/videos/24133.mp4', '/videos/24134.mp4', '/videos/24136.mp4', '/videos/24137.mp4', '/videos/24138.mp4', '/videos/24139.mp4']"
gather,"['/videos/24165.mp4', '/videos/24174.mp4', '/videos/65803.mp4', '/videos/24175.mp4', '/videos/24176.mp4', '/videos/24166.mp4', '/videos/24167.mp4', '/videos/24169.mp4', '/videos/24170.mp4', '/videos/24171.mp4']"
gay,"['/videos/65804.mp4', '/videos/24199.mp4', '/videos/67704.mp4', '/videos/24201.mp4', '/videos/24203.mp4', '/videos/24194.mp4', '/videos/24195.mp4']"
general,"['/videos/24249.mp4', '/videos/24258.mp4', '/videos/24259.mp4', '/videos/24250.mp4', '/videos/24251.mp4', '/videos/24252.mp4', '/videos/24253.mp4', '/videos/24256.mp4', '/videos/24257.mp4']"
generation,"['/videos/24267.mp4', '/videos/65805.mp4', '/videos/24268.mp4', '/videos/24269.mp4', '/videos/24270.mp4', '/videos/24271.mp4', '/videos/24273.mp4', '/videos/24274.mp4']"
geography,"['/videos/24328.mp4', '/videos/24329.mp4', '/videos/24330.mp4', '/videos/24331.mp4', '/videos/24332.mp4', '/videos/24334.mp4', '/videos/24335.mp4', '/videos/24337.mp4']"
geometry,"['/videos/24343.mp4', '/videos/24344.mp4', '/videos/24345.mp4', '/videos/24346.mp4', '/videos/24347.mp4', '/videos/24348.mp4', '/videos/24349.mp4']"
german,"['/videos/24367.mp4', '/videos/24368.mp4', '/videos/24370.mp4', '/videos/24371.mp4', '/videos/24372.mp4', '/videos/24373.mp4', '/videos/24374.mp4', '/videos/24375.mp4']"
germany,"['/videos/24376.mp4', '/videos/24385.mp4', '/videos/24386.mp4', '/videos/65806.mp4', '/videos/24378.mp4', '/videos/67706.mp4', '/videos/24379.mp4', '/videos/24381.mp4', '/videos/24382.mp4', '/videos/24383.mp4']"
get,"['/videos/24405.mp4', '/videos/69341.mp4', '/videos/70055.mp4', '/videos/24445.mp4', '/videos/24447.mp4', '/videos/65808.mp4', '/videos/24438.mp4', '/videos/67707.mp4', '/videos/24439.mp4', '/videos/24440.mp4', '/videos/24441.mp4', '/videos/24443.mp4', '/videos/24444.mp4']"
get up,"['/videos/65814.mp4', '/videos/24498.mp4', '/videos/24499.mp4', '/videos/24500.mp4', '/videos/24501.mp4', '/videos/24502.mp4', '/videos/24503.mp4']"
ghost,"['/videos/24514.mp4', '/videos/65815.mp4', '/videos/24515.mp4', '/videos/24516.mp4', '/videos/24517.mp4', '/videos/24518.mp4', '/videos/24519.mp4', '/videos/24520.mp4', '/videos/24522.mp4']"
gift,"['/videos/24539.mp4', '/videos/24547.mp4', '/videos/24548.mp4', '/videos/24551.mp4', '/videos/24553.mp4', '/videos/24554.mp4', '/videos/24555.mp4']"
giraffe,"['/videos/24580.mp4', '/videos/24588.mp4', '/videos/24589.mp4', '/videos/65816.mp4', '/videos/67708.mp4', '/videos/24581.mp4', '/videos/24582.mp4', '/videos/24583.mp4', '/videos/24584.mp4', '/videos/24585.mp4', '/videos/24586.mp4', '/videos/24587.mp4']"
girl,"['/videos/24590.mp4', '/videos/69342.mp4', '/videos/68840.mp4', '/videos/24612.mp4', '/videos/24613.mp4', '/videos/24614.mp4', '/videos/65817.mp4', '/videos/24605.mp4', '/videos/67709.mp4', '/videos/24606.mp4', '/videos/24607.mp4', '/videos/24608.mp4', '/videos/24609.mp4', '/videos/24610.mp4', '/videos/24611.mp4']"
girlfriend,"['/videos/24592.mp4', '/videos/24596.mp4', '/videos/24604.mp4', '/videos/24597.mp4', '/videos/24594.mp4', '/videos/24598.mp4', '/videos/24599.mp4', '/videos/24601.mp4']"
give,"['/videos/69343.mp4', '/videos/24655.mp4', '/videos/24656.mp4', '/videos/24657.mp4', '/videos/24658.mp4', '/videos/24659.mp4', '/videos/24660.mp4', '/videos/24638.mp4', '/videos/24639.mp4', '/videos/24640.mp4', '/videos/24641.mp4', '/videos/24642.mp4', '/videos/24643.mp4', '/videos/24645.mp4', '/videos/24636.mp4', '/videos/24648.mp4', '/videos/24649.mp4', '/videos/24651.mp4', '/videos/24652.mp4']"
give up,"['/videos/24679.mp4', '/videos/65820.mp4', '/videos/24680.mp4', '/videos/24681.mp4', '/videos/24682.mp4', '/videos/24684.mp4', '/videos/24685.mp4', '/videos/24686.mp4', '/videos/24687.mp4']"
glass,"['/videos/69344.mp4', '/videos/65821.mp4', '/videos/24741.mp4', '/videos/24734.mp4', '/videos/24744.mp4', '/videos/24745.mp4', '/videos/24746.mp4', '/videos/24735.mp4', '/videos/24736.mp4']"
glasses,"['/videos/24718.mp4', '/videos/68334.mp4', '/videos/24724.mp4', '/videos/24725.mp4', '/videos/24726.mp4', '/videos/24728.mp4', '/videos/24729.mp4', '/videos/65822.mp4', '/videos/24720.mp4', '/videos/67710.mp4', '/videos/24731.mp4', '/videos/24732.mp4', '/videos/24721.mp4', '/videos/24722.mp4']"
gloves,"['/videos/24822.mp4', '/videos/24829.mp4', '/videos/24830.mp4', '/videos/24831.mp4', '/videos/67711.mp4', '/videos/24832.mp4', '/videos/24824.mp4', '/videos/24826.mp4', '/videos/24827.mp4', '/videos/24828.mp4']"
go,"['/videos/24857.mp4', '/videos/69345.mp4', '/videos/68292.mp4', '/videos/24955.mp4', '/videos/24956.mp4', '/videos/24941.mp4', '/videos/24960.mp4', '/videos/24961.mp4', '/videos/24962.mp4', '/videos/24965.mp4', '/videos/24969.mp4', '/videos/24970.mp4', '/videos/24971.mp4', '/videos/24972.mp4', '/videos/65824.mp4', '/videos/24973.mp4', '/videos/24943.mp4', '/videos/24946.mp4', '/videos/24947.mp4', '/videos/24948.mp4', '/videos/24940.mp4', '/videos/67715.mp4', '/videos/24950.mp4', '/videos/24951.mp4', '/videos/24952.mp4', '/videos/24954.mp4']"
goal,"['/videos/24867.mp4', '/videos/24872.mp4', '/videos/24873.mp4', '/videos/24875.mp4', '/videos/65829.mp4', '/videos/24878.mp4', '/videos/24879.mp4', '/videos/24881.mp4', '/videos/24868.mp4', '/videos/24869.mp4', '/videos/24870.mp4']"
goat,"['/videos/24883.mp4', '/videos/24895.mp4', '/videos/65830.mp4', '/videos/24888.mp4', '/videos/67714.mp4', '/videos/24889.mp4', '/videos/24890.mp4', '/videos/24891.mp4', '/videos/24892.mp4', '/videos/24894.mp4']"
god,"['/videos/24909.mp4', '/videos/24921.mp4', '/videos/24922.mp4', '/videos/65832.mp4', '/videos/24914.mp4', '/videos/67716.mp4', '/videos/24915.mp4', '/videos/24916.mp4', '/videos/24917.mp4', '/videos/24918.mp4', '/videos/24919.mp4', '/videos/24920.mp4']"
gold,"['/videos/24978.mp4', '/videos/24995.mp4', '/videos/24996.mp4', '/videos/24997.mp4', '/videos/24989.mp4', '/videos/67717.mp4', '/videos/24990.mp4', '/videos/24991.mp4']"
golf,"['/videos/25003.mp4', '/videos/25018.mp4', '/videos/65833.mp4', '/videos/25011.mp4', '/videos/67718.mp4', '/videos/25012.mp4', '/videos/25013.mp4', '/videos/25014.mp4', '/videos/25015.mp4', '/videos/25016.mp4', '/videos/25017.mp4']"
gone,"['/videos/25024.mp4', '/videos/68662.mp4', '/videos/70114.mp4', '/videos/70321.mp4', '/videos/25030.mp4', '/videos/25033.mp4', '/videos/65834.mp4', '/videos/25034.mp4', '/videos/25025.mp4', '/videos/25026.mp4', '/videos/25028.mp4']"
good,"['/videos/25037.mp4', '/videos/69347.mp4', '/videos/70259.mp4', '/videos/25072.mp4', '/videos/25073.mp4', '/videos/25074.mp4', '/videos/25075.mp4', '/videos/65835.mp4', '/videos/25066.mp4', '/videos/67723.mp4', '/videos/25076.mp4', '/videos/25067.mp4', '/videos/25068.mp4', '/videos/25069.mp4', '/videos/25070.mp4', '/videos/25071.mp4']"
goodbye,"['/videos/25041.mp4', '/videos/25044.mp4', '/videos/25052.mp4', '/videos/25053.mp4', '/videos/25054.mp4', '/videos/25055.mp4', '/videos/25047.mp4', '/videos/25048.mp4', '/videos/25049.mp4', '/videos/25051.mp4']"
gorilla,"['/videos/25166.mp4', '/videos/25174.mp4', '/videos/65838.mp4', '/videos/67720.mp4', '/videos/25167.mp4', '/videos/25168.mp4', '/videos/25170.mp4', '/videos/25171.mp4', '/videos/25172.mp4']"
gossip,"['/videos/25182.mp4', '/videos/25191.mp4', '/videos/67719.mp4', '/videos/25183.mp4', '/videos/25184.mp4', '/videos/25185.mp4', '/videos/25186.mp4', '/videos/25187.mp4', '/videos/25188.mp4', '/videos/25189.mp4', '/videos/25190.mp4']"
government,"['/videos/25240.mp4', '/videos/25244.mp4', '/videos/25245.mp4', '/videos/25246.mp4', '/videos/25247.mp4', '/videos/25249.mp4', '/videos/65840.mp4', '/videos/67721.mp4', '/videos/25250.mp4', '/videos/25251.mp4', '/videos/25252.mp4', '/videos/25253.mp4', '/videos/25241.mp4', '/videos/25242.mp4', '/videos/25243.mp4']"
grab,"['/videos/25270.mp4', '/videos/65841.mp4', '/videos/25278.mp4', '/videos/25279.mp4', '/videos/25280.mp4', '/videos/25281.mp4', '/videos/25282.mp4']"
graduate,"['/videos/25318.mp4', '/videos/70176.mp4', '/videos/68528.mp4', '/videos/25337.mp4', '/videos/25338.mp4', '/videos/25339.mp4', '/videos/25322.mp4', '/videos/25323.mp4', '/videos/25324.mp4', '/videos/25325.mp4', '/videos/25326.mp4', '/videos/25327.mp4', '/videos/25328.mp4', '/videos/65843.mp4', '/videos/25329.mp4', '/videos/25330.mp4', '/videos/25321.mp4', '/videos/67722.mp4', '/videos/25332.mp4', '/videos/25333.mp4']"
graduation,"['/videos/25350.mp4', '/videos/25351.mp4', '/videos/25352.mp4', '/videos/25353.mp4', '/videos/25354.mp4', '/videos/25355.mp4', '/videos/25356.mp4']"
grammar,"['/videos/25370.mp4', '/videos/25378.mp4', '/videos/25379.mp4', '/videos/65845.mp4', '/videos/25380.mp4', '/videos/25371.mp4', '/videos/25372.mp4', '/videos/25373.mp4', '/videos/25374.mp4', '/videos/25375.mp4', '/videos/25376.mp4', '/videos/25377.mp4']"
grandfather,"['/videos/25404.mp4', '/videos/70330.mp4', '/videos/25413.mp4', '/videos/65846.mp4', '/videos/25406.mp4', '/videos/67724.mp4', '/videos/25407.mp4', '/videos/25408.mp4', '/videos/25409.mp4', '/videos/25410.mp4', '/videos/25411.mp4', '/videos/25412.mp4']"
grandma,"['/videos/69349.mp4', '/videos/25422.mp4', '/videos/68668.mp4', '/videos/25423.mp4', '/videos/25424.mp4', '/videos/25425.mp4', '/videos/25426.mp4', '/videos/25427.mp4']"
grandmother,"['/videos/25428.mp4', '/videos/70329.mp4', '/videos/25436.mp4', '/videos/65847.mp4', '/videos/67725.mp4', '/videos/25429.mp4', '/videos/25430.mp4', '/videos/25431.mp4', '/videos/25432.mp4', '/videos/25433.mp4', '/videos/25434.mp4']"
grapes,"['/videos/25481.mp4', '/videos/70312.mp4', '/videos/65849.mp4', '/videos/67726.mp4', '/videos/25482.mp4', '/videos/25483.mp4', '/videos/25484.mp4', '/videos/25485.mp4', '/videos/25486.mp4', '/videos/25487.mp4', '/videos/25488.mp4']"
grass,"['/videos/25503.mp4', '/videos/25515.mp4', '/videos/65850.mp4', '/videos/25508.mp4', '/videos/67727.mp4', '/videos/25509.mp4', '/videos/25511.mp4', '/videos/25513.mp4']"
grateful,"['/videos/25521.mp4', '/videos/25522.mp4', '/videos/25524.mp4', '/videos/25526.mp4', '/videos/25527.mp4', '/videos/25528.mp4', '/videos/25529.mp4']"
gray,"['/videos/25568.mp4', '/videos/70248.mp4', '/videos/25578.mp4', '/videos/65852.mp4', '/videos/25570.mp4', '/videos/25572.mp4', '/videos/25573.mp4', '/videos/25575.mp4', '/videos/25576.mp4']"
great,"['/videos/69352.mp4', '/videos/25621.mp4', '/videos/25624.mp4', '/videos/25625.mp4', '/videos/25627.mp4', '/videos/25628.mp4', '/videos/25631.mp4', '/videos/25634.mp4', '/videos/25635.mp4', '/videos/25637.mp4', '/videos/25622.mp4', '/videos/25623.mp4']"
greece,"['/videos/25640.mp4', '/videos/25649.mp4', '/videos/25650.mp4', '/videos/25651.mp4', '/videos/65853.mp4', '/videos/25642.mp4', '/videos/67728.mp4', '/videos/25644.mp4', '/videos/25645.mp4', '/videos/25646.mp4', '/videos/25647.mp4', '/videos/25648.mp4']"
green,"['/videos/25674.mp4', '/videos/69353.mp4', '/videos/70241.mp4', '/videos/69066.mp4', '/videos/25691.mp4', '/videos/25692.mp4', '/videos/25693.mp4', '/videos/25694.mp4', '/videos/65854.mp4', '/videos/25685.mp4', '/videos/67729.mp4', '/videos/25695.mp4', '/videos/25686.mp4', '/videos/25687.mp4', '/videos/25688.mp4', '/videos/25689.mp4', '/videos/25690.mp4']"
grey,"['/videos/68502.mp4', '/videos/68062.mp4', '/videos/25714.mp4', '/videos/25715.mp4', '/videos/25717.mp4', '/videos/25719.mp4', '/videos/25721.mp4']"
group,"['/videos/25820.mp4', '/videos/25829.mp4', '/videos/25830.mp4', '/videos/25832.mp4', '/videos/65859.mp4', '/videos/65860.mp4', '/videos/25823.mp4', '/videos/25824.mp4', '/videos/25825.mp4', '/videos/25826.mp4', '/videos/25827.mp4']"
grow,"['/videos/69354.mp4', '/videos/65862.mp4', '/videos/25852.mp4', '/videos/25844.mp4', '/videos/67730.mp4', '/videos/25846.mp4', '/videos/25847.mp4', '/videos/25849.mp4', '/videos/25850.mp4', '/videos/25851.mp4']"
grow up,"['/videos/25869.mp4', '/videos/25871.mp4', '/videos/68063.mp4', '/videos/65863.mp4', '/videos/25873.mp4', '/videos/25874.mp4', '/videos/25875.mp4', '/videos/25876.mp4']"
guess,"['/videos/65864.mp4', '/videos/25920.mp4', '/videos/25917.mp4', '/videos/67731.mp4', '/videos/67732.mp4', '/videos/25918.mp4', '/videos/25921.mp4', '/videos/25922.mp4', '/videos/25923.mp4', '/videos/25924.mp4', '/videos/25925.mp4', '/videos/25926.mp4']"
guide,"['/videos/25939.mp4', '/videos/25941.mp4', '/videos/25942.mp4', '/videos/25943.mp4', '/videos/25944.mp4', '/videos/25945.mp4', '/videos/25946.mp4', '/videos/25947.mp4', '/videos/25948.mp4']"
guilty,"['/videos/65865.mp4', '/videos/25967.mp4', '/videos/25968.mp4', '/videos/65866.mp4', '/videos/25960.mp4', '/videos/67733.mp4', '/videos/25961.mp4', '/videos/25962.mp4', '/videos/25963.mp4', '/videos/25964.mp4', '/videos/25966.mp4']"
guitar,"['/videos/25975.mp4', '/videos/25983.mp4', '/videos/25984.mp4', '/videos/65867.mp4', '/videos/67734.mp4', '/videos/25976.mp4', '/videos/25977.mp4', '/videos/25978.mp4', '/videos/25979.mp4', '/videos/25980.mp4', '/videos/25981.mp4', '/videos/25982.mp4']"
gum,"['/videos/26001.mp4', '/videos/65868.mp4', '/videos/26002.mp4', '/videos/26003.mp4', '/videos/26004.mp4', '/videos/26005.mp4', '/videos/26006.mp4', '/videos/26007.mp4', '/videos/26008.mp4', '/videos/26009.mp4']"
gun,"['/videos/26010.mp4', '/videos/26012.mp4', '/videos/67736.mp4', '/videos/26013.mp4', '/videos/26014.mp4', '/videos/26016.mp4', '/videos/26017.mp4', '/videos/26018.mp4']"
gymnastics,"['/videos/26062.mp4', '/videos/26063.mp4', '/videos/26065.mp4', '/videos/26066.mp4', '/videos/26067.mp4', '/videos/26068.mp4', '/videos/26069.mp4']"
h,"['/videos/26074.mp4', '/videos/27357.mp4', '/videos/66046.mp4', '/videos/27358.mp4', '/videos/27355.mp4', '/videos/27359.mp4', '/videos/27356.mp4']"
habit,"['/videos/26079.mp4', '/videos/26082.mp4', '/videos/26083.mp4', '/videos/26084.mp4', '/videos/26085.mp4', '/videos/26086.mp4', '/videos/26087.mp4', '/videos/26088.mp4', '/videos/26089.mp4']"
hair,"['/videos/26122.mp4', '/videos/68424.mp4', '/videos/68064.mp4', '/videos/26173.mp4', '/videos/26174.mp4', '/videos/26158.mp4', '/videos/26159.mp4', '/videos/26162.mp4', '/videos/26163.mp4', '/videos/65870.mp4', '/videos/26166.mp4', '/videos/26157.mp4', '/videos/67737.mp4', '/videos/26167.mp4', '/videos/26169.mp4', '/videos/26170.mp4', '/videos/26172.mp4']"
haircut,"['/videos/26135.mp4', '/videos/69062.mp4', '/videos/67738.mp4', '/videos/26136.mp4', '/videos/26139.mp4', '/videos/26140.mp4', '/videos/26141.mp4', '/videos/26142.mp4']"
half,"['/videos/26203.mp4', '/videos/26222.mp4', '/videos/26223.mp4', '/videos/26214.mp4', '/videos/26224.mp4', '/videos/26215.mp4', '/videos/26216.mp4', '/videos/26217.mp4', '/videos/26220.mp4', '/videos/26221.mp4']"
halloween,"['/videos/26250.mp4', '/videos/26255.mp4', '/videos/26256.mp4', '/videos/26258.mp4', '/videos/26259.mp4', '/videos/65873.mp4', '/videos/65874.mp4', '/videos/26260.mp4', '/videos/26261.mp4', '/videos/26262.mp4', '/videos/26251.mp4', '/videos/26252.mp4', '/videos/26253.mp4', '/videos/26254.mp4']"
hamburger,"['/videos/26294.mp4', '/videos/26303.mp4', '/videos/67740.mp4', '/videos/26295.mp4', '/videos/26296.mp4', '/videos/26297.mp4', '/videos/26298.mp4', '/videos/26299.mp4', '/videos/26300.mp4', '/videos/26301.mp4', '/videos/26302.mp4']"
hammer,"['/videos/26312.mp4', '/videos/26315.mp4', '/videos/26316.mp4', '/videos/26317.mp4', '/videos/26318.mp4', '/videos/26321.mp4', '/videos/65875.mp4', '/videos/67741.mp4', '/videos/26323.mp4', '/videos/26326.mp4', '/videos/26313.mp4', '/videos/26314.mp4']"
hang up,"['/videos/65877.mp4', '/videos/26472.mp4', '/videos/26463.mp4', '/videos/26464.mp4', '/videos/26466.mp4', '/videos/26467.mp4', '/videos/26468.mp4']"
hanukkah,"['/videos/26483.mp4', '/videos/68948.mp4', '/videos/26484.mp4', '/videos/26485.mp4', '/videos/26486.mp4', '/videos/26487.mp4', '/videos/26488.mp4']"
happen,"['/videos/26491.mp4', '/videos/70133.mp4', '/videos/26502.mp4', '/videos/26503.mp4', '/videos/26494.mp4', '/videos/67742.mp4', '/videos/26495.mp4', '/videos/26496.mp4', '/videos/26497.mp4', '/videos/26498.mp4', '/videos/26499.mp4', '/videos/26500.mp4', '/videos/26501.mp4']"
happy,"['/videos/26506.mp4', '/videos/70284.mp4', '/videos/26528.mp4', '/videos/26530.mp4', '/videos/26531.mp4', '/videos/26532.mp4', '/videos/26533.mp4', '/videos/26524.mp4', '/videos/67743.mp4', '/videos/26534.mp4', '/videos/26535.mp4', '/videos/26536.mp4', '/videos/26537.mp4', '/videos/26525.mp4', '/videos/26526.mp4', '/videos/26527.mp4']"
hard,"['/videos/26559.mp4', '/videos/69358.mp4', '/videos/68065.mp4', '/videos/68352.mp4', '/videos/26573.mp4', '/videos/26574.mp4', '/videos/26576.mp4', '/videos/67744.mp4', '/videos/26577.mp4', '/videos/26568.mp4', '/videos/26569.mp4', '/videos/26570.mp4', '/videos/26571.mp4', '/videos/26572.mp4']"
hard of hearing,"['/videos/26584.mp4', '/videos/26591.mp4', '/videos/68066.mp4', '/videos/26585.mp4', '/videos/26586.mp4', '/videos/26592.mp4', '/videos/26587.mp4', '/videos/26593.mp4']"
hat,"['/videos/26688.mp4', '/videos/69359.mp4', '/videos/68396.mp4', '/videos/68068.mp4', '/videos/26713.mp4', '/videos/26736.mp4', '/videos/26712.mp4', '/videos/26739.mp4', '/videos/26741.mp4', '/videos/26714.mp4', '/videos/26715.mp4', '/videos/26716.mp4', '/videos/26717.mp4', '/videos/67745.mp4', '/videos/26719.mp4', '/videos/26721.mp4', '/videos/26722.mp4', '/videos/26723.mp4', '/videos/26724.mp4', '/videos/26726.mp4']"
hate,"['/videos/26697.mp4', '/videos/68392.mp4', '/videos/68067.mp4', '/videos/26704.mp4', '/videos/26706.mp4', '/videos/26708.mp4', '/videos/26709.mp4', '/videos/26710.mp4', '/videos/26698.mp4', '/videos/26701.mp4', '/videos/26702.mp4']"
have,"['/videos/26757.mp4', '/videos/69360.mp4', '/videos/68069.mp4', '/videos/70221.mp4', '/videos/68984.mp4', '/videos/69088.mp4', '/videos/26773.mp4', '/videos/26775.mp4', '/videos/26766.mp4', '/videos/67746.mp4', '/videos/26776.mp4', '/videos/26777.mp4', '/videos/26778.mp4', '/videos/26779.mp4', '/videos/26767.mp4', '/videos/26768.mp4', '/videos/26770.mp4']"
hawaii,"['/videos/26797.mp4', '/videos/26807.mp4', '/videos/26799.mp4', '/videos/26810.mp4', '/videos/26800.mp4', '/videos/26801.mp4', '/videos/26802.mp4', '/videos/26804.mp4', '/videos/26805.mp4', '/videos/26806.mp4']"
head,"['/videos/26831.mp4', '/videos/69362.mp4', '/videos/26852.mp4', '/videos/26853.mp4', '/videos/26854.mp4', '/videos/26855.mp4', '/videos/26856.mp4', '/videos/26857.mp4', '/videos/26858.mp4', '/videos/26859.mp4', '/videos/26860.mp4']"
headache,"['/videos/26832.mp4', '/videos/26835.mp4', '/videos/26836.mp4', '/videos/26837.mp4', '/videos/26838.mp4', '/videos/26839.mp4', '/videos/26840.mp4', '/videos/26841.mp4', '/videos/65881.mp4', '/videos/67747.mp4', '/videos/26842.mp4', '/videos/26843.mp4', '/videos/26844.mp4', '/videos/26845.mp4', '/videos/26846.mp4', '/videos/26833.mp4', '/videos/26834.mp4']"
health,"['/videos/26906.mp4', '/videos/26914.mp4', '/videos/67749.mp4', '/videos/26915.mp4', '/videos/26916.mp4', '/videos/26917.mp4', '/videos/26918.mp4', '/videos/26919.mp4', '/videos/26921.mp4']"
heap,"['/videos/65883.mp4', '/videos/26931.mp4', '/videos/26932.mp4', '/videos/26934.mp4', '/videos/26935.mp4', '/videos/26936.mp4', '/videos/26937.mp4']"
hear,"['/videos/26938.mp4', '/videos/26946.mp4', '/videos/26947.mp4', '/videos/26948.mp4', '/videos/26950.mp4', '/videos/26951.mp4', '/videos/26942.mp4', '/videos/26952.mp4', '/videos/26953.mp4', '/videos/26954.mp4', '/videos/26955.mp4', '/videos/26956.mp4', '/videos/26943.mp4', '/videos/26944.mp4', '/videos/26945.mp4']"
hearing,"['/videos/65884.mp4', '/videos/70016.mp4', '/videos/68350.mp4', '/videos/68070.mp4', '/videos/26972.mp4', '/videos/26973.mp4', '/videos/26974.mp4', '/videos/26975.mp4', '/videos/26976.mp4', '/videos/26977.mp4', '/videos/26978.mp4', '/videos/26971.mp4', '/videos/26980.mp4', '/videos/67750.mp4', '/videos/26981.mp4', '/videos/26982.mp4', '/videos/26983.mp4', '/videos/26984.mp4', '/videos/26985.mp4', '/videos/26986.mp4']"
hearing aid,"['/videos/26958.mp4', '/videos/65885.mp4', '/videos/67751.mp4', '/videos/26959.mp4', '/videos/26960.mp4', '/videos/26961.mp4', '/videos/26962.mp4', '/videos/26964.mp4', '/videos/26965.mp4']"
heart,"['/videos/27013.mp4', '/videos/27044.mp4', '/videos/27046.mp4', '/videos/27047.mp4', '/videos/27048.mp4', '/videos/27050.mp4', '/videos/27051.mp4', '/videos/27042.mp4', '/videos/67752.mp4', '/videos/27053.mp4', '/videos/27055.mp4', '/videos/27056.mp4', '/videos/27057.mp4', '/videos/27043.mp4']"
heart attack,"['/videos/27017.mp4', '/videos/27018.mp4', '/videos/27019.mp4', '/videos/27020.mp4', '/videos/27021.mp4', '/videos/27022.mp4', '/videos/27023.mp4']"
heaven,"['/videos/27085.mp4', '/videos/27086.mp4', '/videos/65887.mp4', '/videos/67753.mp4', '/videos/27087.mp4', '/videos/27078.mp4', '/videos/27079.mp4', '/videos/27081.mp4', '/videos/27082.mp4']"
heavy,"['/videos/27093.mp4', '/videos/27095.mp4', '/videos/27096.mp4', '/videos/27097.mp4', '/videos/27098.mp4', '/videos/27099.mp4', '/videos/27100.mp4', '/videos/27101.mp4', '/videos/27102.mp4']"
helicopter,"['/videos/27150.mp4', '/videos/27158.mp4', '/videos/27159.mp4', '/videos/65888.mp4', '/videos/67754.mp4', '/videos/27151.mp4', '/videos/27152.mp4', '/videos/27153.mp4', '/videos/27154.mp4', '/videos/27155.mp4', '/videos/27156.mp4', '/videos/27157.mp4']"
hello,"['/videos/27171.mp4', '/videos/70017.mp4', '/videos/68236.mp4', '/videos/27180.mp4', '/videos/67755.mp4', '/videos/27181.mp4', '/videos/27182.mp4', '/videos/27183.mp4', '/videos/27184.mp4', '/videos/27172.mp4', '/videos/27173.mp4', '/videos/27175.mp4', '/videos/27177.mp4']"
helmet,"['/videos/27185.mp4', '/videos/67756.mp4', '/videos/27186.mp4', '/videos/27187.mp4', '/videos/27188.mp4', '/videos/27189.mp4', '/videos/27190.mp4', '/videos/27191.mp4', '/videos/27192.mp4']"
help,"['/videos/27194.mp4', '/videos/69364.mp4', '/videos/27219.mp4', '/videos/27220.mp4', '/videos/27221.mp4', '/videos/27206.mp4', '/videos/27207.mp4', '/videos/27208.mp4', '/videos/27209.mp4', '/videos/27210.mp4', '/videos/27211.mp4', '/videos/27212.mp4', '/videos/65890.mp4', '/videos/27213.mp4', '/videos/27214.mp4', '/videos/65891.mp4', '/videos/65889.mp4', '/videos/67757.mp4', '/videos/27215.mp4', '/videos/27216.mp4', '/videos/27217.mp4', '/videos/27218.mp4']"
her,"['/videos/27249.mp4', '/videos/27281.mp4', '/videos/27282.mp4', '/videos/27274.mp4', '/videos/27284.mp4', '/videos/27285.mp4', '/videos/27275.mp4', '/videos/27277.mp4', '/videos/27278.mp4', '/videos/27279.mp4', '/videos/27280.mp4']"
here,"['/videos/27254.mp4', '/videos/69365.mp4', '/videos/68072.mp4', '/videos/68610.mp4', '/videos/27268.mp4', '/videos/27269.mp4', '/videos/27271.mp4', '/videos/27272.mp4', '/videos/65892.mp4', '/videos/27263.mp4', '/videos/67758.mp4', '/videos/27273.mp4', '/videos/27264.mp4', '/videos/27265.mp4', '/videos/27267.mp4']"
herself,"['/videos/27312.mp4', '/videos/27321.mp4', '/videos/27322.mp4', '/videos/27313.mp4', '/videos/27314.mp4', '/videos/27315.mp4', '/videos/27316.mp4', '/videos/27317.mp4', '/videos/27318.mp4', '/videos/27319.mp4']"
hide,"['/videos/68860.mp4', '/videos/27375.mp4', '/videos/27376.mp4', '/videos/27377.mp4', '/videos/27378.mp4', '/videos/27379.mp4', '/videos/27380.mp4', '/videos/27381.mp4', '/videos/27382.mp4']"
high,"['/videos/27387.mp4', '/videos/27417.mp4', '/videos/65893.mp4', '/videos/27407.mp4', '/videos/27406.mp4', '/videos/27408.mp4', '/videos/27409.mp4', '/videos/67759.mp4', '/videos/27410.mp4', '/videos/27412.mp4', '/videos/27414.mp4', '/videos/27415.mp4']"
high school,"['/videos/27432.mp4', '/videos/27436.mp4', '/videos/27434.mp4', '/videos/67763.mp4', '/videos/27437.mp4', '/videos/27438.mp4', '/videos/27439.mp4', '/videos/27440.mp4', '/videos/27441.mp4']"
highway,"['/videos/27444.mp4', '/videos/27451.mp4', '/videos/27452.mp4', '/videos/27455.mp4', '/videos/27456.mp4', '/videos/27445.mp4', '/videos/27446.mp4', '/videos/27447.mp4', '/videos/27448.mp4', '/videos/27450.mp4']"
hill,"['/videos/27485.mp4', '/videos/27486.mp4', '/videos/27487.mp4', '/videos/27489.mp4', '/videos/27490.mp4', '/videos/27491.mp4', '/videos/27492.mp4']"
hippopotamus,"['/videos/27534.mp4', '/videos/27535.mp4', '/videos/27536.mp4', '/videos/27537.mp4', '/videos/27539.mp4', '/videos/27540.mp4', '/videos/27541.mp4', '/videos/27542.mp4']"
his,"['/videos/27552.mp4', '/videos/27553.mp4', '/videos/27554.mp4', '/videos/27555.mp4', '/videos/27556.mp4', '/videos/27557.mp4', '/videos/27558.mp4', '/videos/27559.mp4']"
history,"['/videos/27568.mp4', '/videos/27574.mp4', '/videos/27575.mp4', '/videos/27576.mp4', '/videos/65894.mp4', '/videos/67761.mp4', '/videos/27579.mp4', '/videos/27569.mp4', '/videos/27570.mp4', '/videos/27571.mp4', '/videos/27572.mp4', '/videos/27573.mp4']"
hit,"['/videos/27580.mp4', '/videos/27596.mp4', '/videos/27597.mp4', '/videos/27598.mp4', '/videos/27599.mp4', '/videos/27600.mp4', '/videos/27591.mp4', '/videos/27601.mp4', '/videos/27604.mp4', '/videos/27592.mp4', '/videos/27593.mp4', '/videos/27594.mp4', '/videos/27595.mp4']"
hockey,"['/videos/65895.mp4', '/videos/27633.mp4', '/videos/67762.mp4', '/videos/27634.mp4', '/videos/27635.mp4', '/videos/27636.mp4', '/videos/27637.mp4', '/videos/27638.mp4', '/videos/27639.mp4']"
hold,"['/videos/27662.mp4', '/videos/27664.mp4', '/videos/27665.mp4', '/videos/27666.mp4', '/videos/27659.mp4', '/videos/27670.mp4', '/videos/27672.mp4', '/videos/27673.mp4', '/videos/27661.mp4']"
holy,"['/videos/27752.mp4', '/videos/27744.mp4', '/videos/27754.mp4', '/videos/27745.mp4', '/videos/27746.mp4', '/videos/27747.mp4', '/videos/27748.mp4']"
home,"['/videos/27762.mp4', '/videos/69366.mp4', '/videos/68514.mp4', '/videos/70085.mp4', '/videos/27772.mp4', '/videos/27773.mp4', '/videos/27774.mp4', '/videos/27765.mp4', '/videos/67765.mp4', '/videos/27775.mp4', '/videos/27766.mp4', '/videos/27767.mp4', '/videos/27768.mp4', '/videos/27769.mp4', '/videos/27770.mp4', '/videos/27771.mp4']"
homework,"['/videos/27788.mp4', '/videos/27793.mp4', '/videos/68073.mp4', '/videos/67766.mp4', '/videos/27800.mp4', '/videos/27790.mp4', '/videos/27789.mp4', '/videos/27795.mp4', '/videos/27801.mp4', '/videos/27796.mp4']"
honest,"['/videos/27821.mp4', '/videos/27823.mp4', '/videos/67767.mp4', '/videos/27824.mp4', '/videos/27825.mp4', '/videos/27826.mp4', '/videos/27827.mp4', '/videos/27828.mp4', '/videos/27829.mp4']"
honey,"['/videos/27835.mp4', '/videos/27848.mp4', '/videos/65898.mp4', '/videos/65899.mp4', '/videos/27849.mp4', '/videos/27850.mp4', '/videos/27840.mp4', '/videos/27841.mp4']"
honor,"['/videos/27881.mp4', '/videos/27882.mp4', '/videos/67768.mp4', '/videos/27883.mp4', '/videos/27874.mp4', '/videos/27875.mp4', '/videos/27876.mp4', '/videos/27877.mp4', '/videos/27879.mp4', '/videos/27880.mp4']"
hop,"['/videos/27915.mp4', '/videos/27940.mp4', '/videos/27941.mp4', '/videos/27942.mp4', '/videos/27943.mp4', '/videos/27944.mp4', '/videos/27945.mp4']"
hope,"['/videos/27917.mp4', '/videos/27922.mp4', '/videos/27923.mp4', '/videos/27925.mp4', '/videos/27926.mp4', '/videos/27927.mp4', '/videos/27929.mp4', '/videos/65905.mp4', '/videos/27920.mp4', '/videos/67769.mp4', '/videos/27931.mp4', '/videos/27932.mp4', '/videos/27933.mp4', '/videos/27934.mp4', '/videos/27921.mp4']"
horse,"['/videos/27983.mp4', '/videos/70106.mp4', '/videos/28002.mp4', '/videos/28003.mp4', '/videos/27994.mp4', '/videos/67772.mp4', '/videos/27995.mp4', '/videos/27998.mp4', '/videos/27999.mp4', '/videos/28000.mp4', '/videos/28001.mp4']"
hospital,"['/videos/68404.mp4', '/videos/70150.mp4', '/videos/28040.mp4', '/videos/28041.mp4', '/videos/28042.mp4', '/videos/28033.mp4', '/videos/67773.mp4', '/videos/28043.mp4', '/videos/28044.mp4', '/videos/28034.mp4', '/videos/28035.mp4', '/videos/28036.mp4', '/videos/28038.mp4']"
host,"['/videos/28050.mp4', '/videos/28056.mp4', '/videos/28067.mp4', '/videos/28069.mp4', '/videos/28057.mp4', '/videos/28058.mp4', '/videos/28059.mp4']"
hot,"['/videos/28074.mp4', '/videos/69368.mp4', '/videos/70270.mp4', '/videos/28125.mp4', '/videos/28108.mp4', '/videos/28109.mp4', '/videos/28110.mp4', '/videos/28111.mp4', '/videos/28112.mp4', '/videos/28113.mp4', '/videos/28114.mp4', '/videos/28115.mp4', '/videos/28116.mp4', '/videos/28107.mp4', '/videos/28118.mp4', '/videos/28119.mp4', '/videos/28120.mp4', '/videos/28121.mp4', '/videos/28122.mp4', '/videos/28123.mp4', '/videos/28124.mp4']"
hot dog,"['/videos/28085.mp4', '/videos/28088.mp4', '/videos/28089.mp4', '/videos/28096.mp4', '/videos/28082.mp4', '/videos/28087.mp4', '/videos/28091.mp4']"
hour,"['/videos/28134.mp4', '/videos/70303.mp4', '/videos/28140.mp4', '/videos/28141.mp4', '/videos/28142.mp4', '/videos/28143.mp4', '/videos/28144.mp4', '/videos/28145.mp4', '/videos/28146.mp4', '/videos/28148.mp4', '/videos/28149.mp4', '/videos/28150.mp4', '/videos/28138.mp4', '/videos/28139.mp4']"
house,"['/videos/28157.mp4', '/videos/69369.mp4', '/videos/70373.mp4', '/videos/28166.mp4', '/videos/28167.mp4', '/videos/28168.mp4', '/videos/28159.mp4', '/videos/67777.mp4', '/videos/28169.mp4', '/videos/28160.mp4', '/videos/28161.mp4', '/videos/28162.mp4', '/videos/28163.mp4', '/videos/28164.mp4', '/videos/28165.mp4']"
how,"['/videos/28187.mp4', '/videos/69370.mp4', '/videos/70295.mp4', '/videos/68954.mp4', '/videos/28205.mp4', '/videos/28206.mp4', '/videos/28207.mp4', '/videos/28208.mp4', '/videos/28210.mp4', '/videos/28201.mp4', '/videos/67776.mp4', '/videos/28211.mp4', '/videos/28212.mp4', '/videos/28213.mp4', '/videos/28214.mp4', '/videos/28202.mp4', '/videos/28203.mp4', '/videos/28204.mp4']"
hug,"['/videos/28248.mp4', '/videos/65909.mp4', '/videos/28260.mp4', '/videos/28261.mp4', '/videos/28262.mp4', '/videos/28263.mp4', '/videos/28265.mp4', '/videos/28266.mp4', '/videos/28267.mp4']"
human,"['/videos/28285.mp4', '/videos/28288.mp4', '/videos/28290.mp4', '/videos/28291.mp4', '/videos/28292.mp4', '/videos/28295.mp4', '/videos/28296.mp4']"
humble,"['/videos/28306.mp4', '/videos/28311.mp4', '/videos/28312.mp4', '/videos/28313.mp4', '/videos/28314.mp4', '/videos/28315.mp4', '/videos/67778.mp4', '/videos/28316.mp4', '/videos/28317.mp4', '/videos/28318.mp4', '/videos/28319.mp4', '/videos/28308.mp4', '/videos/28309.mp4', '/videos/28310.mp4']"
hungry,"['/videos/28375.mp4', '/videos/28383.mp4', '/videos/28384.mp4', '/videos/67779.mp4', '/videos/28385.mp4', '/videos/28376.mp4', '/videos/28377.mp4', '/videos/28378.mp4', '/videos/28379.mp4', '/videos/28380.mp4', '/videos/28381.mp4', '/videos/28382.mp4']"
hunt,"['/videos/28386.mp4', '/videos/28396.mp4', '/videos/28397.mp4', '/videos/65912.mp4', '/videos/28389.mp4', '/videos/67780.mp4', '/videos/28391.mp4', '/videos/28394.mp4', '/videos/28395.mp4']"
hurricane,"['/videos/28412.mp4', '/videos/28413.mp4', '/videos/28414.mp4', '/videos/28415.mp4', '/videos/28417.mp4', '/videos/28418.mp4', '/videos/28419.mp4', '/videos/28420.mp4']"
hurry,"['/videos/28423.mp4', '/videos/28424.mp4', '/videos/70236.mp4', '/videos/68616.mp4', '/videos/28425.mp4', '/videos/28433.mp4', '/videos/28426.mp4', '/videos/28427.mp4', '/videos/28435.mp4', '/videos/28428.mp4', '/videos/28436.mp4', '/videos/28429.mp4', '/videos/28430.mp4', '/videos/28432.mp4']"
hurt,"['/videos/28438.mp4', '/videos/70147.mp4', '/videos/28441.mp4', '/videos/28443.mp4', '/videos/28444.mp4', '/videos/28445.mp4', '/videos/28446.mp4', '/videos/28450.mp4', '/videos/28452.mp4', '/videos/28453.mp4', '/videos/28454.mp4', '/videos/28440.mp4']"
husband,"['/videos/28461.mp4', '/videos/68772.mp4', '/videos/28469.mp4', '/videos/28470.mp4', '/videos/28471.mp4', '/videos/28472.mp4', '/videos/65913.mp4', '/videos/28463.mp4', '/videos/67781.mp4', '/videos/28473.mp4', '/videos/28464.mp4', '/videos/28465.mp4', '/videos/28466.mp4', '/videos/28467.mp4', '/videos/28468.mp4']"
i,"['/videos/28557.mp4', '/videos/66047.mp4', '/videos/28789.mp4', '/videos/28790.mp4', '/videos/28791.mp4', '/videos/28793.mp4', '/videos/28794.mp4']"
ice cream,"['/videos/28581.mp4', '/videos/28582.mp4', '/videos/28583.mp4', '/videos/28584.mp4', '/videos/28585.mp4', '/videos/28586.mp4', '/videos/28587.mp4', '/videos/28588.mp4', '/videos/28589.mp4', '/videos/28590.mp4']"
idea,"['/videos/28647.mp4', '/videos/28653.mp4', '/videos/28655.mp4', '/videos/28656.mp4', '/videos/65918.mp4', '/videos/67783.mp4', '/videos/28657.mp4', '/videos/28658.mp4', '/videos/28648.mp4', '/videos/28649.mp4', '/videos/28650.mp4', '/videos/28651.mp4', '/videos/28652.mp4']"
identify,"['/videos/28673.mp4', '/videos/65919.mp4', '/videos/28678.mp4', '/videos/28675.mp4', '/videos/28680.mp4', '/videos/28681.mp4', '/videos/28682.mp4', '/videos/28683.mp4']"
if,"['/videos/28734.mp4', '/videos/69375.mp4', '/videos/28742.mp4', '/videos/28743.mp4', '/videos/28736.mp4', '/videos/28747.mp4', '/videos/28748.mp4', '/videos/28749.mp4', '/videos/28737.mp4', '/videos/28739.mp4']"
ignore,"['/videos/28772.mp4', '/videos/28782.mp4', '/videos/28783.mp4', '/videos/65923.mp4', '/videos/67784.mp4', '/videos/28775.mp4', '/videos/28776.mp4', '/videos/28777.mp4', '/videos/28778.mp4', '/videos/28779.mp4', '/videos/28780.mp4']"
ill,"['/videos/28823.mp4', '/videos/28810.mp4', '/videos/28820.mp4', '/videos/28821.mp4', '/videos/28824.mp4', '/videos/28826.mp4', '/videos/28827.mp4']"
illegal,"['/videos/28811.mp4', '/videos/28813.mp4', '/videos/28814.mp4', '/videos/28815.mp4', '/videos/28816.mp4', '/videos/28817.mp4', '/videos/28818.mp4']"
image,"['/videos/28875.mp4', '/videos/28885.mp4', '/videos/28886.mp4', '/videos/28876.mp4', '/videos/28877.mp4', '/videos/28878.mp4', '/videos/28879.mp4', '/videos/28880.mp4', '/videos/28881.mp4']"
impact,"['/videos/65925.mp4', '/videos/29007.mp4', '/videos/67787.mp4', '/videos/29008.mp4', '/videos/29009.mp4', '/videos/29010.mp4', '/videos/29011.mp4']"
important,"['/videos/29064.mp4', '/videos/69376.mp4', '/videos/29068.mp4', '/videos/65926.mp4', '/videos/67786.mp4', '/videos/29065.mp4', '/videos/29069.mp4', '/videos/29066.mp4', '/videos/29070.mp4', '/videos/29071.mp4', '/videos/29072.mp4', '/videos/29073.mp4', '/videos/29074.mp4']"
impossible,"['/videos/29087.mp4', '/videos/29095.mp4', '/videos/29096.mp4', '/videos/65927.mp4', '/videos/67788.mp4', '/videos/29088.mp4', '/videos/29089.mp4', '/videos/29090.mp4', '/videos/29091.mp4', '/videos/29092.mp4', '/videos/29094.mp4']"
improve,"['/videos/29134.mp4', '/videos/29142.mp4', '/videos/29143.mp4', '/videos/29144.mp4', '/videos/29145.mp4', '/videos/65929.mp4', '/videos/29136.mp4', '/videos/29146.mp4', '/videos/29147.mp4', '/videos/29137.mp4', '/videos/29138.mp4', '/videos/29139.mp4', '/videos/29140.mp4', '/videos/29141.mp4']"
in,"['/videos/29171.mp4', '/videos/69377.mp4', '/videos/29718.mp4', '/videos/29719.mp4', '/videos/29720.mp4', '/videos/29721.mp4', '/videos/29722.mp4', '/videos/29723.mp4', '/videos/29724.mp4', '/videos/29725.mp4', '/videos/29726.mp4']"
include,"['/videos/29275.mp4', '/videos/29278.mp4', '/videos/29279.mp4', '/videos/29280.mp4', '/videos/29281.mp4', '/videos/29282.mp4', '/videos/29283.mp4', '/videos/29284.mp4']"
increase,"['/videos/29324.mp4', '/videos/70077.mp4', '/videos/29327.mp4', '/videos/29328.mp4', '/videos/29329.mp4', '/videos/29330.mp4', '/videos/29331.mp4', '/videos/29332.mp4', '/videos/29333.mp4', '/videos/29334.mp4']"
independent,"['/videos/29380.mp4', '/videos/29391.mp4', '/videos/65932.mp4', '/videos/29383.mp4', '/videos/29384.mp4', '/videos/29385.mp4', '/videos/29386.mp4', '/videos/29387.mp4', '/videos/29388.mp4', '/videos/29389.mp4', '/videos/29390.mp4']"
india,"['/videos/29399.mp4', '/videos/29407.mp4', '/videos/29408.mp4', '/videos/29409.mp4', '/videos/29410.mp4', '/videos/29400.mp4', '/videos/29402.mp4', '/videos/29404.mp4', '/videos/29405.mp4', '/videos/29406.mp4']"
individual,"['/videos/29461.mp4', '/videos/65933.mp4', '/videos/29462.mp4', '/videos/29463.mp4', '/videos/29464.mp4', '/videos/29467.mp4', '/videos/29468.mp4']"
infection,"['/videos/29561.mp4', '/videos/65938.mp4', '/videos/29562.mp4', '/videos/29563.mp4', '/videos/29564.mp4', '/videos/29565.mp4', '/videos/29566.mp4', '/videos/29567.mp4']"
influence,"['/videos/65939.mp4', '/videos/29614.mp4', '/videos/29615.mp4', '/videos/29616.mp4', '/videos/29617.mp4', '/videos/29618.mp4', '/videos/29619.mp4', '/videos/29620.mp4', '/videos/29621.mp4']"
inform,"['/videos/29628.mp4', '/videos/29648.mp4', '/videos/29649.mp4', '/videos/29650.mp4', '/videos/29651.mp4', '/videos/29652.mp4', '/videos/29653.mp4', '/videos/29654.mp4', '/videos/29655.mp4', '/videos/65940.mp4', '/videos/29646.mp4', '/videos/29656.mp4', '/videos/29657.mp4', '/videos/29659.mp4', '/videos/29660.mp4', '/videos/29661.mp4', '/videos/29647.mp4']"
information,"['/videos/29631.mp4', '/videos/29641.mp4', '/videos/29632.mp4', '/videos/29633.mp4', '/videos/29634.mp4', '/videos/29635.mp4', '/videos/29636.mp4', '/videos/29637.mp4', '/videos/29638.mp4', '/videos/29639.mp4']"
innocent,"['/videos/29789.mp4', '/videos/29791.mp4', '/videos/29792.mp4', '/videos/29794.mp4', '/videos/29795.mp4', '/videos/29796.mp4', '/videos/29797.mp4', '/videos/29798.mp4']"
insect,"['/videos/29841.mp4', '/videos/29842.mp4', '/videos/29843.mp4', '/videos/29844.mp4', '/videos/29845.mp4', '/videos/29847.mp4', '/videos/29848.mp4', '/videos/29849.mp4']"
inside,"['/videos/29865.mp4', '/videos/70162.mp4', '/videos/65942.mp4', '/videos/29866.mp4', '/videos/29867.mp4', '/videos/29868.mp4', '/videos/29869.mp4', '/videos/29870.mp4', '/videos/29871.mp4', '/videos/29872.mp4', '/videos/29873.mp4']"
inspect,"['/videos/29897.mp4', '/videos/29898.mp4', '/videos/29899.mp4', '/videos/29900.mp4', '/videos/29901.mp4', '/videos/29902.mp4', '/videos/29903.mp4']"
inspire,"['/videos/65943.mp4', '/videos/29919.mp4', '/videos/29920.mp4', '/videos/29921.mp4', '/videos/29922.mp4', '/videos/29924.mp4', '/videos/29925.mp4']"
instead,"['/videos/29961.mp4', '/videos/65945.mp4', '/videos/29962.mp4', '/videos/29963.mp4', '/videos/29964.mp4', '/videos/29965.mp4', '/videos/29966.mp4', '/videos/29967.mp4']"
institute,"['/videos/29976.mp4', '/videos/65947.mp4', '/videos/29979.mp4', '/videos/29980.mp4', '/videos/29981.mp4', '/videos/29982.mp4', '/videos/29984.mp4', '/videos/29986.mp4']"
insurance,"['/videos/30051.mp4', '/videos/30060.mp4', '/videos/67792.mp4', '/videos/30052.mp4', '/videos/30053.mp4', '/videos/30054.mp4', '/videos/30055.mp4', '/videos/30056.mp4', '/videos/30057.mp4', '/videos/30058.mp4', '/videos/30059.mp4']"
interest,"['/videos/65950.mp4', '/videos/30153.mp4', '/videos/30154.mp4', '/videos/30155.mp4', '/videos/30156.mp4', '/videos/30158.mp4', '/videos/30160.mp4', '/videos/30152.mp4', '/videos/67794.mp4', '/videos/30162.mp4', '/videos/30163.mp4', '/videos/30164.mp4', '/videos/30165.mp4', '/videos/30166.mp4', '/videos/30168.mp4']"
interesting,"['/videos/68308.mp4', '/videos/30177.mp4', '/videos/30169.mp4', '/videos/30180.mp4', '/videos/30170.mp4', '/videos/30171.mp4', '/videos/30172.mp4', '/videos/30173.mp4', '/videos/30175.mp4']"
international,"['/videos/30215.mp4', '/videos/30217.mp4', '/videos/30218.mp4', '/videos/30219.mp4', '/videos/30220.mp4', '/videos/30221.mp4', '/videos/30222.mp4', '/videos/30223.mp4']"
internet,"['/videos/30227.mp4', '/videos/30235.mp4', '/videos/30237.mp4', '/videos/30238.mp4', '/videos/30239.mp4', '/videos/30230.mp4', '/videos/67793.mp4', '/videos/30240.mp4', '/videos/30241.mp4', '/videos/30242.mp4', '/videos/30231.mp4', '/videos/30232.mp4', '/videos/30233.mp4', '/videos/30234.mp4']"
interpret,"['/videos/30252.mp4', '/videos/68077.mp4', '/videos/68962.mp4', '/videos/30271.mp4', '/videos/30264.mp4', '/videos/30265.mp4', '/videos/30267.mp4', '/videos/30268.mp4', '/videos/30269.mp4', '/videos/30270.mp4']"
interpreter,"['/videos/30256.mp4', '/videos/65954.mp4', '/videos/67795.mp4', '/videos/30257.mp4', '/videos/30258.mp4', '/videos/30259.mp4', '/videos/30260.mp4', '/videos/30261.mp4', '/videos/30262.mp4']"
interrupt,"['/videos/30277.mp4', '/videos/30285.mp4', '/videos/30287.mp4', '/videos/30288.mp4', '/videos/30289.mp4', '/videos/30278.mp4', '/videos/30281.mp4', '/videos/30283.mp4']"
intersection,"['/videos/30297.mp4', '/videos/70182.mp4', '/videos/30298.mp4', '/videos/30300.mp4', '/videos/30301.mp4', '/videos/30302.mp4', '/videos/30304.mp4']"
interview,"['/videos/30311.mp4', '/videos/30321.mp4', '/videos/30323.mp4', '/videos/65956.mp4', '/videos/30325.mp4', '/videos/30326.mp4', '/videos/30327.mp4', '/videos/30316.mp4', '/videos/30318.mp4', '/videos/30319.mp4']"
introduce,"['/videos/30383.mp4', '/videos/30391.mp4', '/videos/30392.mp4', '/videos/65958.mp4', '/videos/67796.mp4', '/videos/30384.mp4', '/videos/30385.mp4', '/videos/30386.mp4', '/videos/30387.mp4', '/videos/30388.mp4', '/videos/30389.mp4', '/videos/30390.mp4']"
invest,"['/videos/30453.mp4', '/videos/30454.mp4', '/videos/30455.mp4', '/videos/30457.mp4', '/videos/30458.mp4', '/videos/30460.mp4', '/videos/65959.mp4', '/videos/30451.mp4', '/videos/30461.mp4', '/videos/30463.mp4', '/videos/30464.mp4', '/videos/30452.mp4']"
investigate,"['/videos/30467.mp4', '/videos/30473.mp4', '/videos/30474.mp4', '/videos/30475.mp4', '/videos/30476.mp4', '/videos/65960.mp4', '/videos/30477.mp4', '/videos/30478.mp4', '/videos/30468.mp4', '/videos/30469.mp4', '/videos/30470.mp4', '/videos/30471.mp4', '/videos/30472.mp4']"
invite,"['/videos/30509.mp4', '/videos/65961.mp4', '/videos/67797.mp4', '/videos/30510.mp4', '/videos/30511.mp4', '/videos/30512.mp4', '/videos/30513.mp4', '/videos/30514.mp4', '/videos/30515.mp4', '/videos/30516.mp4']"
involve,"['/videos/65962.mp4', '/videos/30522.mp4', '/videos/30523.mp4', '/videos/30524.mp4', '/videos/30525.mp4', '/videos/30526.mp4', '/videos/30527.mp4', '/videos/30528.mp4']"
iran,"['/videos/30559.mp4', '/videos/30560.mp4', '/videos/30561.mp4', '/videos/30562.mp4', '/videos/30563.mp4', '/videos/30564.mp4', '/videos/30565.mp4', '/videos/30566.mp4', '/videos/30567.mp4']"
ireland,"['/videos/30582.mp4', '/videos/65963.mp4', '/videos/30584.mp4', '/videos/30585.mp4', '/videos/30587.mp4', '/videos/30588.mp4', '/videos/30589.mp4']"
iron,"['/videos/65964.mp4', '/videos/30603.mp4', '/videos/30595.mp4', '/videos/67798.mp4', '/videos/30596.mp4', '/videos/30600.mp4', '/videos/30601.mp4']"
island,"['/videos/30674.mp4', '/videos/30682.mp4', '/videos/65966.mp4', '/videos/67799.mp4', '/videos/30675.mp4', '/videos/30676.mp4', '/videos/30677.mp4', '/videos/30678.mp4', '/videos/30679.mp4', '/videos/30680.mp4', '/videos/30681.mp4']"
israel,"['/videos/30706.mp4', '/videos/30713.mp4', '/videos/30715.mp4', '/videos/67800.mp4', '/videos/30717.mp4', '/videos/30718.mp4', '/videos/30719.mp4', '/videos/30707.mp4', '/videos/30709.mp4', '/videos/30710.mp4']"
italy,"['/videos/30748.mp4', '/videos/30749.mp4', '/videos/30752.mp4', '/videos/65969.mp4', '/videos/67801.mp4', '/videos/30754.mp4', '/videos/30755.mp4', '/videos/30745.mp4', '/videos/30746.mp4']"
j,"['/videos/30820.mp4', '/videos/66048.mp4', '/videos/31100.mp4', '/videos/31101.mp4', '/videos/31102.mp4', '/videos/31103.mp4', '/videos/31104.mp4']"
jacket,"['/videos/30830.mp4', '/videos/68320.mp4', '/videos/68079.mp4', '/videos/30847.mp4', '/videos/30848.mp4', '/videos/30849.mp4', '/videos/30831.mp4', '/videos/30832.mp4', '/videos/30833.mp4', '/videos/30834.mp4', '/videos/30835.mp4', '/videos/30837.mp4', '/videos/30838.mp4', '/videos/67802.mp4', '/videos/30840.mp4', '/videos/30841.mp4', '/videos/30842.mp4', '/videos/30843.mp4']"
jail,"['/videos/30870.mp4', '/videos/30881.mp4', '/videos/30873.mp4', '/videos/30875.mp4', '/videos/30876.mp4', '/videos/30877.mp4', '/videos/30878.mp4', '/videos/30879.mp4']"
january,"['/videos/30917.mp4', '/videos/30921.mp4', '/videos/30919.mp4', '/videos/30922.mp4', '/videos/30920.mp4', '/videos/30923.mp4', '/videos/30924.mp4', '/videos/30926.mp4']"
japan,"['/videos/30927.mp4', '/videos/30937.mp4', '/videos/30938.mp4', '/videos/30941.mp4', '/videos/30942.mp4', '/videos/30933.mp4', '/videos/67803.mp4', '/videos/30944.mp4', '/videos/30945.mp4', '/videos/30946.mp4', '/videos/30934.mp4', '/videos/30935.mp4', '/videos/30936.mp4']"
jealous,"['/videos/30973.mp4', '/videos/30978.mp4', '/videos/30979.mp4', '/videos/30982.mp4', '/videos/67804.mp4', '/videos/30983.mp4', '/videos/30984.mp4', '/videos/30985.mp4', '/videos/30986.mp4', '/videos/30987.mp4', '/videos/30988.mp4', '/videos/30974.mp4', '/videos/30975.mp4']"
jesus,"['/videos/31047.mp4', '/videos/31049.mp4', '/videos/31050.mp4', '/videos/31051.mp4', '/videos/31052.mp4', '/videos/31053.mp4', '/videos/31054.mp4', '/videos/31055.mp4', '/videos/31056.mp4', '/videos/31057.mp4']"
jewelry,"['/videos/31072.mp4', '/videos/65978.mp4', '/videos/31077.mp4', '/videos/31078.mp4', '/videos/31079.mp4', '/videos/31080.mp4', '/videos/31082.mp4']"
jewish,"['/videos/31092.mp4', '/videos/65979.mp4', '/videos/67806.mp4', '/videos/31093.mp4', '/videos/31094.mp4', '/videos/31095.mp4', '/videos/31096.mp4', '/videos/31097.mp4', '/videos/31098.mp4']"
join,"['/videos/31147.mp4', '/videos/69006.mp4', '/videos/31151.mp4', '/videos/31152.mp4', '/videos/31153.mp4', '/videos/31154.mp4', '/videos/31155.mp4', '/videos/31157.mp4', '/videos/31158.mp4', '/videos/65981.mp4', '/videos/31149.mp4', '/videos/31159.mp4', '/videos/31161.mp4', '/videos/31163.mp4', '/videos/31165.mp4']"
joke,"['/videos/31177.mp4', '/videos/31179.mp4', '/videos/31181.mp4', '/videos/31182.mp4', '/videos/31183.mp4', '/videos/31184.mp4', '/videos/31185.mp4', '/videos/31186.mp4']"
journey,"['/videos/31216.mp4', '/videos/31218.mp4', '/videos/31219.mp4', '/videos/31220.mp4', '/videos/31221.mp4', '/videos/31222.mp4', '/videos/31223.mp4']"
joy,"['/videos/31232.mp4', '/videos/31233.mp4', '/videos/31234.mp4', '/videos/31236.mp4', '/videos/31237.mp4', '/videos/31238.mp4', '/videos/31239.mp4']"
judge,"['/videos/31251.mp4', '/videos/31259.mp4', '/videos/31260.mp4', '/videos/67808.mp4', '/videos/31261.mp4', '/videos/31262.mp4', '/videos/31264.mp4', '/videos/31252.mp4', '/videos/31253.mp4']"
july,"['/videos/31297.mp4', '/videos/31300.mp4', '/videos/31306.mp4', '/videos/31301.mp4', '/videos/31302.mp4', '/videos/31303.mp4', '/videos/31304.mp4']"
jump,"['/videos/69380.mp4', '/videos/65983.mp4', '/videos/68080.mp4', '/videos/69000.mp4', '/videos/31323.mp4', '/videos/31324.mp4', '/videos/31315.mp4', '/videos/67810.mp4', '/videos/31316.mp4', '/videos/31317.mp4', '/videos/31318.mp4', '/videos/31320.mp4', '/videos/31321.mp4', '/videos/31322.mp4']"
june,"['/videos/31345.mp4', '/videos/31346.mp4', '/videos/31347.mp4', '/videos/31348.mp4', '/videos/31349.mp4', '/videos/31350.mp4', '/videos/31351.mp4', '/videos/31353.mp4']"
k,"['/videos/31436.mp4', '/videos/66049.mp4', '/videos/31583.mp4', '/videos/31584.mp4', '/videos/31585.mp4', '/videos/31586.mp4', '/videos/31587.mp4']"
kangaroo,"['/videos/31441.mp4', '/videos/65986.mp4', '/videos/67811.mp4', '/videos/31442.mp4', '/videos/31444.mp4', '/videos/31445.mp4', '/videos/31446.mp4', '/videos/31447.mp4']"
karate,"['/videos/31456.mp4', '/videos/31457.mp4', '/videos/31458.mp4', '/videos/31459.mp4', '/videos/31460.mp4', '/videos/31461.mp4', '/videos/31462.mp4', '/videos/31463.mp4']"
keep,"['/videos/31481.mp4', '/videos/31491.mp4', '/videos/31494.mp4', '/videos/65987.mp4', '/videos/31485.mp4', '/videos/31495.mp4', '/videos/31496.mp4', '/videos/31486.mp4', '/videos/31487.mp4', '/videos/31488.mp4']"
key,"['/videos/65989.mp4', '/videos/31571.mp4', '/videos/31572.mp4', '/videos/67813.mp4', '/videos/31564.mp4', '/videos/31565.mp4', '/videos/31566.mp4', '/videos/31567.mp4', '/videos/31569.mp4']"
keyboard,"['/videos/31553.mp4', '/videos/67812.mp4', '/videos/31554.mp4', '/videos/31555.mp4', '/videos/31556.mp4', '/videos/31557.mp4', '/videos/31558.mp4', '/videos/31559.mp4', '/videos/31560.mp4', '/videos/31561.mp4']"
kick,"['/videos/31588.mp4', '/videos/65990.mp4', '/videos/31592.mp4', '/videos/31594.mp4', '/videos/31595.mp4', '/videos/31596.mp4', '/videos/31599.mp4', '/videos/31600.mp4']"
kid,"['/videos/65991.mp4', '/videos/31621.mp4', '/videos/31612.mp4', '/videos/67814.mp4', '/videos/31613.mp4', '/videos/31614.mp4', '/videos/31620.mp4']"
kill,"['/videos/31641.mp4', '/videos/31654.mp4', '/videos/31655.mp4', '/videos/31656.mp4', '/videos/31657.mp4', '/videos/31658.mp4', '/videos/65992.mp4', '/videos/31649.mp4', '/videos/67815.mp4', '/videos/31659.mp4', '/videos/31660.mp4', '/videos/31650.mp4', '/videos/31651.mp4', '/videos/31652.mp4']"
kindergarten,"['/videos/31687.mp4', '/videos/31688.mp4', '/videos/31689.mp4', '/videos/31690.mp4', '/videos/31691.mp4', '/videos/31692.mp4', '/videos/31693.mp4']"
king,"['/videos/31723.mp4', '/videos/31736.mp4', '/videos/31738.mp4', '/videos/31739.mp4', '/videos/65994.mp4', '/videos/31730.mp4', '/videos/67816.mp4', '/videos/31740.mp4', '/videos/31731.mp4', '/videos/31732.mp4', '/videos/31733.mp4', '/videos/31734.mp4', '/videos/31735.mp4']"
kiss,"['/videos/31746.mp4', '/videos/31765.mp4', '/videos/31766.mp4', '/videos/31767.mp4', '/videos/31750.mp4', '/videos/31751.mp4', '/videos/31752.mp4', '/videos/31753.mp4', '/videos/31754.mp4', '/videos/31755.mp4', '/videos/31756.mp4', '/videos/65996.mp4', '/videos/31757.mp4', '/videos/31758.mp4', '/videos/31749.mp4', '/videos/67817.mp4', '/videos/31759.mp4', '/videos/31762.mp4', '/videos/31763.mp4', '/videos/31764.mp4']"
kitchen,"['/videos/31775.mp4', '/videos/31776.mp4', '/videos/31777.mp4', '/videos/31778.mp4', '/videos/31779.mp4', '/videos/31780.mp4', '/videos/65997.mp4', '/videos/67818.mp4', '/videos/31782.mp4', '/videos/31783.mp4', '/videos/31785.mp4', '/videos/31773.mp4', '/videos/31774.mp4']"
kneel,"['/videos/31832.mp4', '/videos/67819.mp4', '/videos/31833.mp4', '/videos/31834.mp4', '/videos/31835.mp4', '/videos/31836.mp4', '/videos/31837.mp4', '/videos/31838.mp4']"
knife,"['/videos/31841.mp4', '/videos/70320.mp4', '/videos/31843.mp4', '/videos/31844.mp4', '/videos/31846.mp4', '/videos/31848.mp4', '/videos/31849.mp4', '/videos/31850.mp4', '/videos/66000.mp4', '/videos/67821.mp4', '/videos/31851.mp4', '/videos/31852.mp4', '/videos/31853.mp4', '/videos/31854.mp4', '/videos/31855.mp4', '/videos/31856.mp4', '/videos/31842.mp4']"
knock,"['/videos/31874.mp4', '/videos/31886.mp4', '/videos/66001.mp4', '/videos/31880.mp4', '/videos/31882.mp4', '/videos/31883.mp4', '/videos/31884.mp4', '/videos/31885.mp4']"
know,"['/videos/31896.mp4', '/videos/31900.mp4', '/videos/31901.mp4', '/videos/31902.mp4', '/videos/31903.mp4', '/videos/31904.mp4', '/videos/31905.mp4', '/videos/66002.mp4', '/videos/67823.mp4', '/videos/31906.mp4', '/videos/31907.mp4', '/videos/31908.mp4', '/videos/31909.mp4', '/videos/31897.mp4', '/videos/31898.mp4', '/videos/31899.mp4']"
label,"['/videos/31975.mp4', '/videos/31984.mp4', '/videos/66006.mp4', '/videos/31976.mp4', '/videos/31978.mp4', '/videos/31979.mp4', '/videos/31980.mp4', '/videos/31981.mp4', '/videos/31983.mp4']"
lady,"['/videos/32046.mp4', '/videos/32047.mp4', '/videos/32048.mp4', '/videos/32049.mp4', '/videos/32050.mp4', '/videos/32051.mp4', '/videos/32052.mp4']"
lamp,"['/videos/32092.mp4', '/videos/32096.mp4', '/videos/32097.mp4', '/videos/32100.mp4', '/videos/67824.mp4', '/videos/32104.mp4', '/videos/32094.mp4']"
land,"['/videos/69382.mp4', '/videos/32113.mp4', '/videos/32121.mp4', '/videos/32122.mp4', '/videos/32123.mp4', '/videos/32115.mp4', '/videos/32117.mp4', '/videos/32118.mp4', '/videos/32119.mp4', '/videos/32120.mp4']"
language,"['/videos/32146.mp4', '/videos/68084.mp4', '/videos/68085.mp4', '/videos/68904.mp4', '/videos/32156.mp4', '/videos/32157.mp4', '/videos/32158.mp4', '/videos/32160.mp4', '/videos/32161.mp4', '/videos/32162.mp4', '/videos/32163.mp4', '/videos/66008.mp4', '/videos/66007.mp4', '/videos/32154.mp4', '/videos/67827.mp4', '/videos/32164.mp4', '/videos/32165.mp4', '/videos/32166.mp4', '/videos/32167.mp4', '/videos/32155.mp4']"
laptop,"['/videos/32189.mp4', '/videos/32197.mp4', '/videos/66009.mp4', '/videos/67825.mp4', '/videos/32191.mp4', '/videos/32192.mp4', '/videos/32193.mp4', '/videos/32195.mp4']"
large,"['/videos/32200.mp4', '/videos/32210.mp4', '/videos/32211.mp4', '/videos/32212.mp4', '/videos/32203.mp4', '/videos/32213.mp4', '/videos/32214.mp4', '/videos/32204.mp4', '/videos/32205.mp4', '/videos/32206.mp4', '/videos/32207.mp4', '/videos/32208.mp4', '/videos/32209.mp4']"
last,"['/videos/66010.mp4', '/videos/68086.mp4', '/videos/69068.mp4', '/videos/32263.mp4', '/videos/32248.mp4', '/videos/32249.mp4', '/videos/32250.mp4', '/videos/32251.mp4', '/videos/32252.mp4', '/videos/32253.mp4', '/videos/32254.mp4', '/videos/32255.mp4', '/videos/32246.mp4', '/videos/67826.mp4', '/videos/32257.mp4', '/videos/32258.mp4', '/videos/32259.mp4', '/videos/32260.mp4', '/videos/32261.mp4']"
last week,"['/videos/32275.mp4', '/videos/66011.mp4', '/videos/32276.mp4', '/videos/32277.mp4', '/videos/32278.mp4', '/videos/32279.mp4', '/videos/32280.mp4']"
last year,"['/videos/32281.mp4', '/videos/32287.mp4', '/videos/32288.mp4', '/videos/32289.mp4', '/videos/32290.mp4', '/videos/66012.mp4', '/videos/32291.mp4', '/videos/32293.mp4', '/videos/32282.mp4', '/videos/32283.mp4', '/videos/32284.mp4', '/videos/32285.mp4', '/videos/32286.mp4']"
late,"['/videos/32298.mp4', '/videos/70297.mp4', '/videos/32304.mp4', '/videos/32305.mp4', '/videos/32306.mp4', '/videos/32307.mp4', '/videos/32308.mp4', '/videos/32309.mp4', '/videos/66013.mp4', '/videos/32300.mp4', '/videos/67828.mp4', '/videos/32310.mp4', '/videos/32311.mp4', '/videos/32312.mp4', '/videos/32302.mp4', '/videos/32303.mp4']"
later,"['/videos/32319.mp4', '/videos/32335.mp4', '/videos/32336.mp4', '/videos/32337.mp4', '/videos/32338.mp4', '/videos/32320.mp4', '/videos/32321.mp4', '/videos/32322.mp4', '/videos/32323.mp4', '/videos/32324.mp4', '/videos/32325.mp4', '/videos/66015.mp4', '/videos/32326.mp4', '/videos/32327.mp4', '/videos/32328.mp4', '/videos/66014.mp4', '/videos/67829.mp4', '/videos/32329.mp4', '/videos/32333.mp4', '/videos/32334.mp4']"
laugh,"['/videos/32373.mp4', '/videos/32393.mp4', '/videos/32395.mp4', '/videos/32397.mp4', '/videos/32398.mp4', '/videos/32379.mp4', '/videos/32380.mp4', '/videos/32381.mp4', '/videos/66016.mp4', '/videos/32382.mp4', '/videos/32383.mp4', '/videos/32386.mp4', '/videos/32377.mp4', '/videos/67831.mp4', '/videos/32388.mp4', '/videos/32389.mp4', '/videos/32392.mp4']"
laundry,"['/videos/32419.mp4', '/videos/32421.mp4', '/videos/32422.mp4', '/videos/32423.mp4', '/videos/32424.mp4', '/videos/32426.mp4', '/videos/32427.mp4']"
law,"['/videos/66017.mp4', '/videos/70158.mp4', '/videos/32454.mp4', '/videos/32455.mp4', '/videos/32456.mp4', '/videos/32447.mp4', '/videos/32457.mp4', '/videos/32458.mp4', '/videos/32448.mp4', '/videos/32449.mp4', '/videos/32450.mp4', '/videos/32451.mp4', '/videos/32452.mp4', '/videos/32453.mp4']"
lawyer,"['/videos/32473.mp4', '/videos/67832.mp4', '/videos/32474.mp4', '/videos/32475.mp4', '/videos/32476.mp4', '/videos/32477.mp4', '/videos/32478.mp4', '/videos/32479.mp4', '/videos/32480.mp4', '/videos/32481.mp4']"
lazy,"['/videos/32509.mp4', '/videos/32517.mp4', '/videos/32518.mp4', '/videos/66019.mp4', '/videos/67833.mp4', '/videos/32510.mp4', '/videos/32511.mp4', '/videos/32512.mp4', '/videos/32513.mp4', '/videos/32514.mp4', '/videos/32515.mp4', '/videos/32516.mp4']"
lead,"['/videos/66020.mp4', '/videos/32540.mp4', '/videos/32541.mp4', '/videos/32543.mp4', '/videos/32535.mp4', '/videos/32545.mp4', '/videos/32547.mp4', '/videos/32537.mp4', '/videos/32538.mp4', '/videos/32539.mp4']"
leader,"['/videos/32519.mp4', '/videos/32530.mp4', '/videos/32520.mp4', '/videos/32521.mp4', '/videos/32522.mp4', '/videos/32523.mp4', '/videos/32524.mp4']"
leaf,"['/videos/32552.mp4', '/videos/69384.mp4', '/videos/66021.mp4', '/videos/32554.mp4', '/videos/32555.mp4', '/videos/32556.mp4', '/videos/32557.mp4', '/videos/32558.mp4', '/videos/32559.mp4']"
league,"['/videos/32561.mp4', '/videos/66022.mp4', '/videos/32562.mp4', '/videos/32563.mp4', '/videos/32565.mp4', '/videos/32566.mp4', '/videos/32567.mp4']"
leak,"['/videos/32575.mp4', '/videos/32576.mp4', '/videos/32579.mp4', '/videos/32569.mp4', '/videos/32570.mp4', '/videos/32571.mp4', '/videos/32573.mp4']"
learn,"['/videos/32598.mp4', '/videos/68088.mp4', '/videos/70205.mp4', '/videos/32608.mp4', '/videos/32609.mp4', '/videos/32610.mp4', '/videos/32612.mp4', '/videos/32613.mp4', '/videos/66024.mp4', '/videos/32604.mp4', '/videos/67835.mp4', '/videos/32614.mp4', '/videos/32615.mp4', '/videos/32616.mp4', '/videos/32605.mp4', '/videos/32606.mp4', '/videos/32607.mp4']"
leave,"['/videos/32673.mp4', '/videos/32655.mp4', '/videos/32675.mp4', '/videos/32677.mp4', '/videos/66025.mp4', '/videos/32657.mp4', '/videos/32658.mp4', '/videos/32659.mp4', '/videos/32661.mp4', '/videos/32662.mp4', '/videos/32663.mp4', '/videos/32654.mp4', '/videos/67836.mp4', '/videos/32664.mp4', '/videos/32667.mp4', '/videos/32669.mp4']"
lecture,"['/videos/32692.mp4', '/videos/32701.mp4', '/videos/67837.mp4', '/videos/32693.mp4', '/videos/32694.mp4', '/videos/32695.mp4', '/videos/32696.mp4', '/videos/32697.mp4', '/videos/32698.mp4', '/videos/32699.mp4', '/videos/32700.mp4']"
left,"['/videos/66028.mp4', '/videos/32725.mp4', '/videos/32726.mp4', '/videos/32728.mp4', '/videos/32729.mp4', '/videos/32730.mp4', '/videos/32732.mp4', '/videos/32735.mp4', '/videos/32722.mp4']"
legal,"['/videos/32752.mp4', '/videos/32754.mp4', '/videos/32755.mp4', '/videos/32756.mp4', '/videos/32757.mp4', '/videos/32758.mp4', '/videos/32759.mp4']"
lemon,"['/videos/32806.mp4', '/videos/32816.mp4', '/videos/32818.mp4', '/videos/32819.mp4', '/videos/32820.mp4', '/videos/66030.mp4', '/videos/66031.mp4', '/videos/66032.mp4', '/videos/66033.mp4', '/videos/32812.mp4', '/videos/67838.mp4', '/videos/32813.mp4', '/videos/32814.mp4']"
lend,"['/videos/32822.mp4', '/videos/66034.mp4', '/videos/32824.mp4', '/videos/32825.mp4', '/videos/32826.mp4', '/videos/32827.mp4', '/videos/32828.mp4', '/videos/32829.mp4', '/videos/32830.mp4']"
lesbian,"['/videos/32858.mp4', '/videos/68556.mp4', '/videos/66035.mp4', '/videos/32859.mp4', '/videos/32860.mp4', '/videos/32863.mp4', '/videos/32864.mp4', '/videos/32865.mp4', '/videos/32866.mp4', '/videos/32867.mp4']"
less,"['/videos/32869.mp4', '/videos/69386.mp4', '/videos/32877.mp4', '/videos/32878.mp4', '/videos/32879.mp4', '/videos/32881.mp4', '/videos/32882.mp4', '/videos/32883.mp4', '/videos/32884.mp4']"
lesson,"['/videos/32885.mp4', '/videos/32893.mp4', '/videos/32894.mp4', '/videos/66037.mp4', '/videos/67839.mp4', '/videos/32887.mp4', '/videos/32888.mp4', '/videos/32889.mp4', '/videos/32890.mp4', '/videos/32891.mp4', '/videos/32892.mp4']"
let,"['/videos/32902.mp4', '/videos/32911.mp4', '/videos/32914.mp4', '/videos/32915.mp4', '/videos/32916.mp4', '/videos/32917.mp4', '/videos/32918.mp4']"
letter,"['/videos/66038.mp4', '/videos/68636.mp4', '/videos/70325.mp4', '/videos/68089.mp4', '/videos/32948.mp4', '/videos/32949.mp4', '/videos/32950.mp4', '/videos/32951.mp4', '/videos/32953.mp4', '/videos/32954.mp4', '/videos/32945.mp4', '/videos/67840.mp4', '/videos/32955.mp4', '/videos/32956.mp4', '/videos/32957.mp4', '/videos/32959.mp4', '/videos/32946.mp4', '/videos/32947.mp4']"
lettuce,"['/videos/32962.mp4', '/videos/32969.mp4', '/videos/32970.mp4', '/videos/32971.mp4', '/videos/66065.mp4', '/videos/67842.mp4', '/videos/32972.mp4', '/videos/32963.mp4', '/videos/32964.mp4', '/videos/32965.mp4', '/videos/32966.mp4', '/videos/32967.mp4', '/videos/32968.mp4']"
liability,"['/videos/32999.mp4', '/videos/33000.mp4', '/videos/33001.mp4', '/videos/33002.mp4', '/videos/33003.mp4', '/videos/33004.mp4', '/videos/33005.mp4']"
librarian,"['/videos/33041.mp4', '/videos/33042.mp4', '/videos/33043.mp4', '/videos/33044.mp4', '/videos/33045.mp4', '/videos/33046.mp4', '/videos/33047.mp4']"
library,"['/videos/33048.mp4', '/videos/68206.mp4', '/videos/70226.mp4', '/videos/33051.mp4', '/videos/67843.mp4', '/videos/33052.mp4', '/videos/33053.mp4', '/videos/33054.mp4', '/videos/33055.mp4', '/videos/33056.mp4', '/videos/33057.mp4', '/videos/33058.mp4']"
license,"['/videos/33061.mp4', '/videos/33063.mp4', '/videos/33065.mp4', '/videos/33066.mp4', '/videos/33067.mp4', '/videos/33068.mp4', '/videos/33069.mp4']"
lie,"['/videos/66067.mp4', '/videos/33114.mp4', '/videos/33115.mp4', '/videos/33116.mp4', '/videos/33120.mp4', '/videos/33121.mp4', '/videos/33122.mp4', '/videos/67844.mp4', '/videos/33124.mp4', '/videos/33125.mp4', '/videos/33126.mp4', '/videos/33128.mp4']"
lift,"['/videos/69387.mp4', '/videos/66068.mp4', '/videos/33166.mp4', '/videos/33167.mp4', '/videos/33169.mp4', '/videos/33170.mp4', '/videos/33171.mp4', '/videos/33172.mp4']"
light,"['/videos/66069.mp4', '/videos/68090.mp4', '/videos/33224.mp4', '/videos/33206.mp4', '/videos/33229.mp4', '/videos/33231.mp4', '/videos/33205.mp4', '/videos/33210.mp4', '/videos/33211.mp4', '/videos/33212.mp4', '/videos/33214.mp4', '/videos/33217.mp4', '/videos/33218.mp4', '/videos/33220.mp4', '/videos/33221.mp4']"
lightning,"['/videos/33235.mp4', '/videos/69388.mp4', '/videos/33246.mp4', '/videos/33238.mp4', '/videos/33240.mp4', '/videos/33241.mp4', '/videos/33243.mp4', '/videos/33244.mp4']"
like,"['/videos/69389.mp4', '/videos/33266.mp4', '/videos/68093.mp4', '/videos/70299.mp4', '/videos/33285.mp4', '/videos/33267.mp4', '/videos/33286.mp4', '/videos/33268.mp4', '/videos/33269.mp4', '/videos/33270.mp4', '/videos/33271.mp4', '/videos/33273.mp4', '/videos/33274.mp4', '/videos/33277.mp4', '/videos/33278.mp4', '/videos/33279.mp4', '/videos/33280.mp4', '/videos/33281.mp4', '/videos/33282.mp4', '/videos/33283.mp4', '/videos/33284.mp4']"
limit,"['/videos/33303.mp4', '/videos/33319.mp4', '/videos/66072.mp4', '/videos/33311.mp4', '/videos/33312.mp4', '/videos/33313.mp4', '/videos/33314.mp4', '/videos/33315.mp4', '/videos/33316.mp4', '/videos/33317.mp4', '/videos/33318.mp4']"
line,"['/videos/69390.mp4', '/videos/33335.mp4', '/videos/33343.mp4', '/videos/33344.mp4', '/videos/67848.mp4', '/videos/33346.mp4', '/videos/33337.mp4', '/videos/33339.mp4', '/videos/33340.mp4', '/videos/33341.mp4']"
linguistics,"['/videos/33373.mp4', '/videos/66073.mp4', '/videos/33374.mp4', '/videos/33375.mp4', '/videos/33376.mp4', '/videos/33377.mp4', '/videos/33378.mp4', '/videos/33379.mp4', '/videos/33380.mp4']"
lion,"['/videos/33390.mp4', '/videos/70109.mp4', '/videos/67849.mp4', '/videos/33391.mp4', '/videos/33392.mp4', '/videos/33393.mp4', '/videos/33394.mp4', '/videos/33395.mp4', '/videos/33396.mp4', '/videos/33397.mp4', '/videos/33398.mp4']"
lip,"['/videos/33402.mp4', '/videos/33403.mp4', '/videos/33404.mp4', '/videos/33405.mp4', '/videos/33406.mp4', '/videos/33407.mp4', '/videos/33409.mp4', '/videos/33410.mp4']"
lipstick,"['/videos/33422.mp4', '/videos/67850.mp4', '/videos/33423.mp4', '/videos/33424.mp4', '/videos/33425.mp4', '/videos/33426.mp4', '/videos/33427.mp4', '/videos/33429.mp4']"
list,"['/videos/33450.mp4', '/videos/33475.mp4', '/videos/33477.mp4', '/videos/33478.mp4', '/videos/33479.mp4', '/videos/33480.mp4', '/videos/33481.mp4', '/videos/66075.mp4', '/videos/33472.mp4', '/videos/67852.mp4', '/videos/33482.mp4', '/videos/33484.mp4', '/videos/33485.mp4', '/videos/33486.mp4', '/videos/33473.mp4', '/videos/33474.mp4']"
listen,"['/videos/33451.mp4', '/videos/33462.mp4', '/videos/33463.mp4', '/videos/33454.mp4', '/videos/33465.mp4', '/videos/33466.mp4', '/videos/33455.mp4', '/videos/33456.mp4', '/videos/33457.mp4', '/videos/33459.mp4', '/videos/33460.mp4']"
little bit,"['/videos/33517.mp4', '/videos/68094.mp4', '/videos/68596.mp4', '/videos/33518.mp4', '/videos/33519.mp4', '/videos/33520.mp4', '/videos/33521.mp4']"
live,"['/videos/33537.mp4', '/videos/70019.mp4', '/videos/68574.mp4', '/videos/33543.mp4', '/videos/33544.mp4', '/videos/33545.mp4', '/videos/66078.mp4', '/videos/66079.mp4', '/videos/67853.mp4', '/videos/67851.mp4', '/videos/33538.mp4', '/videos/33539.mp4', '/videos/33540.mp4', '/videos/33541.mp4', '/videos/33542.mp4']"
loan,"['/videos/33607.mp4', '/videos/33616.mp4', '/videos/33609.mp4', '/videos/33610.mp4', '/videos/33612.mp4', '/videos/33613.mp4', '/videos/33615.mp4']"
lobster,"['/videos/33638.mp4', '/videos/33646.mp4', '/videos/33647.mp4', '/videos/67855.mp4', '/videos/33648.mp4', '/videos/33639.mp4', '/videos/33640.mp4', '/videos/33641.mp4', '/videos/33642.mp4', '/videos/33643.mp4', '/videos/33644.mp4', '/videos/33645.mp4']"
local,"['/videos/33650.mp4', '/videos/33651.mp4', '/videos/33652.mp4', '/videos/33653.mp4', '/videos/33654.mp4', '/videos/33656.mp4', '/videos/33657.mp4', '/videos/33658.mp4']"
lock,"['/videos/33677.mp4', '/videos/33703.mp4', '/videos/33704.mp4', '/videos/66080.mp4', '/videos/67854.mp4', '/videos/33696.mp4', '/videos/33697.mp4', '/videos/33698.mp4', '/videos/33699.mp4', '/videos/33701.mp4']"
lonely,"['/videos/33765.mp4', '/videos/66081.mp4', '/videos/67856.mp4', '/videos/33766.mp4', '/videos/33767.mp4', '/videos/33768.mp4', '/videos/33769.mp4', '/videos/33770.mp4', '/videos/33771.mp4']"
long,"['/videos/33804.mp4', '/videos/33805.mp4', '/videos/33806.mp4', '/videos/33807.mp4', '/videos/33808.mp4', '/videos/33809.mp4', '/videos/33810.mp4', '/videos/33811.mp4', '/videos/33812.mp4']"
look at,"['/videos/33848.mp4', '/videos/33851.mp4', '/videos/67859.mp4', '/videos/33855.mp4', '/videos/33856.mp4', '/videos/33857.mp4', '/videos/33858.mp4']"
look for,"['/videos/33880.mp4', '/videos/68976.mp4', '/videos/67860.mp4', '/videos/33881.mp4', '/videos/33882.mp4', '/videos/33883.mp4', '/videos/33884.mp4']"
lord,"['/videos/33979.mp4', '/videos/33980.mp4', '/videos/33981.mp4', '/videos/33982.mp4', '/videos/33983.mp4', '/videos/33985.mp4', '/videos/33986.mp4']"
lose,"['/videos/34002.mp4', '/videos/34004.mp4', '/videos/34005.mp4', '/videos/34006.mp4', '/videos/34007.mp4', '/videos/34008.mp4', '/videos/34009.mp4', '/videos/34010.mp4', '/videos/67861.mp4', '/videos/34012.mp4', '/videos/34013.mp4', '/videos/34014.mp4', '/videos/34015.mp4', '/videos/34016.mp4', '/videos/34017.mp4', '/videos/34018.mp4']"
loud,"['/videos/34086.mp4', '/videos/34094.mp4', '/videos/34095.mp4', '/videos/66087.mp4', '/videos/67863.mp4', '/videos/34087.mp4', '/videos/34088.mp4', '/videos/34089.mp4', '/videos/34091.mp4', '/videos/34093.mp4']"
lousy,"['/videos/34109.mp4', '/videos/66088.mp4', '/videos/34110.mp4', '/videos/34111.mp4', '/videos/34112.mp4', '/videos/34113.mp4', '/videos/34114.mp4', '/videos/34115.mp4', '/videos/34116.mp4', '/videos/34117.mp4']"
love,"['/videos/34118.mp4', '/videos/34123.mp4', '/videos/34124.mp4', '/videos/34125.mp4', '/videos/34127.mp4', '/videos/34128.mp4', '/videos/34129.mp4', '/videos/34121.mp4', '/videos/34133.mp4', '/videos/34134.mp4', '/videos/34136.mp4', '/videos/34137.mp4']"
lucky,"['/videos/66090.mp4', '/videos/34210.mp4', '/videos/34211.mp4', '/videos/34212.mp4', '/videos/34213.mp4', '/videos/34204.mp4', '/videos/67866.mp4', '/videos/34215.mp4', '/videos/34205.mp4', '/videos/34206.mp4', '/videos/34207.mp4', '/videos/34208.mp4']"
lunch,"['/videos/70028.mp4', '/videos/34272.mp4', '/videos/34265.mp4', '/videos/34275.mp4', '/videos/34276.mp4', '/videos/34266.mp4', '/videos/34268.mp4', '/videos/34269.mp4', '/videos/34270.mp4', '/videos/34271.mp4']"
m,"['/videos/34336.mp4', '/videos/66051.mp4', '/videos/35897.mp4', '/videos/35898.mp4', '/videos/35899.mp4', '/videos/35900.mp4', '/videos/35901.mp4']"
machine,"['/videos/34352.mp4', '/videos/66091.mp4', '/videos/67865.mp4', '/videos/34353.mp4', '/videos/34354.mp4', '/videos/34355.mp4', '/videos/34356.mp4', '/videos/34357.mp4', '/videos/34358.mp4', '/videos/34359.mp4']"
mad,"['/videos/34365.mp4', '/videos/34375.mp4', '/videos/34369.mp4', '/videos/34379.mp4', '/videos/34380.mp4', '/videos/34381.mp4', '/videos/34382.mp4', '/videos/34370.mp4', '/videos/34371.mp4', '/videos/34372.mp4']"
magazine,"['/videos/34385.mp4', '/videos/34393.mp4', '/videos/34394.mp4', '/videos/67867.mp4', '/videos/34395.mp4', '/videos/34386.mp4', '/videos/34387.mp4', '/videos/34388.mp4', '/videos/34389.mp4', '/videos/34390.mp4', '/videos/34391.mp4', '/videos/34392.mp4']"
magic,"['/videos/34396.mp4', '/videos/66092.mp4', '/videos/67868.mp4', '/videos/34397.mp4', '/videos/34398.mp4', '/videos/34399.mp4', '/videos/34400.mp4', '/videos/34401.mp4', '/videos/34402.mp4']"
mainstream,"['/videos/34508.mp4', '/videos/70208.mp4', '/videos/34510.mp4', '/videos/34511.mp4', '/videos/34512.mp4', '/videos/34513.mp4', '/videos/34514.mp4', '/videos/34515.mp4', '/videos/34516.mp4']"
major,"['/videos/34543.mp4', '/videos/68097.mp4', '/videos/34544.mp4', '/videos/34545.mp4', '/videos/34546.mp4', '/videos/34547.mp4', '/videos/34548.mp4', '/videos/34549.mp4', '/videos/34550.mp4']"
make,"['/videos/34558.mp4', '/videos/68226.mp4', '/videos/70082.mp4', '/videos/34581.mp4', '/videos/34582.mp4', '/videos/34583.mp4', '/videos/34584.mp4', '/videos/34575.mp4', '/videos/67871.mp4', '/videos/34585.mp4', '/videos/34586.mp4', '/videos/34577.mp4', '/videos/34578.mp4', '/videos/34579.mp4', '/videos/34580.mp4']"
man,"['/videos/34685.mp4', '/videos/69395.mp4', '/videos/68794.mp4', '/videos/34746.mp4', '/videos/34733.mp4', '/videos/34734.mp4', '/videos/34736.mp4', '/videos/34737.mp4', '/videos/34738.mp4', '/videos/34739.mp4', '/videos/34741.mp4', '/videos/66098.mp4', '/videos/66099.mp4', '/videos/66097.mp4', '/videos/34732.mp4', '/videos/67872.mp4', '/videos/34742.mp4', '/videos/34743.mp4', '/videos/34744.mp4', '/videos/34745.mp4']"
manage,"['/videos/34686.mp4', '/videos/66100.mp4', '/videos/34687.mp4', '/videos/34688.mp4', '/videos/34689.mp4', '/videos/34690.mp4', '/videos/34691.mp4', '/videos/34692.mp4']"
manager,"['/videos/34698.mp4', '/videos/34708.mp4', '/videos/34709.mp4', '/videos/34699.mp4', '/videos/34701.mp4', '/videos/34702.mp4', '/videos/34703.mp4', '/videos/34704.mp4', '/videos/34705.mp4']"
many,"['/videos/34822.mp4', '/videos/69396.mp4', '/videos/70308.mp4', '/videos/34823.mp4', '/videos/34824.mp4', '/videos/34825.mp4', '/videos/34826.mp4', '/videos/34827.mp4', '/videos/34828.mp4', '/videos/34829.mp4', '/videos/34830.mp4', '/videos/34831.mp4', '/videos/67873.mp4', '/videos/34832.mp4', '/videos/34833.mp4', '/videos/34834.mp4', '/videos/34835.mp4', '/videos/34836.mp4', '/videos/34837.mp4', '/videos/34838.mp4', '/videos/34839.mp4']"
march,"['/videos/34861.mp4', '/videos/34868.mp4', '/videos/34869.mp4', '/videos/34871.mp4', '/videos/34872.mp4', '/videos/34873.mp4', '/videos/34862.mp4', '/videos/34864.mp4', '/videos/34865.mp4', '/videos/34866.mp4', '/videos/34867.mp4']"
marry,"['/videos/34955.mp4', '/videos/68326.mp4', '/videos/34963.mp4', '/videos/34964.mp4', '/videos/66104.mp4', '/videos/34965.mp4', '/videos/34956.mp4', '/videos/34957.mp4', '/videos/34958.mp4', '/videos/34959.mp4', '/videos/34960.mp4', '/videos/34961.mp4', '/videos/34962.mp4']"
match,"['/videos/66106.mp4', '/videos/35117.mp4', '/videos/35118.mp4', '/videos/35119.mp4', '/videos/35120.mp4', '/videos/35121.mp4', '/videos/35122.mp4', '/videos/67875.mp4', '/videos/35123.mp4', '/videos/35125.mp4', '/videos/35126.mp4', '/videos/35114.mp4', '/videos/35115.mp4', '/videos/35116.mp4']"
math,"['/videos/35147.mp4', '/videos/35161.mp4', '/videos/35162.mp4', '/videos/35163.mp4', '/videos/66107.mp4', '/videos/67876.mp4', '/videos/35155.mp4', '/videos/35156.mp4', '/videos/35158.mp4', '/videos/35159.mp4', '/videos/35160.mp4']"
mature,"['/videos/35188.mp4', '/videos/35197.mp4', '/videos/35198.mp4', '/videos/35189.mp4', '/videos/35190.mp4', '/videos/35191.mp4', '/videos/35192.mp4', '/videos/35196.mp4']"
maximum,"['/videos/35207.mp4', '/videos/35209.mp4', '/videos/35210.mp4', '/videos/35211.mp4', '/videos/35212.mp4', '/videos/35213.mp4', '/videos/35214.mp4', '/videos/35215.mp4', '/videos/35216.mp4']"
maybe,"['/videos/69397.mp4', '/videos/35218.mp4', '/videos/68524.mp4', '/videos/70099.mp4', '/videos/67877.mp4', '/videos/35219.mp4', '/videos/35220.mp4', '/videos/35221.mp4', '/videos/35222.mp4', '/videos/35225.mp4', '/videos/35226.mp4']"
me,"['/videos/35267.mp4', '/videos/35544.mp4', '/videos/67879.mp4', '/videos/35545.mp4', '/videos/35546.mp4', '/videos/35547.mp4', '/videos/35548.mp4', '/videos/35549.mp4', '/videos/35550.mp4']"
mean,"['/videos/70217.mp4', '/videos/35305.mp4', '/videos/35289.mp4', '/videos/35291.mp4', '/videos/35292.mp4', '/videos/35293.mp4', '/videos/35295.mp4', '/videos/35296.mp4', '/videos/35297.mp4', '/videos/67880.mp4', '/videos/67881.mp4', '/videos/35298.mp4', '/videos/35299.mp4', '/videos/35301.mp4', '/videos/35302.mp4']"
meaning,"['/videos/35306.mp4', '/videos/35307.mp4', '/videos/35309.mp4', '/videos/35310.mp4', '/videos/35311.mp4', '/videos/35312.mp4', '/videos/35313.mp4']"
measure,"['/videos/66108.mp4', '/videos/70103.mp4', '/videos/35346.mp4', '/videos/35338.mp4', '/videos/67883.mp4', '/videos/35339.mp4', '/videos/35340.mp4', '/videos/35341.mp4', '/videos/35342.mp4', '/videos/35343.mp4', '/videos/35344.mp4', '/videos/35345.mp4']"
meat,"['/videos/35353.mp4', '/videos/70066.mp4', '/videos/35367.mp4', '/videos/35368.mp4', '/videos/35369.mp4', '/videos/66109.mp4', '/videos/35360.mp4', '/videos/67882.mp4', '/videos/35361.mp4', '/videos/35362.mp4', '/videos/35363.mp4', '/videos/35364.mp4', '/videos/35365.mp4', '/videos/35366.mp4']"
mechanic,"['/videos/35371.mp4', '/videos/35383.mp4', '/videos/35384.mp4', '/videos/66110.mp4', '/videos/35377.mp4', '/videos/67885.mp4', '/videos/67884.mp4', '/videos/35378.mp4', '/videos/35380.mp4', '/videos/35381.mp4', '/videos/35382.mp4']"
medicine,"['/videos/66111.mp4', '/videos/68810.mp4', '/videos/35454.mp4', '/videos/35455.mp4', '/videos/35456.mp4', '/videos/35457.mp4', '/videos/35458.mp4', '/videos/35460.mp4', '/videos/35461.mp4', '/videos/35452.mp4', '/videos/67890.mp4', '/videos/35462.mp4', '/videos/35463.mp4', '/videos/35464.mp4', '/videos/35465.mp4', '/videos/35466.mp4', '/videos/35467.mp4', '/videos/35453.mp4']"
meet,"['/videos/35506.mp4', '/videos/68099.mp4', '/videos/68974.mp4', '/videos/35511.mp4', '/videos/35512.mp4', '/videos/35513.mp4', '/videos/35514.mp4', '/videos/35515.mp4', '/videos/35516.mp4', '/videos/35517.mp4', '/videos/35518.mp4', '/videos/66112.mp4', '/videos/35509.mp4', '/videos/67886.mp4', '/videos/35519.mp4', '/videos/35520.mp4', '/videos/35521.mp4', '/videos/35522.mp4', '/videos/35523.mp4']"
meeting,"['/videos/35524.mp4', '/videos/68696.mp4', '/videos/35532.mp4', '/videos/35533.mp4', '/videos/67887.mp4', '/videos/35534.mp4', '/videos/35525.mp4', '/videos/35526.mp4', '/videos/35527.mp4', '/videos/35528.mp4', '/videos/35529.mp4', '/videos/35530.mp4', '/videos/35531.mp4']"
melody,"['/videos/35554.mp4', '/videos/35555.mp4', '/videos/35556.mp4', '/videos/35557.mp4', '/videos/35558.mp4', '/videos/35559.mp4', '/videos/35560.mp4']"
melt,"['/videos/35566.mp4', '/videos/35567.mp4', '/videos/35568.mp4', '/videos/35569.mp4', '/videos/35570.mp4', '/videos/35571.mp4', '/videos/35572.mp4']"
member,"['/videos/35573.mp4', '/videos/35574.mp4', '/videos/35575.mp4', '/videos/35576.mp4', '/videos/35577.mp4', '/videos/35578.mp4', '/videos/35579.mp4', '/videos/35581.mp4']"
memorize,"['/videos/35603.mp4', '/videos/66114.mp4', '/videos/35604.mp4', '/videos/35605.mp4', '/videos/35606.mp4', '/videos/35607.mp4', '/videos/35608.mp4', '/videos/35609.mp4', '/videos/35610.mp4', '/videos/35611.mp4']"
mention,"['/videos/35673.mp4', '/videos/35681.mp4', '/videos/66115.mp4', '/videos/66116.mp4', '/videos/35676.mp4', '/videos/35678.mp4', '/videos/35680.mp4']"
message,"['/videos/35769.mp4', '/videos/35770.mp4', '/videos/35761.mp4', '/videos/35762.mp4', '/videos/35763.mp4', '/videos/35764.mp4', '/videos/35765.mp4', '/videos/35768.mp4']"
metal,"['/videos/35796.mp4', '/videos/35806.mp4', '/videos/35807.mp4', '/videos/35798.mp4', '/videos/67888.mp4', '/videos/35799.mp4', '/videos/35804.mp4', '/videos/35805.mp4']"
mexico,"['/videos/35885.mp4', '/videos/35886.mp4', '/videos/66119.mp4', '/videos/35890.mp4', '/videos/35891.mp4', '/videos/35892.mp4', '/videos/35893.mp4', '/videos/35881.mp4', '/videos/35884.mp4']"
microphone,"['/videos/35922.mp4', '/videos/35923.mp4', '/videos/35924.mp4', '/videos/35925.mp4', '/videos/35928.mp4', '/videos/35929.mp4', '/videos/35930.mp4', '/videos/35931.mp4']"
microscope,"['/videos/35932.mp4', '/videos/67891.mp4', '/videos/35933.mp4', '/videos/35934.mp4', '/videos/35935.mp4', '/videos/35936.mp4', '/videos/35937.mp4']"
microwave,"['/videos/35944.mp4', '/videos/35949.mp4', '/videos/35950.mp4', '/videos/35951.mp4', '/videos/35953.mp4', '/videos/66121.mp4', '/videos/67892.mp4', '/videos/35956.mp4', '/videos/35945.mp4', '/videos/35946.mp4', '/videos/35947.mp4', '/videos/35948.mp4']"
middle,"['/videos/35962.mp4', '/videos/35974.mp4', '/videos/66122.mp4', '/videos/35965.mp4', '/videos/35966.mp4', '/videos/35968.mp4', '/videos/35969.mp4', '/videos/35970.mp4', '/videos/35972.mp4']"
midnight,"['/videos/35994.mp4', '/videos/35986.mp4', '/videos/35988.mp4', '/videos/35990.mp4', '/videos/35991.mp4', '/videos/35992.mp4', '/videos/35993.mp4']"
military,"['/videos/36036.mp4', '/videos/36037.mp4', '/videos/36038.mp4', '/videos/36039.mp4', '/videos/36040.mp4', '/videos/36041.mp4', '/videos/36042.mp4']"
milk,"['/videos/36044.mp4', '/videos/68562.mp4', '/videos/68100.mp4', '/videos/36050.mp4', '/videos/36052.mp4', '/videos/36053.mp4', '/videos/67893.mp4', '/videos/36054.mp4', '/videos/36055.mp4', '/videos/36056.mp4', '/videos/36046.mp4', '/videos/36047.mp4', '/videos/36048.mp4', '/videos/36049.mp4']"
mind,"['/videos/66123.mp4', '/videos/67895.mp4', '/videos/36118.mp4', '/videos/36119.mp4', '/videos/36120.mp4', '/videos/36121.mp4', '/videos/36122.mp4', '/videos/36123.mp4', '/videos/36124.mp4']"
mine,"['/videos/36139.mp4', '/videos/36140.mp4', '/videos/36141.mp4', '/videos/36142.mp4', '/videos/36144.mp4', '/videos/36145.mp4', '/videos/36146.mp4']"
minus,"['/videos/36228.mp4', '/videos/68101.mp4', '/videos/36239.mp4', '/videos/36231.mp4', '/videos/36241.mp4', '/videos/36232.mp4', '/videos/36233.mp4', '/videos/36235.mp4', '/videos/36236.mp4', '/videos/36238.mp4']"
minute,"['/videos/66128.mp4', '/videos/70302.mp4', '/videos/36249.mp4', '/videos/36250.mp4', '/videos/36251.mp4', '/videos/66127.mp4', '/videos/36242.mp4', '/videos/67896.mp4', '/videos/36243.mp4', '/videos/36244.mp4', '/videos/36245.mp4', '/videos/36246.mp4', '/videos/36248.mp4']"
mirror,"['/videos/36259.mp4', '/videos/36266.mp4', '/videos/36267.mp4', '/videos/36268.mp4', '/videos/66129.mp4', '/videos/67897.mp4', '/videos/36269.mp4', '/videos/36260.mp4', '/videos/36261.mp4', '/videos/36262.mp4', '/videos/36263.mp4', '/videos/36264.mp4', '/videos/36265.mp4']"
miss,"['/videos/66131.mp4', '/videos/70113.mp4', '/videos/36337.mp4', '/videos/36339.mp4', '/videos/36340.mp4', '/videos/36342.mp4', '/videos/36343.mp4', '/videos/36344.mp4', '/videos/36335.mp4', '/videos/36348.mp4', '/videos/36350.mp4', '/videos/36351.mp4', '/videos/36336.mp4']"
mistake,"['/videos/36398.mp4', '/videos/36399.mp4', '/videos/36400.mp4', '/videos/36401.mp4', '/videos/36402.mp4', '/videos/36403.mp4', '/videos/36404.mp4']"
misunderstand,"['/videos/36413.mp4', '/videos/36422.mp4', '/videos/67898.mp4', '/videos/36414.mp4', '/videos/36416.mp4', '/videos/36418.mp4', '/videos/36419.mp4', '/videos/36420.mp4', '/videos/36421.mp4']"
mix,"['/videos/66133.mp4', '/videos/36460.mp4', '/videos/36461.mp4', '/videos/36452.mp4', '/videos/36462.mp4', '/videos/36453.mp4', '/videos/36454.mp4', '/videos/36455.mp4']"
mock,"['/videos/36487.mp4', '/videos/70202.mp4', '/videos/36489.mp4', '/videos/67899.mp4', '/videos/36490.mp4', '/videos/36491.mp4', '/videos/36492.mp4']"
mom,"['/videos/69399.mp4', '/videos/36603.mp4', '/videos/68672.mp4', '/videos/36604.mp4', '/videos/36605.mp4', '/videos/36606.mp4', '/videos/36607.mp4', '/videos/36608.mp4', '/videos/36609.mp4', '/videos/36610.mp4', '/videos/36611.mp4']"
monday,"['/videos/70023.mp4', '/videos/36635.mp4', '/videos/36637.mp4', '/videos/66136.mp4', '/videos/67900.mp4', '/videos/36630.mp4', '/videos/36631.mp4', '/videos/36632.mp4', '/videos/36633.mp4', '/videos/36634.mp4']"
money,"['/videos/36645.mp4', '/videos/70075.mp4', '/videos/68628.mp4', '/videos/36651.mp4', '/videos/36652.mp4', '/videos/36653.mp4', '/videos/36654.mp4', '/videos/36657.mp4', '/videos/66138.mp4', '/videos/36648.mp4', '/videos/67901.mp4', '/videos/36658.mp4', '/videos/36659.mp4', '/videos/36660.mp4']"
monkey,"['/videos/36677.mp4', '/videos/36684.mp4', '/videos/36685.mp4', '/videos/36686.mp4', '/videos/66140.mp4', '/videos/67902.mp4', '/videos/36687.mp4', '/videos/36678.mp4', '/videos/36679.mp4', '/videos/36680.mp4', '/videos/36681.mp4', '/videos/36682.mp4', '/videos/36683.mp4']"
monster,"['/videos/36712.mp4', '/videos/36713.mp4', '/videos/36714.mp4', '/videos/36715.mp4', '/videos/36716.mp4', '/videos/36717.mp4', '/videos/36718.mp4', '/videos/36719.mp4', '/videos/36720.mp4']"
month,"['/videos/36732.mp4', '/videos/68608.mp4', '/videos/70305.mp4', '/videos/36740.mp4', '/videos/36741.mp4', '/videos/66141.mp4', '/videos/67904.mp4', '/videos/36733.mp4', '/videos/36734.mp4', '/videos/36735.mp4', '/videos/36736.mp4', '/videos/36737.mp4', '/videos/36738.mp4', '/videos/36739.mp4']"
monthly,"['/videos/36743.mp4', '/videos/36744.mp4', '/videos/36745.mp4', '/videos/36746.mp4', '/videos/36747.mp4', '/videos/36748.mp4', '/videos/36749.mp4', '/videos/36750.mp4']"
moon,"['/videos/36774.mp4', '/videos/36783.mp4', '/videos/36785.mp4', '/videos/36787.mp4', '/videos/36788.mp4', '/videos/66142.mp4', '/videos/36779.mp4', '/videos/67903.mp4', '/videos/36789.mp4', '/videos/36790.mp4', '/videos/36791.mp4', '/videos/36780.mp4', '/videos/36781.mp4', '/videos/36782.mp4']"
moose,"['/videos/36801.mp4', '/videos/36802.mp4', '/videos/36803.mp4', '/videos/36804.mp4', '/videos/36806.mp4', '/videos/36807.mp4', '/videos/36808.mp4']"
more,"['/videos/36826.mp4', '/videos/69401.mp4', '/videos/70222.mp4', '/videos/36830.mp4', '/videos/36832.mp4', '/videos/36834.mp4', '/videos/67906.mp4', '/videos/36836.mp4', '/videos/36837.mp4', '/videos/36838.mp4', '/videos/36839.mp4', '/videos/36840.mp4', '/videos/36827.mp4', '/videos/36828.mp4', '/videos/36829.mp4']"
morning,"['/videos/36856.mp4', '/videos/70278.mp4', '/videos/69022.mp4', '/videos/36864.mp4', '/videos/36865.mp4', '/videos/67907.mp4', '/videos/36866.mp4', '/videos/36857.mp4', '/videos/36858.mp4', '/videos/36859.mp4', '/videos/36860.mp4', '/videos/36861.mp4', '/videos/36863.mp4']"
mosquito,"['/videos/36907.mp4', '/videos/36908.mp4', '/videos/36910.mp4', '/videos/36901.mp4', '/videos/36903.mp4', '/videos/36904.mp4', '/videos/36906.mp4']"
most,"['/videos/36912.mp4', '/videos/68268.mp4', '/videos/68102.mp4', '/videos/70052.mp4', '/videos/36920.mp4', '/videos/36921.mp4', '/videos/66145.mp4', '/videos/36922.mp4', '/videos/36913.mp4', '/videos/36914.mp4', '/videos/36915.mp4', '/videos/36916.mp4', '/videos/36917.mp4', '/videos/36918.mp4', '/videos/36919.mp4']"
mother,"['/videos/36927.mp4', '/videos/69402.mp4', '/videos/36945.mp4', '/videos/36946.mp4', '/videos/36930.mp4', '/videos/36931.mp4', '/videos/36932.mp4', '/videos/36933.mp4', '/videos/36934.mp4', '/videos/36936.mp4', '/videos/36937.mp4', '/videos/36938.mp4', '/videos/66147.mp4', '/videos/66146.mp4', '/videos/36929.mp4', '/videos/67908.mp4', '/videos/36939.mp4', '/videos/36940.mp4', '/videos/36941.mp4', '/videos/36942.mp4', '/videos/36944.mp4']"
motivate,"['/videos/66148.mp4', '/videos/36969.mp4', '/videos/36970.mp4', '/videos/36971.mp4', '/videos/36973.mp4', '/videos/36974.mp4', '/videos/36975.mp4']"
motor,"['/videos/69403.mp4', '/videos/37003.mp4', '/videos/70092.mp4', '/videos/37004.mp4', '/videos/37005.mp4', '/videos/37006.mp4', '/videos/37007.mp4', '/videos/37008.mp4']"
motorcycle,"['/videos/36991.mp4', '/videos/69096.mp4', '/videos/36999.mp4', '/videos/37000.mp4', '/videos/67909.mp4', '/videos/37001.mp4', '/videos/36992.mp4', '/videos/36993.mp4', '/videos/36994.mp4', '/videos/36995.mp4', '/videos/36996.mp4', '/videos/36997.mp4', '/videos/36998.mp4']"
mountain,"['/videos/37013.mp4', '/videos/37025.mp4', '/videos/37026.mp4', '/videos/37017.mp4', '/videos/67910.mp4', '/videos/37018.mp4', '/videos/37019.mp4', '/videos/37022.mp4', '/videos/37023.mp4', '/videos/37024.mp4']"
mouse,"['/videos/37040.mp4', '/videos/37045.mp4', '/videos/37046.mp4', '/videos/37048.mp4', '/videos/37049.mp4', '/videos/67911.mp4', '/videos/37051.mp4', '/videos/37053.mp4', '/videos/37042.mp4', '/videos/37043.mp4', '/videos/37044.mp4']"
mouth,"['/videos/37061.mp4', '/videos/66149.mp4', '/videos/67912.mp4', '/videos/37062.mp4', '/videos/37063.mp4', '/videos/37064.mp4', '/videos/37065.mp4', '/videos/37066.mp4', '/videos/37067.mp4', '/videos/37068.mp4']"
move,"['/videos/66151.mp4', '/videos/68328.mp4', '/videos/37102.mp4', '/videos/37086.mp4', '/videos/37087.mp4', '/videos/37089.mp4', '/videos/37091.mp4', '/videos/37093.mp4', '/videos/37094.mp4', '/videos/37085.mp4', '/videos/67913.mp4', '/videos/37097.mp4', '/videos/37098.mp4', '/videos/37100.mp4']"
movie,"['/videos/37120.mp4', '/videos/68104.mp4', '/videos/68832.mp4', '/videos/37126.mp4', '/videos/37147.mp4', '/videos/37149.mp4', '/videos/37150.mp4', '/videos/37125.mp4', '/videos/37151.mp4', '/videos/37152.mp4', '/videos/37127.mp4', '/videos/37128.mp4', '/videos/37129.mp4', '/videos/37130.mp4', '/videos/37134.mp4', '/videos/67914.mp4', '/videos/37135.mp4']"
much,"['/videos/37201.mp4', '/videos/37202.mp4', '/videos/66154.mp4', '/videos/67916.mp4', '/videos/37194.mp4', '/videos/37195.mp4', '/videos/37196.mp4', '/videos/37197.mp4', '/videos/37198.mp4', '/videos/37199.mp4', '/videos/37200.mp4']"
multiply,"['/videos/37266.mp4', '/videos/37276.mp4', '/videos/37277.mp4', '/videos/37278.mp4', '/videos/37267.mp4', '/videos/37268.mp4', '/videos/37269.mp4', '/videos/37270.mp4', '/videos/37273.mp4']"
murder,"['/videos/37302.mp4', '/videos/37305.mp4', '/videos/37306.mp4', '/videos/37307.mp4', '/videos/37308.mp4', '/videos/37309.mp4', '/videos/37310.mp4']"
muscle,"['/videos/37313.mp4', '/videos/37321.mp4', '/videos/37322.mp4', '/videos/37324.mp4', '/videos/37314.mp4', '/videos/37315.mp4', '/videos/37316.mp4', '/videos/37317.mp4', '/videos/37318.mp4', '/videos/37319.mp4', '/videos/37320.mp4']"
museum,"['/videos/37332.mp4', '/videos/68286.mp4', '/videos/37341.mp4', '/videos/66155.mp4', '/videos/67918.mp4', '/videos/37333.mp4', '/videos/37334.mp4', '/videos/37335.mp4', '/videos/37336.mp4', '/videos/37338.mp4', '/videos/37339.mp4']"
mushroom,"['/videos/37343.mp4', '/videos/37351.mp4', '/videos/37352.mp4', '/videos/37353.mp4', '/videos/37344.mp4', '/videos/37345.mp4', '/videos/37346.mp4', '/videos/37347.mp4', '/videos/37348.mp4', '/videos/37350.mp4']"
music,"['/videos/37356.mp4', '/videos/68105.mp4', '/videos/69044.mp4', '/videos/37370.mp4', '/videos/37371.mp4', '/videos/37372.mp4', '/videos/66156.mp4', '/videos/37363.mp4', '/videos/67917.mp4', '/videos/37373.mp4', '/videos/37364.mp4', '/videos/37365.mp4', '/videos/37367.mp4', '/videos/37368.mp4', '/videos/37369.mp4']"
must,"['/videos/37395.mp4', '/videos/70291.mp4', '/videos/37425.mp4', '/videos/37427.mp4', '/videos/37418.mp4', '/videos/37429.mp4', '/videos/37430.mp4', '/videos/37431.mp4', '/videos/37432.mp4', '/videos/37419.mp4', '/videos/37421.mp4']"
mustache,"['/videos/37396.mp4', '/videos/68778.mp4', '/videos/70368.mp4', '/videos/37404.mp4', '/videos/37405.mp4', '/videos/67919.mp4', '/videos/37397.mp4', '/videos/37398.mp4', '/videos/37399.mp4', '/videos/37400.mp4', '/videos/37403.mp4']"
my,"['/videos/37464.mp4', '/videos/69404.mp4', '/videos/37477.mp4', '/videos/37469.mp4', '/videos/67920.mp4', '/videos/37470.mp4', '/videos/37471.mp4', '/videos/37472.mp4', '/videos/37473.mp4', '/videos/37474.mp4', '/videos/37475.mp4', '/videos/37476.mp4']"
myself,"['/videos/37483.mp4', '/videos/67921.mp4', '/videos/37484.mp4', '/videos/37485.mp4', '/videos/37486.mp4', '/videos/37487.mp4', '/videos/37488.mp4', '/videos/37489.mp4', '/videos/37490.mp4']"
n,"['/videos/37512.mp4', '/videos/66052.mp4', '/videos/38265.mp4', '/videos/38266.mp4', '/videos/38267.mp4', '/videos/38268.mp4', '/videos/38269.mp4']"
name,"['/videos/37575.mp4', '/videos/69405.mp4', '/videos/68480.mp4', '/videos/68106.mp4', '/videos/37587.mp4', '/videos/37588.mp4', '/videos/37589.mp4', '/videos/37580.mp4', '/videos/67922.mp4', '/videos/37590.mp4', '/videos/37581.mp4', '/videos/37582.mp4', '/videos/37583.mp4', '/videos/37584.mp4', '/videos/37585.mp4', '/videos/37586.mp4']"
napkin,"['/videos/37610.mp4', '/videos/66159.mp4', '/videos/67923.mp4', '/videos/37611.mp4', '/videos/37612.mp4', '/videos/37613.mp4', '/videos/37614.mp4', '/videos/37615.mp4', '/videos/37616.mp4', '/videos/37617.mp4']"
narrow,"['/videos/37644.mp4', '/videos/37647.mp4', '/videos/37648.mp4', '/videos/37649.mp4', '/videos/37650.mp4', '/videos/37651.mp4', '/videos/37652.mp4']"
nation,"['/videos/37669.mp4', '/videos/37683.mp4', '/videos/37684.mp4', '/videos/37685.mp4', '/videos/37687.mp4', '/videos/37688.mp4', '/videos/37689.mp4', '/videos/37690.mp4']"
near,"['/videos/37773.mp4', '/videos/70180.mp4', '/videos/37790.mp4', '/videos/37791.mp4', '/videos/37792.mp4', '/videos/37784.mp4', '/videos/37794.mp4', '/videos/37795.mp4', '/videos/37796.mp4', '/videos/37785.mp4', '/videos/37786.mp4', '/videos/37787.mp4', '/videos/37788.mp4', '/videos/37789.mp4']"
necessary,"['/videos/37827.mp4', '/videos/37828.mp4', '/videos/37829.mp4', '/videos/37830.mp4', '/videos/37831.mp4', '/videos/37832.mp4', '/videos/37833.mp4']"
neck,"['/videos/37836.mp4', '/videos/37845.mp4', '/videos/66161.mp4', '/videos/37837.mp4', '/videos/37838.mp4', '/videos/37839.mp4', '/videos/37840.mp4', '/videos/37841.mp4', '/videos/37843.mp4', '/videos/37844.mp4']"
necklace,"['/videos/37849.mp4', '/videos/37851.mp4', '/videos/37852.mp4', '/videos/37853.mp4', '/videos/37854.mp4', '/videos/37855.mp4', '/videos/37857.mp4', '/videos/66162.mp4', '/videos/67924.mp4', '/videos/37859.mp4', '/videos/37863.mp4', '/videos/37864.mp4', '/videos/37850.mp4']"
need,"['/videos/37879.mp4', '/videos/70237.mp4', '/videos/68544.mp4', '/videos/37885.mp4', '/videos/37886.mp4', '/videos/37887.mp4', '/videos/37888.mp4', '/videos/37889.mp4', '/videos/37890.mp4', '/videos/37881.mp4', '/videos/67925.mp4', '/videos/37891.mp4', '/videos/37892.mp4', '/videos/37893.mp4', '/videos/37894.mp4', '/videos/37882.mp4', '/videos/37883.mp4', '/videos/37884.mp4']"
negative,"['/videos/37909.mp4', '/videos/69406.mp4', '/videos/66164.mp4', '/videos/37910.mp4', '/videos/37911.mp4', '/videos/37912.mp4', '/videos/37913.mp4', '/videos/37914.mp4', '/videos/37915.mp4', '/videos/37916.mp4', '/videos/37917.mp4']"
negotiate,"['/videos/37930.mp4', '/videos/37940.mp4', '/videos/37932.mp4', '/videos/37933.mp4', '/videos/37935.mp4', '/videos/37937.mp4', '/videos/37938.mp4']"
neighbor,"['/videos/37945.mp4', '/videos/37963.mp4', '/videos/37964.mp4', '/videos/37965.mp4', '/videos/37956.mp4', '/videos/37967.mp4', '/videos/37957.mp4', '/videos/37958.mp4', '/videos/37959.mp4', '/videos/37960.mp4', '/videos/37961.mp4', '/videos/37962.mp4']"
nephew,"['/videos/37983.mp4', '/videos/70337.mp4', '/videos/69008.mp4', '/videos/37991.mp4', '/videos/37992.mp4', '/videos/67926.mp4', '/videos/37993.mp4', '/videos/37984.mp4', '/videos/37985.mp4', '/videos/37986.mp4', '/videos/37987.mp4', '/videos/37988.mp4', '/videos/37989.mp4', '/videos/37990.mp4']"
nervous,"['/videos/38008.mp4', '/videos/38019.mp4', '/videos/38020.mp4', '/videos/38011.mp4', '/videos/38021.mp4', '/videos/38012.mp4', '/videos/38013.mp4', '/videos/38014.mp4', '/videos/38015.mp4', '/videos/38016.mp4', '/videos/38017.mp4']"
network,"['/videos/38042.mp4', '/videos/66165.mp4', '/videos/38043.mp4', '/videos/38044.mp4', '/videos/38045.mp4', '/videos/38046.mp4', '/videos/38047.mp4', '/videos/38048.mp4']"
neutral,"['/videos/38061.mp4', '/videos/38070.mp4', '/videos/67928.mp4', '/videos/38071.mp4', '/videos/38062.mp4', '/videos/38063.mp4', '/videos/38064.mp4', '/videos/38065.mp4', '/videos/38066.mp4', '/videos/38067.mp4', '/videos/38068.mp4']"
never,"['/videos/38081.mp4', '/videos/70038.mp4', '/videos/38091.mp4', '/videos/38092.mp4', '/videos/66166.mp4', '/videos/38084.mp4', '/videos/67927.mp4', '/videos/38085.mp4', '/videos/38086.mp4', '/videos/38087.mp4', '/videos/38088.mp4', '/videos/38089.mp4', '/videos/38090.mp4']"
new,"['/videos/38103.mp4', '/videos/69407.mp4', '/videos/38128.mp4', '/videos/38129.mp4', '/videos/38130.mp4', '/videos/38131.mp4', '/videos/38122.mp4', '/videos/67929.mp4', '/videos/38132.mp4', '/videos/38133.mp4', '/videos/38123.mp4', '/videos/38124.mp4', '/videos/38125.mp4', '/videos/38126.mp4', '/videos/38127.mp4']"
new york,"['/videos/38206.mp4', '/videos/38212.mp4', '/videos/38213.mp4', '/videos/38211.mp4', '/videos/38214.mp4', '/videos/67930.mp4', '/videos/38216.mp4']"
newspaper,"['/videos/38176.mp4', '/videos/68532.mp4', '/videos/70324.mp4', '/videos/38186.mp4', '/videos/38178.mp4', '/videos/67931.mp4', '/videos/38179.mp4', '/videos/38180.mp4', '/videos/38181.mp4', '/videos/38182.mp4', '/videos/38183.mp4', '/videos/38184.mp4', '/videos/38185.mp4']"
next,"['/videos/38222.mp4', '/videos/38238.mp4', '/videos/38239.mp4', '/videos/38240.mp4', '/videos/38231.mp4', '/videos/38241.mp4', '/videos/38243.mp4', '/videos/38232.mp4', '/videos/38233.mp4', '/videos/38235.mp4']"
nice,"['/videos/38281.mp4', '/videos/70021.mp4', '/videos/70050.mp4', '/videos/69036.mp4', '/videos/38288.mp4', '/videos/38289.mp4', '/videos/38292.mp4', '/videos/38293.mp4', '/videos/38282.mp4', '/videos/38283.mp4', '/videos/38284.mp4', '/videos/38285.mp4', '/videos/38286.mp4', '/videos/38287.mp4']"
nickel,"['/videos/38298.mp4', '/videos/38299.mp4', '/videos/38300.mp4', '/videos/38301.mp4', '/videos/38302.mp4', '/videos/38303.mp4', '/videos/38304.mp4', '/videos/38305.mp4']"
niece,"['/videos/38314.mp4', '/videos/70338.mp4', '/videos/68584.mp4', '/videos/38322.mp4', '/videos/38323.mp4', '/videos/66171.mp4', '/videos/38324.mp4', '/videos/38315.mp4', '/videos/38316.mp4', '/videos/38317.mp4', '/videos/38318.mp4', '/videos/38319.mp4', '/videos/38320.mp4', '/videos/38321.mp4']"
night,"['/videos/38329.mp4', '/videos/70277.mp4', '/videos/68716.mp4', '/videos/38343.mp4', '/videos/38344.mp4', '/videos/38345.mp4', '/videos/38336.mp4', '/videos/67932.mp4', '/videos/38337.mp4', '/videos/38338.mp4', '/videos/38339.mp4', '/videos/38341.mp4', '/videos/38342.mp4']"
nine,"['/videos/66173.mp4', '/videos/38373.mp4', '/videos/38374.mp4', '/videos/38375.mp4', '/videos/38376.mp4', '/videos/38377.mp4', '/videos/38378.mp4']"
nineteen,"['/videos/66177.mp4', '/videos/66178.mp4', '/videos/38396.mp4', '/videos/38397.mp4', '/videos/38398.mp4', '/videos/38399.mp4', '/videos/38401.mp4', '/videos/38402.mp4']"
no,"['/videos/38482.mp4', '/videos/69411.mp4', '/videos/68110.mp4', '/videos/68406.mp4', '/videos/38539.mp4', '/videos/38540.mp4', '/videos/38541.mp4', '/videos/38542.mp4', '/videos/38525.mp4', '/videos/38544.mp4', '/videos/38527.mp4', '/videos/38529.mp4', '/videos/38530.mp4', '/videos/38531.mp4', '/videos/38532.mp4', '/videos/38533.mp4', '/videos/66183.mp4', '/videos/38524.mp4', '/videos/67934.mp4', '/videos/38534.mp4', '/videos/38536.mp4', '/videos/38538.mp4']"
none,"['/videos/38585.mp4', '/videos/69412.mp4', '/videos/68452.mp4', '/videos/68920.mp4', '/videos/68111.mp4', '/videos/38593.mp4', '/videos/38594.mp4', '/videos/66186.mp4', '/videos/38586.mp4', '/videos/38587.mp4', '/videos/38588.mp4', '/videos/38589.mp4', '/videos/38590.mp4', '/videos/38591.mp4', '/videos/38592.mp4']"
noon,"['/videos/38614.mp4', '/videos/70280.mp4', '/videos/68934.mp4', '/videos/38628.mp4', '/videos/38629.mp4', '/videos/38630.mp4', '/videos/38621.mp4', '/videos/38631.mp4', '/videos/38632.mp4', '/videos/38622.mp4', '/videos/38623.mp4', '/videos/38624.mp4', '/videos/38625.mp4', '/videos/38626.mp4']"
normal,"['/videos/38642.mp4', '/videos/66189.mp4', '/videos/38643.mp4', '/videos/38644.mp4', '/videos/38645.mp4', '/videos/38646.mp4', '/videos/38647.mp4', '/videos/38648.mp4']"
north,"['/videos/38654.mp4', '/videos/70187.mp4', '/videos/38688.mp4', '/videos/38689.mp4', '/videos/38690.mp4', '/videos/38681.mp4', '/videos/67933.mp4', '/videos/38691.mp4', '/videos/38682.mp4', '/videos/38683.mp4', '/videos/38684.mp4', '/videos/38685.mp4', '/videos/38686.mp4', '/videos/38687.mp4']"
northwest,"['/videos/38700.mp4', '/videos/38701.mp4', '/videos/38702.mp4', '/videos/38703.mp4', '/videos/38704.mp4', '/videos/38705.mp4', '/videos/38706.mp4']"
nose,"['/videos/38721.mp4', '/videos/70253.mp4', '/videos/38737.mp4', '/videos/38728.mp4', '/videos/38729.mp4', '/videos/38730.mp4', '/videos/38731.mp4', '/videos/38732.mp4', '/videos/38733.mp4', '/videos/38734.mp4', '/videos/38736.mp4']"
not,"['/videos/38765.mp4', '/videos/68774.mp4', '/videos/38864.mp4', '/videos/38865.mp4', '/videos/38866.mp4', '/videos/38857.mp4', '/videos/38867.mp4', '/videos/38868.mp4', '/videos/38858.mp4', '/videos/38859.mp4', '/videos/38860.mp4', '/videos/38861.mp4', '/videos/38862.mp4', '/videos/38863.mp4']"
not yet,"['/videos/38944.mp4', '/videos/38948.mp4', '/videos/68530.mp4', '/videos/67936.mp4', '/videos/38945.mp4', '/videos/38949.mp4', '/videos/38946.mp4']"
nothing,"['/videos/38828.mp4', '/videos/38849.mp4', '/videos/66192.mp4', '/videos/38830.mp4', '/videos/67938.mp4', '/videos/38841.mp4', '/videos/38842.mp4', '/videos/38843.mp4', '/videos/38844.mp4']"
notice,"['/videos/66193.mp4', '/videos/38871.mp4', '/videos/38872.mp4', '/videos/38873.mp4', '/videos/38874.mp4', '/videos/38875.mp4', '/videos/38878.mp4']"
november,"['/videos/38972.mp4', '/videos/38973.mp4', '/videos/38974.mp4', '/videos/38975.mp4', '/videos/38976.mp4', '/videos/38977.mp4', '/videos/38978.mp4', '/videos/38980.mp4']"
now,"['/videos/38982.mp4', '/videos/69413.mp4', '/videos/38994.mp4', '/videos/70345.mp4', '/videos/68694.mp4', '/videos/68770.mp4', '/videos/68114.mp4', '/videos/38999.mp4', '/videos/39000.mp4', '/videos/39001.mp4', '/videos/39002.mp4', '/videos/39003.mp4', '/videos/38990.mp4', '/videos/67937.mp4', '/videos/39004.mp4', '/videos/39005.mp4', '/videos/39006.mp4', '/videos/38991.mp4', '/videos/38995.mp4', '/videos/38996.mp4', '/videos/38997.mp4']"
number,"['/videos/39031.mp4', '/videos/68117.mp4', '/videos/68824.mp4', '/videos/39032.mp4', '/videos/39033.mp4', '/videos/39034.mp4', '/videos/39035.mp4', '/videos/39036.mp4', '/videos/39037.mp4', '/videos/39038.mp4', '/videos/39039.mp4', '/videos/39040.mp4']"
numerous,"['/videos/39067.mp4', '/videos/39068.mp4', '/videos/39069.mp4', '/videos/39070.mp4', '/videos/39071.mp4', '/videos/39072.mp4', '/videos/39073.mp4']"
nun,"['/videos/39074.mp4', '/videos/39076.mp4', '/videos/39077.mp4', '/videos/39078.mp4', '/videos/39080.mp4', '/videos/39081.mp4', '/videos/39082.mp4']"
nurse,"['/videos/39087.mp4', '/videos/39093.mp4', '/videos/39094.mp4', '/videos/39095.mp4', '/videos/39096.mp4', '/videos/67940.mp4', '/videos/39097.mp4', '/videos/39098.mp4', '/videos/39099.mp4', '/videos/39088.mp4', '/videos/39089.mp4', '/videos/39090.mp4', '/videos/39091.mp4', '/videos/39092.mp4']"
nut,"['/videos/39114.mp4', '/videos/66220.mp4', '/videos/67941.mp4', '/videos/39115.mp4', '/videos/39116.mp4', '/videos/39118.mp4', '/videos/39119.mp4', '/videos/39120.mp4']"
o,"['/videos/39147.mp4', '/videos/66053.mp4', '/videos/39553.mp4', '/videos/39554.mp4', '/videos/39555.mp4', '/videos/39556.mp4', '/videos/39557.mp4']"
objective,"['/videos/39197.mp4', '/videos/39198.mp4', '/videos/39199.mp4', '/videos/39200.mp4', '/videos/39201.mp4', '/videos/39202.mp4', '/videos/39203.mp4']"
obsess,"['/videos/66221.mp4', '/videos/39253.mp4', '/videos/39254.mp4', '/videos/39255.mp4', '/videos/39256.mp4', '/videos/39257.mp4', '/videos/39258.mp4']"
obtain,"['/videos/39285.mp4', '/videos/39286.mp4', '/videos/39287.mp4', '/videos/39288.mp4', '/videos/39289.mp4', '/videos/39290.mp4', '/videos/39291.mp4']"
occur,"['/videos/39333.mp4', '/videos/39334.mp4', '/videos/39335.mp4', '/videos/39336.mp4', '/videos/39337.mp4', '/videos/39338.mp4', '/videos/39339.mp4']"
ocean,"['/videos/39343.mp4', '/videos/69416.mp4', '/videos/39348.mp4', '/videos/39349.mp4', '/videos/39350.mp4', '/videos/39351.mp4', '/videos/39352.mp4', '/videos/39353.mp4', '/videos/39354.mp4']"
october,"['/videos/39359.mp4', '/videos/39360.mp4', '/videos/39361.mp4', '/videos/39362.mp4', '/videos/39363.mp4', '/videos/39364.mp4', '/videos/39365.mp4', '/videos/39366.mp4', '/videos/39368.mp4']"
octopus,"['/videos/69417.mp4', '/videos/66222.mp4', '/videos/39369.mp4', '/videos/39370.mp4', '/videos/39371.mp4', '/videos/39373.mp4', '/videos/39374.mp4', '/videos/39375.mp4']"
odd,"['/videos/39377.mp4', '/videos/39378.mp4', '/videos/39379.mp4', '/videos/39380.mp4', '/videos/39381.mp4', '/videos/39382.mp4', '/videos/39383.mp4', '/videos/39384.mp4', '/videos/39385.mp4']"
odor,"['/videos/39386.mp4', '/videos/39387.mp4', '/videos/39388.mp4', '/videos/39389.mp4', '/videos/39390.mp4', '/videos/39391.mp4', '/videos/39392.mp4']"
off,"['/videos/39402.mp4', '/videos/69418.mp4', '/videos/39449.mp4', '/videos/39450.mp4', '/videos/39451.mp4', '/videos/39442.mp4', '/videos/39452.mp4', '/videos/39453.mp4', '/videos/39443.mp4', '/videos/39444.mp4', '/videos/39445.mp4', '/videos/39446.mp4', '/videos/39447.mp4', '/videos/39448.mp4']"
offer,"['/videos/39424.mp4', '/videos/39425.mp4', '/videos/39426.mp4', '/videos/39427.mp4', '/videos/39428.mp4', '/videos/39429.mp4', '/videos/39430.mp4', '/videos/39431.mp4', '/videos/39432.mp4']"
office,"['/videos/39454.mp4', '/videos/68826.mp4', '/videos/39460.mp4', '/videos/39461.mp4', '/videos/39462.mp4', '/videos/39463.mp4', '/videos/39465.mp4', '/videos/66224.mp4', '/videos/39456.mp4', '/videos/67943.mp4', '/videos/39467.mp4', '/videos/39468.mp4', '/videos/39457.mp4', '/videos/39458.mp4', '/videos/39459.mp4']"
often,"['/videos/39503.mp4', '/videos/70036.mp4', '/videos/39511.mp4', '/videos/39512.mp4', '/videos/39513.mp4', '/videos/39514.mp4', '/videos/39504.mp4', '/videos/39505.mp4', '/videos/39507.mp4', '/videos/39508.mp4', '/videos/39510.mp4']"
ok,"['/videos/39582.mp4', '/videos/39589.mp4', '/videos/68342.mp4', '/videos/68118.mp4', '/videos/39594.mp4', '/videos/39595.mp4', '/videos/39596.mp4', '/videos/39583.mp4', '/videos/39590.mp4', '/videos/39584.mp4', '/videos/39585.mp4', '/videos/39592.mp4', '/videos/39586.mp4', '/videos/39593.mp4']"
old,"['/videos/39604.mp4', '/videos/69419.mp4', '/videos/39629.mp4', '/videos/39633.mp4', '/videos/69040.mp4', '/videos/39624.mp4', '/videos/39630.mp4', '/videos/39631.mp4', '/videos/67944.mp4', '/videos/39632.mp4', '/videos/39634.mp4', '/videos/39635.mp4', '/videos/39625.mp4', '/videos/39626.mp4', '/videos/39627.mp4', '/videos/39628.mp4']"
olympics,"['/videos/39646.mp4', '/videos/39647.mp4', '/videos/39648.mp4', '/videos/39649.mp4', '/videos/39650.mp4', '/videos/39651.mp4', '/videos/39652.mp4']"
on,"['/videos/39672.mp4', '/videos/69420.mp4', '/videos/70169.mp4', '/videos/39839.mp4', '/videos/39840.mp4', '/videos/39841.mp4', '/videos/39842.mp4', '/videos/39844.mp4', '/videos/39845.mp4']"
once,"['/videos/39674.mp4', '/videos/66227.mp4', '/videos/39679.mp4', '/videos/39680.mp4', '/videos/39681.mp4', '/videos/39682.mp4', '/videos/39685.mp4', '/videos/39686.mp4']"
one,"['/videos/69421.mp4', '/videos/66228.mp4', '/videos/70214.mp4', '/videos/39742.mp4', '/videos/39743.mp4', '/videos/39744.mp4', '/videos/39745.mp4', '/videos/39746.mp4', '/videos/39747.mp4', '/videos/39748.mp4', '/videos/39749.mp4', '/videos/39750.mp4']"
onion,"['/videos/39846.mp4', '/videos/39853.mp4', '/videos/39854.mp4', '/videos/39855.mp4', '/videos/67946.mp4', '/videos/39856.mp4', '/videos/39857.mp4', '/videos/39847.mp4', '/videos/39848.mp4', '/videos/39849.mp4', '/videos/39850.mp4', '/videos/39851.mp4', '/videos/39852.mp4']"
only,"['/videos/39873.mp4', '/videos/39874.mp4', '/videos/39875.mp4', '/videos/39876.mp4', '/videos/39877.mp4', '/videos/39878.mp4', '/videos/39879.mp4', '/videos/39880.mp4', '/videos/39881.mp4']"
open,"['/videos/39959.mp4', '/videos/39951.mp4', '/videos/39961.mp4', '/videos/39962.mp4', '/videos/39952.mp4', '/videos/39953.mp4', '/videos/39954.mp4', '/videos/39955.mp4', '/videos/39956.mp4', '/videos/39957.mp4']"
operate,"['/videos/39984.mp4', '/videos/39992.mp4', '/videos/39993.mp4', '/videos/39994.mp4', '/videos/39995.mp4', '/videos/39996.mp4', '/videos/39985.mp4', '/videos/39986.mp4', '/videos/39988.mp4', '/videos/39989.mp4', '/videos/39990.mp4']"
opinion,"['/videos/40010.mp4', '/videos/40018.mp4', '/videos/40019.mp4', '/videos/66239.mp4', '/videos/66240.mp4', '/videos/40021.mp4', '/videos/40011.mp4', '/videos/40012.mp4', '/videos/40013.mp4', '/videos/40014.mp4', '/videos/40015.mp4']"
opposite,"['/videos/40049.mp4', '/videos/70183.mp4', '/videos/40050.mp4', '/videos/40051.mp4', '/videos/40052.mp4', '/videos/40053.mp4', '/videos/40054.mp4', '/videos/40055.mp4', '/videos/40056.mp4']"
or,"['/videos/40093.mp4', '/videos/40246.mp4', '/videos/40239.mp4', '/videos/40240.mp4', '/videos/40241.mp4', '/videos/40242.mp4', '/videos/40243.mp4']"
oral,"['/videos/40094.mp4', '/videos/40104.mp4', '/videos/66245.mp4', '/videos/67948.mp4', '/videos/40097.mp4', '/videos/40100.mp4', '/videos/40102.mp4']"
orange,"['/videos/40114.mp4', '/videos/69422.mp4', '/videos/70310.mp4', '/videos/70249.mp4', '/videos/68122.mp4', '/videos/40115.mp4', '/videos/40116.mp4', '/videos/40117.mp4', '/videos/40118.mp4', '/videos/40119.mp4', '/videos/40120.mp4', '/videos/40121.mp4', '/videos/40122.mp4', '/videos/40123.mp4', '/videos/66246.mp4', '/videos/67949.mp4', '/videos/40124.mp4', '/videos/40126.mp4', '/videos/40128.mp4', '/videos/40129.mp4', '/videos/40130.mp4']"
order,"['/videos/66248.mp4', '/videos/70172.mp4', '/videos/40183.mp4', '/videos/40184.mp4', '/videos/40171.mp4', '/videos/40172.mp4', '/videos/40174.mp4', '/videos/40175.mp4', '/videos/40177.mp4', '/videos/40178.mp4', '/videos/66249.mp4', '/videos/40169.mp4', '/videos/67950.mp4', '/videos/67951.mp4', '/videos/40179.mp4']"
organize,"['/videos/40226.mp4', '/videos/40229.mp4', '/videos/40230.mp4', '/videos/40231.mp4', '/videos/40233.mp4', '/videos/40234.mp4', '/videos/40235.mp4', '/videos/40236.mp4']"
other,"['/videos/40308.mp4', '/videos/40321.mp4', '/videos/40313.mp4', '/videos/67952.mp4', '/videos/40314.mp4', '/videos/40315.mp4', '/videos/40316.mp4', '/videos/40317.mp4', '/videos/40318.mp4', '/videos/40319.mp4', '/videos/40320.mp4']"
our,"['/videos/40340.mp4', '/videos/40342.mp4', '/videos/40343.mp4', '/videos/40344.mp4', '/videos/40345.mp4', '/videos/40346.mp4', '/videos/40347.mp4']"
out,"['/videos/70053.mp4', '/videos/40401.mp4', '/videos/40403.mp4', '/videos/40406.mp4', '/videos/40407.mp4', '/videos/40409.mp4', '/videos/40397.mp4', '/videos/40398.mp4', '/videos/40399.mp4']"
outside,"['/videos/40463.mp4', '/videos/68362.mp4', '/videos/40468.mp4', '/videos/40469.mp4', '/videos/40470.mp4', '/videos/40471.mp4', '/videos/40474.mp4', '/videos/40476.mp4', '/videos/40477.mp4', '/videos/40464.mp4', '/videos/40465.mp4', '/videos/40467.mp4']"
over,"['/videos/40559.mp4', '/videos/40568.mp4', '/videos/40569.mp4', '/videos/40560.mp4', '/videos/40561.mp4', '/videos/40562.mp4', '/videos/40565.mp4', '/videos/40566.mp4']"
overcome,"['/videos/40527.mp4', '/videos/40528.mp4', '/videos/40529.mp4', '/videos/40530.mp4', '/videos/40531.mp4', '/videos/40532.mp4', '/videos/40533.mp4']"
overlook,"['/videos/40576.mp4', '/videos/66253.mp4', '/videos/40577.mp4', '/videos/40578.mp4', '/videos/40579.mp4', '/videos/40580.mp4', '/videos/40581.mp4', '/videos/40582.mp4', '/videos/40583.mp4']"
overwhelm,"['/videos/40629.mp4', '/videos/66255.mp4', '/videos/40635.mp4', '/videos/40636.mp4', '/videos/40637.mp4', '/videos/40638.mp4', '/videos/40639.mp4', '/videos/40640.mp4', '/videos/40641.mp4', '/videos/40642.mp4']"
owe,"['/videos/40649.mp4', '/videos/67953.mp4', '/videos/40650.mp4', '/videos/40651.mp4', '/videos/40652.mp4', '/videos/40653.mp4', '/videos/40654.mp4', '/videos/40655.mp4', '/videos/40656.mp4', '/videos/40657.mp4']"
owl,"['/videos/40658.mp4', '/videos/66256.mp4', '/videos/67955.mp4', '/videos/40659.mp4', '/videos/40660.mp4', '/videos/40661.mp4', '/videos/40662.mp4', '/videos/40664.mp4']"
p,"['/videos/40701.mp4', '/videos/66054.mp4', '/videos/42511.mp4', '/videos/42512.mp4', '/videos/42513.mp4', '/videos/42514.mp4', '/videos/42515.mp4', '/videos/42516.mp4']"
pack,"['/videos/66258.mp4', '/videos/40722.mp4', '/videos/40723.mp4', '/videos/40725.mp4', '/videos/40726.mp4', '/videos/40727.mp4', '/videos/40728.mp4']"
page,"['/videos/40759.mp4', '/videos/40767.mp4', '/videos/40768.mp4', '/videos/40770.mp4', '/videos/40760.mp4', '/videos/40761.mp4', '/videos/40762.mp4', '/videos/40763.mp4', '/videos/40764.mp4', '/videos/40766.mp4']"
pain,"['/videos/40797.mp4', '/videos/40810.mp4', '/videos/40802.mp4', '/videos/67956.mp4', '/videos/40803.mp4', '/videos/40804.mp4', '/videos/40806.mp4', '/videos/40807.mp4', '/videos/40808.mp4', '/videos/40809.mp4']"
paint,"['/videos/40816.mp4', '/videos/68364.mp4', '/videos/68125.mp4', '/videos/40838.mp4', '/videos/40839.mp4', '/videos/40840.mp4', '/videos/40841.mp4', '/videos/40842.mp4', '/videos/40843.mp4', '/videos/40834.mp4', '/videos/67958.mp4', '/videos/40844.mp4', '/videos/40845.mp4', '/videos/40846.mp4', '/videos/40847.mp4', '/videos/40835.mp4', '/videos/40836.mp4', '/videos/40837.mp4']"
painter,"['/videos/40827.mp4', '/videos/40828.mp4', '/videos/40829.mp4', '/videos/40830.mp4', '/videos/40831.mp4', '/videos/40832.mp4', '/videos/40833.mp4']"
pants,"['/videos/66261.mp4', '/videos/68126.mp4', '/videos/40991.mp4', '/videos/40992.mp4', '/videos/40993.mp4', '/videos/40994.mp4', '/videos/40985.mp4', '/videos/67959.mp4', '/videos/40995.mp4', '/videos/40996.mp4', '/videos/40986.mp4', '/videos/40987.mp4', '/videos/40988.mp4', '/videos/40989.mp4', '/videos/40990.mp4']"
paper,"['/videos/41008.mp4', '/videos/68446.mp4', '/videos/70211.mp4', '/videos/68127.mp4', '/videos/41030.mp4', '/videos/41031.mp4', '/videos/41032.mp4', '/videos/41033.mp4', '/videos/41034.mp4', '/videos/41025.mp4', '/videos/67961.mp4', '/videos/41035.mp4', '/videos/41036.mp4', '/videos/41037.mp4', '/videos/41026.mp4', '/videos/41027.mp4', '/videos/41028.mp4', '/videos/41029.mp4']"
parachute,"['/videos/41054.mp4', '/videos/67962.mp4', '/videos/41055.mp4', '/videos/41056.mp4', '/videos/41057.mp4', '/videos/41058.mp4', '/videos/41059.mp4', '/videos/41060.mp4']"
parade,"['/videos/41062.mp4', '/videos/67963.mp4', '/videos/41063.mp4', '/videos/41064.mp4', '/videos/41065.mp4', '/videos/41066.mp4', '/videos/41067.mp4', '/videos/41068.mp4', '/videos/41069.mp4', '/videos/41070.mp4']"
paragraph,"['/videos/41077.mp4', '/videos/41078.mp4', '/videos/41079.mp4', '/videos/41080.mp4', '/videos/41081.mp4', '/videos/41082.mp4', '/videos/41083.mp4', '/videos/41084.mp4']"
parallel,"['/videos/41093.mp4', '/videos/66263.mp4', '/videos/41094.mp4', '/videos/41095.mp4', '/videos/41096.mp4', '/videos/41097.mp4', '/videos/41098.mp4', '/videos/41099.mp4']"
parents,"['/videos/41163.mp4', '/videos/67964.mp4', '/videos/41164.mp4', '/videos/41165.mp4', '/videos/41166.mp4', '/videos/41167.mp4', '/videos/41168.mp4', '/videos/41169.mp4', '/videos/41170.mp4', '/videos/41171.mp4']"
part,"['/videos/41256.mp4', '/videos/41262.mp4', '/videos/41263.mp4', '/videos/41264.mp4', '/videos/41265.mp4', '/videos/41266.mp4', '/videos/41267.mp4']"
party,"['/videos/41306.mp4', '/videos/41315.mp4', '/videos/41316.mp4', '/videos/41317.mp4', '/videos/41318.mp4', '/videos/41320.mp4', '/videos/66265.mp4', '/videos/66266.mp4', '/videos/41311.mp4', '/videos/41321.mp4', '/videos/41322.mp4', '/videos/41323.mp4', '/videos/41324.mp4', '/videos/41325.mp4', '/videos/41312.mp4']"
pass,"['/videos/66267.mp4', '/videos/41354.mp4', '/videos/41356.mp4', '/videos/41357.mp4', '/videos/41350.mp4', '/videos/41360.mp4', '/videos/41361.mp4', '/videos/41363.mp4', '/videos/41364.mp4', '/videos/41365.mp4', '/videos/41352.mp4']"
past,"['/videos/68380.mp4', '/videos/70151.mp4', '/videos/41452.mp4', '/videos/41453.mp4', '/videos/41454.mp4', '/videos/41455.mp4', '/videos/41446.mp4', '/videos/67965.mp4', '/videos/41456.mp4', '/videos/41457.mp4', '/videos/41447.mp4', '/videos/41448.mp4', '/videos/41449.mp4', '/videos/41450.mp4', '/videos/41451.mp4']"
path,"['/videos/41477.mp4', '/videos/41480.mp4', '/videos/41481.mp4', '/videos/41482.mp4', '/videos/41483.mp4', '/videos/41484.mp4', '/videos/41485.mp4', '/videos/41486.mp4', '/videos/41487.mp4']"
patient,"['/videos/66270.mp4', '/videos/41509.mp4', '/videos/41506.mp4', '/videos/41510.mp4', '/videos/41511.mp4', '/videos/67968.mp4', '/videos/41512.mp4', '/videos/67966.mp4', '/videos/41513.mp4', '/videos/41516.mp4', '/videos/41507.mp4', '/videos/41514.mp4', '/videos/41508.mp4', '/videos/41515.mp4']"
pause,"['/videos/41559.mp4', '/videos/41560.mp4', '/videos/41561.mp4', '/videos/41563.mp4', '/videos/41553.mp4', '/videos/41554.mp4', '/videos/41555.mp4']"
pay,"['/videos/41578.mp4', '/videos/68736.mp4', '/videos/41608.mp4', '/videos/41592.mp4', '/videos/41595.mp4', '/videos/41596.mp4', '/videos/41597.mp4', '/videos/41598.mp4', '/videos/66271.mp4', '/videos/41601.mp4', '/videos/41602.mp4', '/videos/41604.mp4', '/videos/41606.mp4', '/videos/41607.mp4']"
pay attention,"['/videos/41579.mp4', '/videos/41582.mp4', '/videos/68128.mp4', '/videos/68872.mp4', '/videos/41580.mp4', '/videos/41583.mp4', '/videos/41584.mp4', '/videos/41585.mp4']"
peace,"['/videos/41643.mp4', '/videos/41653.mp4', '/videos/67969.mp4', '/videos/41654.mp4', '/videos/41655.mp4', '/videos/41657.mp4', '/videos/41658.mp4', '/videos/41659.mp4']"
peaceful,"['/videos/41644.mp4', '/videos/41645.mp4', '/videos/41646.mp4', '/videos/41647.mp4', '/videos/41648.mp4', '/videos/41649.mp4', '/videos/41650.mp4']"
peach,"['/videos/41661.mp4', '/videos/70311.mp4', '/videos/41670.mp4', '/videos/67970.mp4', '/videos/41662.mp4', '/videos/41663.mp4', '/videos/41664.mp4', '/videos/41665.mp4', '/videos/41666.mp4', '/videos/41667.mp4', '/videos/41668.mp4', '/videos/41669.mp4']"
peanut butter,"['/videos/41692.mp4', '/videos/66272.mp4', '/videos/41693.mp4', '/videos/41694.mp4', '/videos/41695.mp4', '/videos/41696.mp4', '/videos/41697.mp4', '/videos/41698.mp4']"
pear,"['/videos/41704.mp4', '/videos/66273.mp4', '/videos/41705.mp4', '/videos/41707.mp4', '/videos/41708.mp4', '/videos/41709.mp4', '/videos/41710.mp4']"
peel,"['/videos/41771.mp4', '/videos/41774.mp4', '/videos/41775.mp4', '/videos/41776.mp4', '/videos/41777.mp4', '/videos/41779.mp4', '/videos/41780.mp4']"
penalty,"['/videos/41810.mp4', '/videos/41811.mp4', '/videos/41812.mp4', '/videos/41813.mp4', '/videos/41814.mp4', '/videos/41815.mp4', '/videos/41816.mp4']"
pencil,"['/videos/41819.mp4', '/videos/70210.mp4', '/videos/70267.mp4', '/videos/41828.mp4', '/videos/41829.mp4', '/videos/41830.mp4', '/videos/41831.mp4', '/videos/41822.mp4', '/videos/67971.mp4', '/videos/41832.mp4', '/videos/41833.mp4', '/videos/41823.mp4', '/videos/41824.mp4', '/videos/41825.mp4', '/videos/41826.mp4']"
pennsylvania,"['/videos/41895.mp4', '/videos/66277.mp4', '/videos/41896.mp4', '/videos/41897.mp4', '/videos/41899.mp4', '/videos/41900.mp4', '/videos/41901.mp4']"
penny,"['/videos/41902.mp4', '/videos/67973.mp4', '/videos/41903.mp4', '/videos/41904.mp4', '/videos/41905.mp4', '/videos/41906.mp4', '/videos/41907.mp4']"
people,"['/videos/41920.mp4', '/videos/69426.mp4', '/videos/68346.mp4', '/videos/70144.mp4', '/videos/41930.mp4', '/videos/41931.mp4', '/videos/41922.mp4', '/videos/67974.mp4', '/videos/41923.mp4', '/videos/41924.mp4', '/videos/41926.mp4', '/videos/41927.mp4', '/videos/41929.mp4']"
pepper,"['/videos/41937.mp4', '/videos/70068.mp4', '/videos/41942.mp4', '/videos/41943.mp4', '/videos/41944.mp4', '/videos/41945.mp4', '/videos/67975.mp4', '/videos/41947.mp4', '/videos/41948.mp4', '/videos/41938.mp4', '/videos/41939.mp4', '/videos/41940.mp4', '/videos/41941.mp4']"
percent,"['/videos/41970.mp4', '/videos/41976.mp4', '/videos/67977.mp4', '/videos/41977.mp4', '/videos/41978.mp4', '/videos/41979.mp4', '/videos/41980.mp4', '/videos/41981.mp4', '/videos/41982.mp4']"
perfect,"['/videos/42003.mp4', '/videos/42004.mp4', '/videos/42005.mp4', '/videos/42006.mp4', '/videos/65575.mp4', '/videos/67979.mp4', '/videos/42008.mp4', '/videos/41998.mp4', '/videos/42001.mp4', '/videos/42002.mp4']"
perfume,"['/videos/42036.mp4', '/videos/42039.mp4', '/videos/42040.mp4', '/videos/42041.mp4', '/videos/42043.mp4', '/videos/42044.mp4', '/videos/42045.mp4', '/videos/67978.mp4']"
period,"['/videos/66279.mp4', '/videos/42076.mp4', '/videos/42080.mp4', '/videos/42081.mp4', '/videos/42082.mp4', '/videos/42086.mp4', '/videos/42088.mp4', '/videos/42089.mp4', '/videos/42090.mp4', '/videos/42091.mp4']"
permit,"['/videos/42136.mp4', '/videos/42144.mp4', '/videos/42145.mp4', '/videos/42148.mp4', '/videos/42137.mp4', '/videos/42138.mp4', '/videos/42142.mp4']"
person,"['/videos/42196.mp4', '/videos/68646.mp4', '/videos/68129.mp4', '/videos/42227.mp4', '/videos/42228.mp4', '/videos/42231.mp4', '/videos/42232.mp4', '/videos/42234.mp4', '/videos/66280.mp4', '/videos/42225.mp4', '/videos/67981.mp4', '/videos/42236.mp4', '/videos/42237.mp4', '/videos/42238.mp4', '/videos/42239.mp4', '/videos/42226.mp4']"
personality,"['/videos/42213.mp4', '/videos/42214.mp4', '/videos/42215.mp4', '/videos/42216.mp4', '/videos/42217.mp4', '/videos/42218.mp4', '/videos/42219.mp4', '/videos/42220.mp4']"
perspective,"['/videos/42242.mp4', '/videos/42246.mp4', '/videos/42247.mp4', '/videos/42248.mp4', '/videos/42250.mp4', '/videos/42251.mp4', '/videos/66281.mp4', '/videos/42252.mp4', '/videos/42253.mp4', '/videos/42254.mp4', '/videos/42255.mp4', '/videos/42256.mp4', '/videos/42243.mp4', '/videos/42245.mp4']"
pet,"['/videos/66283.mp4', '/videos/42316.mp4', '/videos/42317.mp4', '/videos/42308.mp4', '/videos/42318.mp4', '/videos/42309.mp4', '/videos/42311.mp4', '/videos/42314.mp4']"
philadelphia,"['/videos/42378.mp4', '/videos/70138.mp4', '/videos/66284.mp4', '/videos/66285.mp4', '/videos/42379.mp4', '/videos/42380.mp4', '/videos/42381.mp4', '/videos/42382.mp4']"
philosophy,"['/videos/42398.mp4', '/videos/42403.mp4', '/videos/42404.mp4', '/videos/42405.mp4', '/videos/42407.mp4', '/videos/66287.mp4', '/videos/42409.mp4', '/videos/42410.mp4', '/videos/42400.mp4', '/videos/42401.mp4']"
phone,"['/videos/42419.mp4', '/videos/68704.mp4', '/videos/68130.mp4', '/videos/42431.mp4', '/videos/42423.mp4', '/videos/42433.mp4', '/videos/42434.mp4', '/videos/42424.mp4', '/videos/42425.mp4', '/videos/42426.mp4', '/videos/42427.mp4', '/videos/42428.mp4', '/videos/42429.mp4']"
photographer,"['/videos/42469.mp4', '/videos/42470.mp4', '/videos/42471.mp4', '/videos/42472.mp4', '/videos/42473.mp4', '/videos/42474.mp4', '/videos/42475.mp4', '/videos/42476.mp4', '/videos/42477.mp4', '/videos/42478.mp4']"
phrase,"['/videos/42501.mp4', '/videos/42502.mp4', '/videos/42503.mp4', '/videos/42504.mp4', '/videos/42505.mp4', '/videos/42507.mp4', '/videos/42508.mp4']"
physician,"['/videos/42540.mp4', '/videos/42541.mp4', '/videos/42542.mp4', '/videos/42543.mp4', '/videos/42544.mp4', '/videos/42545.mp4', '/videos/42546.mp4', '/videos/42547.mp4']"
physics,"['/videos/42551.mp4', '/videos/42552.mp4', '/videos/42553.mp4', '/videos/42554.mp4', '/videos/42555.mp4', '/videos/42556.mp4', '/videos/42557.mp4', '/videos/42558.mp4', '/videos/42560.mp4']"
piano,"['/videos/42564.mp4', '/videos/67980.mp4', '/videos/42565.mp4', '/videos/42566.mp4', '/videos/42567.mp4', '/videos/42568.mp4', '/videos/42569.mp4', '/videos/42570.mp4', '/videos/42571.mp4']"
pick,"['/videos/42577.mp4', '/videos/42591.mp4', '/videos/66291.mp4', '/videos/42585.mp4', '/videos/42596.mp4', '/videos/42597.mp4', '/videos/42587.mp4', '/videos/42588.mp4', '/videos/42589.mp4']"
pickle,"['/videos/42601.mp4', '/videos/42605.mp4', '/videos/42607.mp4', '/videos/42608.mp4', '/videos/42609.mp4', '/videos/42610.mp4', '/videos/42611.mp4']"
picture,"['/videos/42649.mp4', '/videos/68131.mp4', '/videos/42659.mp4', '/videos/42660.mp4', '/videos/42651.mp4', '/videos/67982.mp4', '/videos/42652.mp4', '/videos/42653.mp4', '/videos/42654.mp4', '/videos/42655.mp4', '/videos/42656.mp4', '/videos/42657.mp4', '/videos/42658.mp4']"
pie,"['/videos/42662.mp4', '/videos/42671.mp4', '/videos/67983.mp4', '/videos/42672.mp4', '/videos/42673.mp4', '/videos/42674.mp4', '/videos/42675.mp4', '/videos/42676.mp4', '/videos/42677.mp4']"
piece,"['/videos/42663.mp4', '/videos/42664.mp4', '/videos/42665.mp4', '/videos/42666.mp4', '/videos/42667.mp4', '/videos/42668.mp4', '/videos/42669.mp4', '/videos/42670.mp4']"
pig,"['/videos/42695.mp4', '/videos/69429.mp4', '/videos/42709.mp4', '/videos/42701.mp4', '/videos/67984.mp4', '/videos/42702.mp4', '/videos/42703.mp4', '/videos/42704.mp4', '/videos/42705.mp4', '/videos/42706.mp4', '/videos/42707.mp4', '/videos/42708.mp4']"
pillow,"['/videos/42752.mp4', '/videos/42753.mp4', '/videos/42754.mp4', '/videos/42746.mp4', '/videos/67987.mp4', '/videos/42756.mp4', '/videos/42757.mp4', '/videos/42758.mp4', '/videos/42747.mp4', '/videos/42749.mp4', '/videos/42750.mp4']"
pilot,"['/videos/42760.mp4', '/videos/42761.mp4', '/videos/42762.mp4', '/videos/42763.mp4', '/videos/42764.mp4', '/videos/42766.mp4', '/videos/42767.mp4']"
pink,"['/videos/42827.mp4', '/videos/69430.mp4', '/videos/68132.mp4', '/videos/68398.mp4', '/videos/70246.mp4', '/videos/42831.mp4', '/videos/42832.mp4', '/videos/42833.mp4', '/videos/42835.mp4', '/videos/42836.mp4', '/videos/42838.mp4', '/videos/66296.mp4', '/videos/42829.mp4', '/videos/67990.mp4', '/videos/42840.mp4', '/videos/42841.mp4', '/videos/42842.mp4', '/videos/42843.mp4', '/videos/42830.mp4']"
pity,"['/videos/42938.mp4', '/videos/42947.mp4', '/videos/67992.mp4', '/videos/42939.mp4', '/videos/42940.mp4', '/videos/42942.mp4', '/videos/42945.mp4', '/videos/42946.mp4']"
pizza,"['/videos/42953.mp4', '/videos/69431.mp4', '/videos/42974.mp4', '/videos/42976.mp4', '/videos/42977.mp4', '/videos/42958.mp4', '/videos/42959.mp4', '/videos/42960.mp4', '/videos/42961.mp4', '/videos/66297.mp4', '/videos/42962.mp4', '/videos/42963.mp4', '/videos/42964.mp4', '/videos/42956.mp4', '/videos/42966.mp4', '/videos/42967.mp4', '/videos/42969.mp4', '/videos/42971.mp4', '/videos/42972.mp4']"
place,"['/videos/42983.mp4', '/videos/69432.mp4', '/videos/70190.mp4', '/videos/42994.mp4', '/videos/42987.mp4', '/videos/42988.mp4', '/videos/42989.mp4', '/videos/42990.mp4', '/videos/42992.mp4', '/videos/42993.mp4']"
plan,"['/videos/43037.mp4', '/videos/70177.mp4', '/videos/43062.mp4', '/videos/43063.mp4', '/videos/43064.mp4', '/videos/43065.mp4', '/videos/66298.mp4', '/videos/43056.mp4', '/videos/43066.mp4', '/videos/43067.mp4', '/videos/43057.mp4', '/videos/43058.mp4', '/videos/43059.mp4', '/videos/43060.mp4', '/videos/43061.mp4']"
plant,"['/videos/43078.mp4', '/videos/43087.mp4', '/videos/43089.mp4', '/videos/43090.mp4', '/videos/43079.mp4', '/videos/43081.mp4', '/videos/43082.mp4', '/videos/43083.mp4']"
plate,"['/videos/43110.mp4', '/videos/43119.mp4', '/videos/43120.mp4', '/videos/66299.mp4', '/videos/43113.mp4', '/videos/43124.mp4', '/videos/43114.mp4', '/videos/43117.mp4', '/videos/43118.mp4']"
play,"['/videos/69433.mp4', '/videos/43166.mp4', '/videos/68288.mp4', '/videos/68133.mp4', '/videos/43170.mp4', '/videos/43171.mp4', '/videos/43172.mp4', '/videos/43173.mp4', '/videos/43174.mp4', '/videos/43175.mp4', '/videos/67081.mp4', '/videos/43176.mp4', '/videos/43177.mp4', '/videos/43178.mp4', '/videos/43179.mp4', '/videos/43180.mp4', '/videos/43167.mp4', '/videos/43168.mp4', '/videos/43169.mp4']"
player,"['/videos/43146.mp4', '/videos/66300.mp4', '/videos/43147.mp4', '/videos/43148.mp4', '/videos/43149.mp4', '/videos/43150.mp4', '/videos/43151.mp4']"
please,"['/videos/43213.mp4', '/videos/69434.mp4', '/videos/70220.mp4', '/videos/68670.mp4', '/videos/43225.mp4', '/videos/43226.mp4', '/videos/43217.mp4', '/videos/67083.mp4', '/videos/43218.mp4', '/videos/43219.mp4', '/videos/43220.mp4', '/videos/43221.mp4', '/videos/43222.mp4', '/videos/43223.mp4', '/videos/43224.mp4']"
plenty,"['/videos/43253.mp4', '/videos/43254.mp4', '/videos/43255.mp4', '/videos/43257.mp4', '/videos/43258.mp4', '/videos/43259.mp4', '/videos/43260.mp4', '/videos/43261.mp4']"
plus,"['/videos/43335.mp4', '/videos/68134.mp4', '/videos/43346.mp4', '/videos/43347.mp4', '/videos/43348.mp4', '/videos/66303.mp4', '/videos/43339.mp4', '/videos/43349.mp4', '/videos/43340.mp4', '/videos/43341.mp4', '/videos/43342.mp4', '/videos/43343.mp4', '/videos/43345.mp4']"
pneumonia,"['/videos/43364.mp4', '/videos/43367.mp4', '/videos/43368.mp4', '/videos/43369.mp4', '/videos/43370.mp4', '/videos/43371.mp4', '/videos/43372.mp4', '/videos/43373.mp4']"
pocket,"['/videos/43375.mp4', '/videos/43380.mp4', '/videos/43381.mp4', '/videos/43382.mp4', '/videos/43383.mp4', '/videos/43384.mp4', '/videos/43385.mp4', '/videos/43386.mp4', '/videos/43388.mp4']"
point,"['/videos/66304.mp4', '/videos/43460.mp4', '/videos/43461.mp4', '/videos/43462.mp4', '/videos/43444.mp4', '/videos/43445.mp4', '/videos/43446.mp4', '/videos/43447.mp4', '/videos/43448.mp4', '/videos/43449.mp4', '/videos/43443.mp4', '/videos/43452.mp4', '/videos/67086.mp4']"
polar bear,"['/videos/43507.mp4', '/videos/43508.mp4', '/videos/43509.mp4', '/videos/43510.mp4', '/videos/43511.mp4', '/videos/43512.mp4', '/videos/43513.mp4']"
police,"['/videos/43519.mp4', '/videos/70198.mp4', '/videos/43526.mp4', '/videos/43527.mp4', '/videos/43528.mp4', '/videos/43529.mp4', '/videos/43531.mp4', '/videos/66306.mp4', '/videos/43522.mp4', '/videos/43532.mp4', '/videos/43533.mp4', '/videos/43534.mp4', '/videos/43535.mp4', '/videos/43523.mp4', '/videos/43524.mp4', '/videos/43525.mp4']"
policeman,"['/videos/43536.mp4', '/videos/67087.mp4', '/videos/43537.mp4', '/videos/43538.mp4', '/videos/43539.mp4', '/videos/43540.mp4', '/videos/43542.mp4']"
policy,"['/videos/43552.mp4', '/videos/43561.mp4', '/videos/66307.mp4', '/videos/43553.mp4', '/videos/43554.mp4', '/videos/43555.mp4', '/videos/43556.mp4', '/videos/43557.mp4', '/videos/43558.mp4', '/videos/43559.mp4']"
polite,"['/videos/43570.mp4', '/videos/43578.mp4', '/videos/43579.mp4', '/videos/66308.mp4', '/videos/43580.mp4', '/videos/43571.mp4', '/videos/43572.mp4', '/videos/43573.mp4', '/videos/43574.mp4', '/videos/43575.mp4', '/videos/43576.mp4', '/videos/43577.mp4']"
politics,"['/videos/43593.mp4', '/videos/66309.mp4', '/videos/43594.mp4', '/videos/43595.mp4', '/videos/43596.mp4', '/videos/43597.mp4', '/videos/43598.mp4', '/videos/43599.mp4']"
poop,"['/videos/66311.mp4', '/videos/43671.mp4', '/videos/43672.mp4', '/videos/43673.mp4', '/videos/43674.mp4', '/videos/43676.mp4', '/videos/43677.mp4']"
poor,"['/videos/43678.mp4', '/videos/43685.mp4', '/videos/43686.mp4', '/videos/43687.mp4', '/videos/67089.mp4', '/videos/43688.mp4', '/videos/43689.mp4', '/videos/43679.mp4', '/videos/43680.mp4', '/videos/43681.mp4', '/videos/43682.mp4', '/videos/43683.mp4', '/videos/43684.mp4']"
popcorn,"['/videos/43695.mp4', '/videos/43697.mp4', '/videos/67091.mp4', '/videos/43698.mp4', '/videos/43699.mp4', '/videos/43700.mp4', '/videos/43701.mp4', '/videos/43702.mp4', '/videos/43703.mp4']"
popular,"['/videos/43725.mp4', '/videos/66312.mp4', '/videos/43726.mp4', '/videos/43727.mp4', '/videos/43728.mp4', '/videos/43729.mp4', '/videos/43730.mp4', '/videos/43731.mp4', '/videos/43732.mp4', '/videos/43733.mp4']"
position,"['/videos/43799.mp4', '/videos/43800.mp4', '/videos/43801.mp4', '/videos/43802.mp4', '/videos/43803.mp4', '/videos/43805.mp4', '/videos/43806.mp4', '/videos/43807.mp4']"
positive,"['/videos/43808.mp4', '/videos/70365.mp4', '/videos/66313.mp4', '/videos/43809.mp4', '/videos/43810.mp4', '/videos/43811.mp4', '/videos/43812.mp4', '/videos/43813.mp4', '/videos/43814.mp4']"
possible,"['/videos/43828.mp4', '/videos/43834.mp4', '/videos/43835.mp4', '/videos/43836.mp4', '/videos/43837.mp4', '/videos/66316.mp4', '/videos/67092.mp4', '/videos/43838.mp4', '/videos/43839.mp4', '/videos/43829.mp4', '/videos/43830.mp4', '/videos/43831.mp4', '/videos/43833.mp4']"
post,"['/videos/43873.mp4', '/videos/43885.mp4', '/videos/43882.mp4', '/videos/43883.mp4', '/videos/43876.mp4', '/videos/43880.mp4', '/videos/43881.mp4']"
postpone,"['/videos/43900.mp4', '/videos/70125.mp4', '/videos/43908.mp4', '/videos/43909.mp4', '/videos/43910.mp4', '/videos/43911.mp4', '/videos/43901.mp4', '/videos/43902.mp4', '/videos/43903.mp4', '/videos/43904.mp4', '/videos/43905.mp4', '/videos/43907.mp4']"
potato,"['/videos/43922.mp4', '/videos/70061.mp4', '/videos/43936.mp4', '/videos/43937.mp4', '/videos/43938.mp4', '/videos/66318.mp4', '/videos/43929.mp4', '/videos/67093.mp4', '/videos/43930.mp4', '/videos/43931.mp4', '/videos/43932.mp4', '/videos/43933.mp4', '/videos/43934.mp4', '/videos/43935.mp4']"
potential,"['/videos/43944.mp4', '/videos/43945.mp4', '/videos/43946.mp4', '/videos/43947.mp4', '/videos/43948.mp4', '/videos/43949.mp4', '/videos/43950.mp4']"
pound,"['/videos/43986.mp4', '/videos/43995.mp4', '/videos/43996.mp4', '/videos/43987.mp4', '/videos/43988.mp4', '/videos/43989.mp4', '/videos/43992.mp4', '/videos/43994.mp4']"
pour,"['/videos/43999.mp4', '/videos/44007.mp4', '/videos/44010.mp4', '/videos/44011.mp4', '/videos/44000.mp4', '/videos/44001.mp4', '/videos/44003.mp4', '/videos/44004.mp4']"
poverty,"['/videos/44018.mp4', '/videos/44019.mp4', '/videos/44020.mp4', '/videos/44021.mp4', '/videos/44022.mp4', '/videos/44023.mp4', '/videos/44024.mp4']"
power,"['/videos/44034.mp4', '/videos/44046.mp4', '/videos/44047.mp4', '/videos/44048.mp4', '/videos/44049.mp4', '/videos/44050.mp4', '/videos/44051.mp4', '/videos/66319.mp4', '/videos/67094.mp4', '/videos/44056.mp4', '/videos/44058.mp4', '/videos/44045.mp4']"
practice,"['/videos/44080.mp4', '/videos/68706.mp4', '/videos/68738.mp4', '/videos/44087.mp4', '/videos/44088.mp4', '/videos/44089.mp4', '/videos/66320.mp4', '/videos/44090.mp4', '/videos/44091.mp4', '/videos/44081.mp4', '/videos/44082.mp4', '/videos/44083.mp4', '/videos/44084.mp4', '/videos/44085.mp4', '/videos/44086.mp4']"
praise,"['/videos/44096.mp4', '/videos/44097.mp4', '/videos/44098.mp4', '/videos/44099.mp4', '/videos/44100.mp4', '/videos/44101.mp4', '/videos/44102.mp4', '/videos/44103.mp4']"
pray,"['/videos/44119.mp4', '/videos/44134.mp4', '/videos/44135.mp4', '/videos/44126.mp4', '/videos/44136.mp4', '/videos/44127.mp4', '/videos/44128.mp4', '/videos/44129.mp4', '/videos/44130.mp4', '/videos/44132.mp4']"
preach,"['/videos/44137.mp4', '/videos/44147.mp4', '/videos/44148.mp4', '/videos/44149.mp4', '/videos/44150.mp4', '/videos/44151.mp4', '/videos/44152.mp4', '/videos/44153.mp4']"
preacher,"['/videos/44140.mp4', '/videos/67096.mp4', '/videos/44141.mp4', '/videos/44142.mp4', '/videos/44143.mp4', '/videos/44144.mp4', '/videos/44145.mp4', '/videos/44146.mp4']"
precious,"['/videos/44166.mp4', '/videos/44175.mp4', '/videos/66321.mp4', '/videos/44167.mp4', '/videos/44168.mp4', '/videos/44171.mp4', '/videos/44172.mp4']"
precipitation,"['/videos/44176.mp4', '/videos/44177.mp4', '/videos/44178.mp4', '/videos/44179.mp4', '/videos/44180.mp4', '/videos/44181.mp4', '/videos/44182.mp4']"
precise,"['/videos/44183.mp4', '/videos/44184.mp4', '/videos/44185.mp4', '/videos/44186.mp4', '/videos/44187.mp4', '/videos/44188.mp4', '/videos/44189.mp4']"
predict,"['/videos/44199.mp4', '/videos/44208.mp4', '/videos/44200.mp4', '/videos/44201.mp4', '/videos/44202.mp4', '/videos/44203.mp4', '/videos/44204.mp4', '/videos/44205.mp4', '/videos/44206.mp4', '/videos/44207.mp4']"
prefer,"['/videos/44213.mp4', '/videos/68490.mp4', '/videos/44221.mp4', '/videos/44222.mp4', '/videos/44224.mp4', '/videos/44225.mp4', '/videos/44226.mp4', '/videos/44227.mp4']"
pregnant,"['/videos/44232.mp4', '/videos/68388.mp4', '/videos/44242.mp4', '/videos/44233.mp4', '/videos/44234.mp4', '/videos/44235.mp4', '/videos/44236.mp4', '/videos/44237.mp4', '/videos/44239.mp4']"
prepare,"['/videos/44267.mp4', '/videos/44281.mp4', '/videos/66324.mp4', '/videos/44273.mp4', '/videos/44274.mp4', '/videos/44275.mp4', '/videos/44276.mp4', '/videos/44277.mp4', '/videos/44278.mp4', '/videos/44279.mp4', '/videos/44280.mp4']"
preschool,"['/videos/44296.mp4', '/videos/44299.mp4', '/videos/44297.mp4', '/videos/44300.mp4', '/videos/44301.mp4', '/videos/44302.mp4', '/videos/44303.mp4']"
present,"['/videos/66325.mp4', '/videos/44351.mp4', '/videos/44334.mp4', '/videos/44335.mp4', '/videos/44339.mp4', '/videos/44340.mp4', '/videos/44333.mp4', '/videos/44344.mp4', '/videos/44347.mp4', '/videos/44348.mp4', '/videos/44349.mp4', '/videos/44350.mp4']"
presentation,"['/videos/44319.mp4', '/videos/44328.mp4', '/videos/44329.mp4', '/videos/44320.mp4', '/videos/44321.mp4', '/videos/44322.mp4', '/videos/44323.mp4', '/videos/44324.mp4', '/videos/44325.mp4', '/videos/44327.mp4']"
president,"['/videos/44364.mp4', '/videos/44372.mp4', '/videos/44373.mp4', '/videos/44374.mp4', '/videos/44375.mp4', '/videos/44376.mp4', '/videos/66326.mp4', '/videos/44367.mp4', '/videos/67097.mp4', '/videos/44377.mp4', '/videos/44378.mp4', '/videos/44368.mp4', '/videos/44369.mp4', '/videos/44370.mp4', '/videos/44371.mp4']"
pressure,"['/videos/44394.mp4', '/videos/44396.mp4', '/videos/44397.mp4', '/videos/44398.mp4', '/videos/44399.mp4', '/videos/44400.mp4', '/videos/44401.mp4', '/videos/44402.mp4']"
pretty,"['/videos/44422.mp4', '/videos/69437.mp4', '/videos/70255.mp4', '/videos/66328.mp4', '/videos/67100.mp4', '/videos/44424.mp4', '/videos/44425.mp4', '/videos/44426.mp4', '/videos/44427.mp4', '/videos/44428.mp4', '/videos/44429.mp4']"
prevent,"['/videos/44440.mp4', '/videos/44441.mp4', '/videos/44442.mp4', '/videos/44443.mp4', '/videos/44444.mp4', '/videos/44445.mp4', '/videos/44446.mp4', '/videos/44447.mp4', '/videos/44448.mp4']"
price,"['/videos/44469.mp4', '/videos/44477.mp4', '/videos/44478.mp4', '/videos/66330.mp4', '/videos/67102.mp4', '/videos/44470.mp4', '/videos/44471.mp4', '/videos/44472.mp4', '/videos/44473.mp4', '/videos/44474.mp4', '/videos/44475.mp4', '/videos/44476.mp4']"
pride,"['/videos/44485.mp4', '/videos/67101.mp4', '/videos/44486.mp4', '/videos/44487.mp4', '/videos/44488.mp4', '/videos/44489.mp4', '/videos/44490.mp4']"
priest,"['/videos/44491.mp4', '/videos/44500.mp4', '/videos/67104.mp4', '/videos/44492.mp4', '/videos/44493.mp4', '/videos/44494.mp4', '/videos/44495.mp4', '/videos/44496.mp4', '/videos/44497.mp4', '/videos/44498.mp4', '/videos/44499.mp4']"
prince,"['/videos/44522.mp4', '/videos/44524.mp4', '/videos/44525.mp4', '/videos/44526.mp4', '/videos/44527.mp4', '/videos/44528.mp4', '/videos/44529.mp4']"
princess,"['/videos/44530.mp4', '/videos/44532.mp4', '/videos/44533.mp4', '/videos/44534.mp4', '/videos/44535.mp4', '/videos/44536.mp4', '/videos/44537.mp4']"
principal,"['/videos/66331.mp4', '/videos/44538.mp4', '/videos/44539.mp4', '/videos/44540.mp4', '/videos/44541.mp4', '/videos/44542.mp4', '/videos/44543.mp4', '/videos/44544.mp4']"
principle,"['/videos/44548.mp4', '/videos/44549.mp4', '/videos/44550.mp4', '/videos/44551.mp4', '/videos/44552.mp4', '/videos/44553.mp4', '/videos/44555.mp4']"
print,"['/videos/44556.mp4', '/videos/69438.mp4', '/videos/66332.mp4', '/videos/44567.mp4', '/videos/67103.mp4', '/videos/44568.mp4', '/videos/44569.mp4', '/videos/44570.mp4', '/videos/44571.mp4', '/videos/44572.mp4']"
printer,"['/videos/44557.mp4', '/videos/44558.mp4', '/videos/44559.mp4', '/videos/44560.mp4', '/videos/44561.mp4', '/videos/44562.mp4', '/videos/44563.mp4', '/videos/44564.mp4', '/videos/44565.mp4', '/videos/44566.mp4']"
priority,"['/videos/44582.mp4', '/videos/44588.mp4', '/videos/44589.mp4', '/videos/44592.mp4', '/videos/44593.mp4', '/videos/44584.mp4', '/videos/44586.mp4', '/videos/44587.mp4']"
prison,"['/videos/44598.mp4', '/videos/44609.mp4', '/videos/44610.mp4', '/videos/44611.mp4', '/videos/66334.mp4', '/videos/44602.mp4', '/videos/67106.mp4', '/videos/44604.mp4', '/videos/44605.mp4', '/videos/44606.mp4', '/videos/44607.mp4', '/videos/44608.mp4']"
private,"['/videos/44618.mp4', '/videos/44633.mp4', '/videos/44624.mp4', '/videos/44625.mp4', '/videos/44626.mp4', '/videos/44627.mp4', '/videos/44628.mp4', '/videos/44629.mp4', '/videos/44631.mp4', '/videos/44632.mp4']"
problem,"['/videos/44677.mp4', '/videos/44684.mp4', '/videos/44685.mp4', '/videos/44686.mp4', '/videos/44687.mp4', '/videos/44688.mp4', '/videos/44689.mp4', '/videos/66335.mp4', '/videos/44680.mp4', '/videos/67107.mp4', '/videos/67105.mp4', '/videos/44690.mp4', '/videos/44691.mp4', '/videos/44681.mp4', '/videos/44682.mp4', '/videos/44683.mp4']"
process,"['/videos/44714.mp4', '/videos/44715.mp4', '/videos/44716.mp4', '/videos/44718.mp4', '/videos/44719.mp4', '/videos/44720.mp4', '/videos/44721.mp4']"
procrastinate,"['/videos/44732.mp4', '/videos/44733.mp4', '/videos/44734.mp4', '/videos/44735.mp4', '/videos/44736.mp4', '/videos/44737.mp4', '/videos/44738.mp4', '/videos/44739.mp4', '/videos/44740.mp4', '/videos/44741.mp4']"
professional,"['/videos/44776.mp4', '/videos/44777.mp4', '/videos/44778.mp4', '/videos/44779.mp4', '/videos/44780.mp4', '/videos/44781.mp4', '/videos/44782.mp4', '/videos/44783.mp4']"
professor,"['/videos/44789.mp4', '/videos/44790.mp4', '/videos/44791.mp4', '/videos/44792.mp4', '/videos/44793.mp4', '/videos/44794.mp4', '/videos/44795.mp4', '/videos/44796.mp4']"
profit,"['/videos/44810.mp4', '/videos/44811.mp4', '/videos/44812.mp4', '/videos/44813.mp4', '/videos/44814.mp4', '/videos/44816.mp4', '/videos/44817.mp4']"
program,"['/videos/44828.mp4', '/videos/44837.mp4', '/videos/66337.mp4', '/videos/44829.mp4', '/videos/44830.mp4', '/videos/44831.mp4', '/videos/44832.mp4', '/videos/44833.mp4', '/videos/44834.mp4', '/videos/44835.mp4', '/videos/44836.mp4']"
progress,"['/videos/44842.mp4', '/videos/44843.mp4', '/videos/44844.mp4', '/videos/44846.mp4', '/videos/44847.mp4', '/videos/44848.mp4', '/videos/44849.mp4']"
project,"['/videos/44859.mp4', '/videos/44868.mp4', '/videos/66338.mp4', '/videos/44869.mp4', '/videos/44860.mp4', '/videos/44862.mp4', '/videos/44863.mp4', '/videos/44864.mp4', '/videos/44865.mp4', '/videos/44866.mp4']"
promise,"['/videos/44896.mp4', '/videos/70154.mp4', '/videos/66339.mp4', '/videos/67108.mp4', '/videos/44897.mp4', '/videos/44898.mp4', '/videos/44899.mp4', '/videos/44900.mp4', '/videos/44901.mp4', '/videos/44902.mp4', '/videos/44903.mp4']"
promote,"['/videos/66340.mp4', '/videos/44906.mp4', '/videos/67109.mp4', '/videos/44907.mp4', '/videos/44908.mp4', '/videos/44910.mp4', '/videos/44911.mp4', '/videos/44912.mp4']"
proof,"['/videos/66341.mp4', '/videos/44949.mp4', '/videos/44950.mp4', '/videos/44951.mp4', '/videos/44952.mp4', '/videos/44953.mp4', '/videos/44954.mp4', '/videos/44955.mp4', '/videos/44956.mp4']"
propaganda,"['/videos/44957.mp4', '/videos/44958.mp4', '/videos/44959.mp4', '/videos/44960.mp4', '/videos/44961.mp4', '/videos/44962.mp4', '/videos/44963.mp4']"
proper,"['/videos/44969.mp4', '/videos/44970.mp4', '/videos/44971.mp4', '/videos/44972.mp4', '/videos/44973.mp4', '/videos/44974.mp4', '/videos/44975.mp4']"
prostitute,"['/videos/45050.mp4', '/videos/45051.mp4', '/videos/45052.mp4', '/videos/45053.mp4', '/videos/45054.mp4', '/videos/45055.mp4', '/videos/45056.mp4', '/videos/45057.mp4']"
protect,"['/videos/45059.mp4', '/videos/66343.mp4', '/videos/45060.mp4', '/videos/45061.mp4', '/videos/45062.mp4', '/videos/45063.mp4', '/videos/45064.mp4', '/videos/45065.mp4', '/videos/45066.mp4', '/videos/45067.mp4']"
proud,"['/videos/45089.mp4', '/videos/45090.mp4', '/videos/45091.mp4', '/videos/45092.mp4', '/videos/45093.mp4', '/videos/45094.mp4', '/videos/45095.mp4', '/videos/45096.mp4']"
prove,"['/videos/45097.mp4', '/videos/45098.mp4', '/videos/45099.mp4', '/videos/45100.mp4', '/videos/45101.mp4', '/videos/45102.mp4', '/videos/45103.mp4', '/videos/45104.mp4', '/videos/45105.mp4', '/videos/45106.mp4']"
provide,"['/videos/45108.mp4', '/videos/66346.mp4', '/videos/45110.mp4', '/videos/45111.mp4', '/videos/45112.mp4', '/videos/45113.mp4', '/videos/45114.mp4', '/videos/45115.mp4', '/videos/45116.mp4', '/videos/45117.mp4']"
psychologist,"['/videos/45163.mp4', '/videos/67112.mp4', '/videos/45164.mp4', '/videos/45165.mp4', '/videos/45166.mp4', '/videos/45167.mp4', '/videos/45168.mp4']"
psychology,"['/videos/45169.mp4', '/videos/45180.mp4', '/videos/45171.mp4', '/videos/45172.mp4', '/videos/45173.mp4', '/videos/45175.mp4', '/videos/45176.mp4', '/videos/45177.mp4', '/videos/45178.mp4', '/videos/45179.mp4']"
public,"['/videos/45186.mp4', '/videos/45193.mp4', '/videos/45194.mp4', '/videos/45196.mp4', '/videos/45197.mp4', '/videos/45198.mp4', '/videos/45199.mp4']"
publish,"['/videos/45218.mp4', '/videos/45219.mp4', '/videos/45220.mp4', '/videos/45221.mp4', '/videos/45222.mp4', '/videos/45223.mp4', '/videos/45224.mp4']"
pull,"['/videos/45252.mp4', '/videos/69439.mp4', '/videos/70378.mp4', '/videos/45265.mp4', '/videos/45266.mp4', '/videos/45267.mp4', '/videos/45268.mp4', '/videos/45269.mp4', '/videos/45270.mp4', '/videos/66351.mp4', '/videos/45261.mp4', '/videos/67111.mp4', '/videos/45271.mp4', '/videos/45272.mp4', '/videos/45273.mp4', '/videos/45262.mp4', '/videos/45263.mp4', '/videos/45264.mp4']"
pumpkin,"['/videos/45323.mp4', '/videos/66352.mp4', '/videos/45324.mp4', '/videos/45325.mp4', '/videos/45326.mp4', '/videos/45327.mp4', '/videos/45328.mp4', '/videos/45329.mp4', '/videos/45330.mp4']"
punish,"['/videos/45362.mp4', '/videos/66354.mp4', '/videos/67113.mp4', '/videos/45363.mp4', '/videos/45364.mp4', '/videos/45365.mp4', '/videos/45366.mp4', '/videos/45367.mp4', '/videos/45368.mp4', '/videos/45369.mp4']"
purchase,"['/videos/45410.mp4', '/videos/45411.mp4', '/videos/45412.mp4', '/videos/45413.mp4', '/videos/45414.mp4', '/videos/45415.mp4', '/videos/45416.mp4']"
pure,"['/videos/45419.mp4', '/videos/45420.mp4', '/videos/45421.mp4', '/videos/45422.mp4', '/videos/45423.mp4', '/videos/45424.mp4', '/videos/45425.mp4']"
purple,"['/videos/45432.mp4', '/videos/69440.mp4', '/videos/68137.mp4', '/videos/68726.mp4', '/videos/70247.mp4', '/videos/45438.mp4', '/videos/45439.mp4', '/videos/45440.mp4', '/videos/45441.mp4', '/videos/66355.mp4', '/videos/67114.mp4', '/videos/45442.mp4', '/videos/45443.mp4', '/videos/45433.mp4', '/videos/45434.mp4', '/videos/45435.mp4', '/videos/45436.mp4', '/videos/45437.mp4']"
purpose,"['/videos/45447.mp4', '/videos/45448.mp4', '/videos/45449.mp4', '/videos/45450.mp4', '/videos/45451.mp4', '/videos/45452.mp4', '/videos/45453.mp4', '/videos/45454.mp4', '/videos/45455.mp4']"
pursue,"['/videos/45467.mp4', '/videos/45468.mp4', '/videos/45469.mp4', '/videos/45470.mp4', '/videos/45471.mp4', '/videos/45472.mp4', '/videos/45473.mp4']"
push,"['/videos/45474.mp4', '/videos/45486.mp4', '/videos/45487.mp4', '/videos/66356.mp4', '/videos/45479.mp4', '/videos/67115.mp4', '/videos/45480.mp4', '/videos/45481.mp4', '/videos/45482.mp4', '/videos/45483.mp4', '/videos/45484.mp4', '/videos/45485.mp4']"
put,"['/videos/45494.mp4', '/videos/69441.mp4', '/videos/45511.mp4', '/videos/45512.mp4', '/videos/45513.mp4', '/videos/45514.mp4', '/videos/45515.mp4', '/videos/45516.mp4', '/videos/45517.mp4', '/videos/45518.mp4', '/videos/45519.mp4']"
put off,"['/videos/45524.mp4', '/videos/45525.mp4', '/videos/45526.mp4', '/videos/45527.mp4', '/videos/45529.mp4', '/videos/45530.mp4', '/videos/45532.mp4']"
puzzled,"['/videos/45570.mp4', '/videos/66359.mp4', '/videos/67116.mp4', '/videos/45571.mp4', '/videos/45572.mp4', '/videos/45573.mp4', '/videos/45574.mp4', '/videos/45575.mp4', '/videos/45576.mp4', '/videos/45577.mp4']"
q,"['/videos/45595.mp4', '/videos/66055.mp4', '/videos/45597.mp4', '/videos/45598.mp4', '/videos/45599.mp4', '/videos/45600.mp4', '/videos/45601.mp4']"
quality,"['/videos/45636.mp4', '/videos/66360.mp4', '/videos/45637.mp4', '/videos/45638.mp4', '/videos/45639.mp4', '/videos/45640.mp4', '/videos/45641.mp4']"
quarrel,"['/videos/45651.mp4', '/videos/45652.mp4', '/videos/45654.mp4', '/videos/45655.mp4', '/videos/45656.mp4', '/videos/45657.mp4', '/videos/45658.mp4']"
quarter,"['/videos/45672.mp4', '/videos/45663.mp4', '/videos/45673.mp4', '/videos/45664.mp4', '/videos/45665.mp4', '/videos/45666.mp4', '/videos/45669.mp4']"
queen,"['/videos/45684.mp4', '/videos/45692.mp4', '/videos/66362.mp4', '/videos/67117.mp4', '/videos/45685.mp4', '/videos/45686.mp4', '/videos/45687.mp4', '/videos/45688.mp4', '/videos/45689.mp4', '/videos/45690.mp4', '/videos/45691.mp4']"
question,"['/videos/45711.mp4', '/videos/69442.mp4', '/videos/45723.mp4', '/videos/45714.mp4', '/videos/45715.mp4', '/videos/45717.mp4', '/videos/45719.mp4', '/videos/45720.mp4', '/videos/45721.mp4', '/videos/45722.mp4']"
quick,"['/videos/45739.mp4', '/videos/45749.mp4', '/videos/66363.mp4', '/videos/66364.mp4', '/videos/45742.mp4', '/videos/45743.mp4', '/videos/45744.mp4', '/videos/45746.mp4', '/videos/45747.mp4', '/videos/45748.mp4']"
quiet,"['/videos/45754.mp4', '/videos/45762.mp4', '/videos/45764.mp4', '/videos/45765.mp4', '/videos/45766.mp4', '/videos/66365.mp4', '/videos/45757.mp4', '/videos/67118.mp4', '/videos/45767.mp4', '/videos/45758.mp4', '/videos/45759.mp4', '/videos/45760.mp4', '/videos/45761.mp4']"
quit,"['/videos/45777.mp4', '/videos/45789.mp4', '/videos/45780.mp4', '/videos/45781.mp4', '/videos/45782.mp4', '/videos/45783.mp4', '/videos/45784.mp4', '/videos/45785.mp4', '/videos/45786.mp4', '/videos/45787.mp4', '/videos/45788.mp4']"
quote,"['/videos/45819.mp4', '/videos/45820.mp4', '/videos/45821.mp4', '/videos/45822.mp4', '/videos/45823.mp4', '/videos/45824.mp4', '/videos/45825.mp4', '/videos/45826.mp4']"
r,"['/videos/45829.mp4', '/videos/66056.mp4', '/videos/47983.mp4', '/videos/47984.mp4', '/videos/47985.mp4', '/videos/47986.mp4', '/videos/47987.mp4']"
rabbit,"['/videos/45835.mp4', '/videos/45837.mp4', '/videos/45838.mp4', '/videos/45839.mp4', '/videos/45840.mp4', '/videos/45841.mp4', '/videos/45842.mp4', '/videos/45843.mp4', '/videos/67119.mp4', '/videos/45845.mp4', '/videos/45846.mp4', '/videos/45847.mp4', '/videos/45848.mp4', '/videos/45849.mp4', '/videos/45850.mp4', '/videos/45851.mp4', '/videos/45836.mp4']"
raccoon,"['/videos/45852.mp4', '/videos/45860.mp4', '/videos/45861.mp4', '/videos/66367.mp4', '/videos/66368.mp4', '/videos/45853.mp4', '/videos/45854.mp4', '/videos/45855.mp4', '/videos/45856.mp4', '/videos/45857.mp4', '/videos/45858.mp4', '/videos/45859.mp4']"
race,"['/videos/45864.mp4', '/videos/45865.mp4', '/videos/45866.mp4', '/videos/45867.mp4', '/videos/45869.mp4', '/videos/45870.mp4', '/videos/45871.mp4', '/videos/45872.mp4', '/videos/45873.mp4']"
radio,"['/videos/45905.mp4', '/videos/45916.mp4', '/videos/45907.mp4', '/videos/67120.mp4', '/videos/45908.mp4', '/videos/45909.mp4', '/videos/45910.mp4', '/videos/45911.mp4', '/videos/45912.mp4', '/videos/45913.mp4', '/videos/45914.mp4']"
rage,"['/videos/45927.mp4', '/videos/45928.mp4', '/videos/45929.mp4', '/videos/45930.mp4', '/videos/45932.mp4', '/videos/45935.mp4', '/videos/45936.mp4']"
rain,"['/videos/45965.mp4', '/videos/70121.mp4', '/videos/46000.mp4', '/videos/46001.mp4', '/videos/66369.mp4', '/videos/45993.mp4', '/videos/67121.mp4', '/videos/45994.mp4', '/videos/45995.mp4', '/videos/45996.mp4', '/videos/45997.mp4', '/videos/45998.mp4', '/videos/45999.mp4']"
rainbow,"['/videos/45966.mp4', '/videos/45967.mp4', '/videos/45968.mp4', '/videos/45969.mp4', '/videos/45970.mp4', '/videos/45971.mp4', '/videos/45972.mp4', '/videos/45973.mp4', '/videos/45974.mp4', '/videos/45975.mp4']"
rake,"['/videos/46053.mp4', '/videos/66370.mp4', '/videos/67122.mp4', '/videos/46054.mp4', '/videos/46055.mp4', '/videos/46056.mp4', '/videos/46057.mp4', '/videos/46058.mp4', '/videos/46059.mp4', '/videos/46060.mp4']"
rat,"['/videos/46155.mp4', '/videos/46182.mp4', '/videos/46174.mp4', '/videos/67123.mp4', '/videos/46175.mp4', '/videos/46176.mp4', '/videos/46177.mp4', '/videos/46178.mp4', '/videos/46179.mp4', '/videos/46180.mp4', '/videos/46181.mp4']"
rather,"['/videos/46164.mp4', '/videos/46165.mp4', '/videos/46166.mp4', '/videos/46167.mp4', '/videos/46170.mp4', '/videos/46172.mp4', '/videos/46173.mp4']"
read,"['/videos/46260.mp4', '/videos/68400.mp4', '/videos/68138.mp4', '/videos/70274.mp4', '/videos/69034.mp4', '/videos/68139.mp4', '/videos/46273.mp4', '/videos/46275.mp4', '/videos/46266.mp4', '/videos/67125.mp4', '/videos/46276.mp4', '/videos/46267.mp4', '/videos/46268.mp4', '/videos/46269.mp4', '/videos/46270.mp4', '/videos/46271.mp4', '/videos/46272.mp4']"
ready,"['/videos/46287.mp4', '/videos/46305.mp4', '/videos/46288.mp4', '/videos/46289.mp4', '/videos/46291.mp4', '/videos/46292.mp4', '/videos/46293.mp4', '/videos/46294.mp4', '/videos/46296.mp4', '/videos/66374.mp4', '/videos/46299.mp4', '/videos/46300.mp4', '/videos/46302.mp4']"
real,"['/videos/46310.mp4', '/videos/46314.mp4', '/videos/46315.mp4', '/videos/46316.mp4', '/videos/46317.mp4', '/videos/46318.mp4', '/videos/46319.mp4']"
realize,"['/videos/46326.mp4', '/videos/70354.mp4', '/videos/46335.mp4', '/videos/46336.mp4', '/videos/46327.mp4', '/videos/46330.mp4', '/videos/46332.mp4', '/videos/46333.mp4', '/videos/46334.mp4']"
really,"['/videos/46339.mp4', '/videos/69445.mp4', '/videos/70353.mp4', '/videos/46368.mp4', '/videos/67126.mp4', '/videos/46369.mp4', '/videos/46370.mp4', '/videos/46371.mp4', '/videos/46372.mp4', '/videos/46373.mp4', '/videos/46374.mp4', '/videos/46375.mp4']"
reason,"['/videos/46425.mp4', '/videos/46435.mp4', '/videos/46436.mp4', '/videos/66375.mp4', '/videos/46428.mp4', '/videos/67127.mp4', '/videos/46429.mp4', '/videos/46430.mp4', '/videos/46431.mp4', '/videos/46432.mp4', '/videos/46433.mp4', '/videos/46434.mp4']"
receive,"['/videos/46489.mp4', '/videos/46491.mp4', '/videos/46492.mp4', '/videos/46493.mp4', '/videos/46494.mp4', '/videos/46495.mp4', '/videos/46496.mp4', '/videos/46497.mp4']"
recent,"['/videos/66376.mp4', '/videos/66377.mp4', '/videos/46500.mp4', '/videos/46501.mp4', '/videos/46502.mp4', '/videos/46503.mp4', '/videos/46505.mp4', '/videos/46506.mp4']"
recliner,"['/videos/46574.mp4', '/videos/46575.mp4', '/videos/46576.mp4', '/videos/46577.mp4', '/videos/46578.mp4', '/videos/46579.mp4', '/videos/46580.mp4']"
recognize,"['/videos/46587.mp4', '/videos/46588.mp4', '/videos/46589.mp4', '/videos/46590.mp4', '/videos/46591.mp4', '/videos/46592.mp4', '/videos/46594.mp4', '/videos/46595.mp4', '/videos/46596.mp4']"
recommend,"['/videos/46605.mp4', '/videos/46606.mp4', '/videos/46607.mp4', '/videos/46608.mp4', '/videos/46609.mp4', '/videos/46610.mp4', '/videos/46611.mp4']"
recover,"['/videos/46656.mp4', '/videos/46658.mp4', '/videos/46659.mp4', '/videos/46660.mp4', '/videos/46661.mp4', '/videos/46663.mp4', '/videos/46665.mp4']"
red,"['/videos/46712.mp4', '/videos/69446.mp4', '/videos/68664.mp4', '/videos/70239.mp4', '/videos/46737.mp4', '/videos/46738.mp4', '/videos/46739.mp4', '/videos/46740.mp4', '/videos/46731.mp4', '/videos/67129.mp4', '/videos/46741.mp4', '/videos/46742.mp4', '/videos/46732.mp4', '/videos/46733.mp4', '/videos/46734.mp4', '/videos/46735.mp4', '/videos/46736.mp4']"
reduce,"['/videos/46750.mp4', '/videos/46759.mp4', '/videos/46761.mp4', '/videos/46762.mp4', '/videos/46752.mp4', '/videos/46753.mp4', '/videos/46754.mp4', '/videos/46757.mp4']"
refer,"['/videos/46773.mp4', '/videos/46791.mp4', '/videos/46792.mp4', '/videos/46793.mp4', '/videos/46794.mp4', '/videos/46795.mp4', '/videos/46796.mp4', '/videos/46797.mp4']"
referee,"['/videos/46774.mp4', '/videos/46775.mp4', '/videos/46776.mp4', '/videos/46778.mp4', '/videos/46779.mp4', '/videos/46780.mp4', '/videos/46781.mp4', '/videos/46783.mp4']"
refuse,"['/videos/46862.mp4', '/videos/66381.mp4', '/videos/46863.mp4', '/videos/46864.mp4', '/videos/46865.mp4', '/videos/46866.mp4', '/videos/46867.mp4', '/videos/46869.mp4', '/videos/46870.mp4']"
regular,"['/videos/66383.mp4', '/videos/46927.mp4', '/videos/46928.mp4', '/videos/46929.mp4', '/videos/46930.mp4', '/videos/46931.mp4', '/videos/46932.mp4']"
rehearse,"['/videos/46956.mp4', '/videos/46957.mp4', '/videos/46958.mp4', '/videos/46959.mp4', '/videos/46960.mp4', '/videos/46961.mp4', '/videos/46962.mp4', '/videos/46963.mp4', '/videos/46964.mp4', '/videos/46965.mp4']"
reject,"['/videos/46997.mp4', '/videos/47008.mp4', '/videos/47009.mp4', '/videos/47000.mp4', '/videos/47001.mp4', '/videos/47002.mp4', '/videos/47003.mp4', '/videos/47004.mp4', '/videos/47005.mp4', '/videos/47006.mp4', '/videos/47007.mp4']"
relate,"['/videos/47025.mp4', '/videos/47028.mp4', '/videos/47029.mp4', '/videos/47030.mp4', '/videos/47031.mp4', '/videos/47032.mp4', '/videos/47033.mp4', '/videos/47034.mp4']"
relationship,"['/videos/47037.mp4', '/videos/66384.mp4', '/videos/67130.mp4', '/videos/47038.mp4', '/videos/47039.mp4', '/videos/47040.mp4', '/videos/47041.mp4', '/videos/47042.mp4', '/videos/47043.mp4']"
relax,"['/videos/47058.mp4', '/videos/67131.mp4', '/videos/47059.mp4', '/videos/47060.mp4', '/videos/47061.mp4', '/videos/47063.mp4', '/videos/47064.mp4', '/videos/47066.mp4']"
release,"['/videos/47075.mp4', '/videos/47076.mp4', '/videos/47077.mp4', '/videos/47079.mp4', '/videos/47081.mp4', '/videos/47082.mp4', '/videos/47083.mp4']"
relief,"['/videos/47092.mp4', '/videos/66385.mp4', '/videos/47093.mp4', '/videos/47094.mp4', '/videos/47095.mp4', '/videos/47096.mp4', '/videos/47097.mp4']"
religion,"['/videos/47103.mp4', '/videos/47111.mp4', '/videos/47112.mp4', '/videos/66386.mp4', '/videos/67132.mp4', '/videos/47104.mp4', '/videos/47105.mp4', '/videos/47106.mp4', '/videos/47107.mp4', '/videos/47108.mp4', '/videos/47109.mp4', '/videos/47110.mp4']"
rely,"['/videos/47135.mp4', '/videos/47136.mp4', '/videos/47137.mp4', '/videos/47139.mp4', '/videos/47140.mp4', '/videos/47141.mp4', '/videos/47142.mp4']"
remember,"['/videos/47174.mp4', '/videos/68141.mp4', '/videos/68864.mp4', '/videos/70375.mp4', '/videos/47178.mp4', '/videos/47180.mp4', '/videos/47183.mp4', '/videos/66387.mp4', '/videos/67134.mp4', '/videos/47184.mp4', '/videos/47185.mp4', '/videos/47186.mp4', '/videos/47187.mp4', '/videos/47175.mp4', '/videos/47176.mp4', '/videos/47177.mp4']"
remote control,"['/videos/47220.mp4', '/videos/66389.mp4', '/videos/67133.mp4', '/videos/47221.mp4', '/videos/47222.mp4', '/videos/47223.mp4', '/videos/47224.mp4', '/videos/47225.mp4']"
remove,"['/videos/47236.mp4', '/videos/66390.mp4', '/videos/47237.mp4', '/videos/47238.mp4', '/videos/47239.mp4', '/videos/47240.mp4', '/videos/47241.mp4', '/videos/47242.mp4', '/videos/47243.mp4', '/videos/47244.mp4']"
rent,"['/videos/47269.mp4', '/videos/47271.mp4', '/videos/47272.mp4', '/videos/47273.mp4', '/videos/47275.mp4', '/videos/47277.mp4', '/videos/47278.mp4', '/videos/47279.mp4']"
repeat,"['/videos/47295.mp4', '/videos/47300.mp4', '/videos/47301.mp4', '/videos/47302.mp4', '/videos/47303.mp4', '/videos/47304.mp4', '/videos/47305.mp4', '/videos/47306.mp4', '/videos/47307.mp4']"
replace,"['/videos/47329.mp4', '/videos/70126.mp4', '/videos/66392.mp4', '/videos/47332.mp4', '/videos/47333.mp4', '/videos/47334.mp4', '/videos/47335.mp4', '/videos/47336.mp4', '/videos/47337.mp4']"
reply,"['/videos/47341.mp4', '/videos/47342.mp4', '/videos/47343.mp4', '/videos/47344.mp4', '/videos/47345.mp4', '/videos/47346.mp4', '/videos/47347.mp4']"
report,"['/videos/47348.mp4', '/videos/47366.mp4', '/videos/47357.mp4', '/videos/47358.mp4', '/videos/47360.mp4', '/videos/47361.mp4', '/videos/47362.mp4', '/videos/47363.mp4', '/videos/47364.mp4']"
represent,"['/videos/47371.mp4', '/videos/47380.mp4', '/videos/47381.mp4', '/videos/47382.mp4', '/videos/47383.mp4', '/videos/47384.mp4', '/videos/47385.mp4', '/videos/47386.mp4', '/videos/47387.mp4']"
reputation,"['/videos/47439.mp4', '/videos/47440.mp4', '/videos/47441.mp4', '/videos/47442.mp4', '/videos/47443.mp4', '/videos/47444.mp4', '/videos/47445.mp4', '/videos/47447.mp4']"
request,"['/videos/47449.mp4', '/videos/47450.mp4', '/videos/47451.mp4', '/videos/47452.mp4', '/videos/47453.mp4', '/videos/47454.mp4', '/videos/47455.mp4', '/videos/47456.mp4', '/videos/47457.mp4']"
require,"['/videos/47458.mp4', '/videos/47469.mp4', '/videos/47460.mp4', '/videos/47461.mp4', '/videos/47462.mp4', '/videos/47463.mp4', '/videos/47464.mp4', '/videos/47465.mp4', '/videos/47466.mp4', '/videos/47467.mp4', '/videos/47468.mp4']"
rescue,"['/videos/47478.mp4', '/videos/47479.mp4', '/videos/47480.mp4', '/videos/47481.mp4', '/videos/47482.mp4', '/videos/47483.mp4', '/videos/47484.mp4']"
research,"['/videos/47485.mp4', '/videos/47495.mp4', '/videos/47496.mp4', '/videos/47497.mp4', '/videos/47498.mp4', '/videos/47499.mp4', '/videos/66393.mp4', '/videos/47490.mp4', '/videos/67136.mp4', '/videos/47501.mp4', '/videos/47492.mp4', '/videos/47493.mp4', '/videos/47494.mp4']"
resign,"['/videos/47552.mp4', '/videos/66394.mp4', '/videos/47554.mp4', '/videos/47555.mp4', '/videos/47556.mp4', '/videos/47557.mp4', '/videos/47559.mp4', '/videos/47561.mp4']"
resist,"['/videos/47565.mp4', '/videos/66395.mp4', '/videos/47569.mp4', '/videos/47571.mp4', '/videos/47572.mp4', '/videos/47573.mp4', '/videos/47574.mp4']"
respect,"['/videos/47602.mp4', '/videos/47611.mp4', '/videos/47612.mp4', '/videos/47613.mp4', '/videos/66396.mp4', '/videos/47604.mp4', '/videos/47614.mp4', '/videos/47615.mp4', '/videos/47605.mp4', '/videos/47606.mp4', '/videos/47609.mp4', '/videos/47610.mp4']"
responsibility,"['/videos/47638.mp4', '/videos/66397.mp4', '/videos/67137.mp4', '/videos/47640.mp4', '/videos/47641.mp4', '/videos/47642.mp4', '/videos/47643.mp4', '/videos/47644.mp4']"
responsible,"['/videos/47645.mp4', '/videos/47646.mp4', '/videos/47647.mp4', '/videos/47648.mp4', '/videos/47649.mp4', '/videos/47650.mp4', '/videos/47651.mp4', '/videos/47652.mp4']"
rest,"['/videos/47668.mp4', '/videos/70057.mp4', '/videos/67138.mp4', '/videos/47669.mp4', '/videos/47670.mp4', '/videos/47671.mp4', '/videos/47672.mp4', '/videos/47673.mp4', '/videos/47674.mp4', '/videos/47675.mp4', '/videos/47676.mp4']"
restaurant,"['/videos/47655.mp4', '/videos/70170.mp4', '/videos/68996.mp4', '/videos/47661.mp4', '/videos/47663.mp4', '/videos/47664.mp4', '/videos/66398.mp4', '/videos/67139.mp4', '/videos/47665.mp4', '/videos/47666.mp4', '/videos/47656.mp4', '/videos/47657.mp4', '/videos/47658.mp4', '/videos/47659.mp4', '/videos/47660.mp4']"
restroom,"['/videos/47721.mp4', '/videos/47722.mp4', '/videos/47723.mp4', '/videos/47724.mp4', '/videos/47725.mp4', '/videos/47726.mp4', '/videos/47727.mp4']"
result,"['/videos/47729.mp4', '/videos/47738.mp4', '/videos/66399.mp4', '/videos/47731.mp4', '/videos/47732.mp4', '/videos/47733.mp4', '/videos/47734.mp4', '/videos/47735.mp4', '/videos/47736.mp4']"
retire,"['/videos/47782.mp4', '/videos/47794.mp4', '/videos/66400.mp4', '/videos/47786.mp4', '/videos/47787.mp4', '/videos/47788.mp4', '/videos/47789.mp4', '/videos/47790.mp4', '/videos/47791.mp4', '/videos/47792.mp4', '/videos/47793.mp4']"
retreat,"['/videos/47802.mp4', '/videos/47803.mp4', '/videos/47804.mp4', '/videos/47806.mp4', '/videos/47808.mp4', '/videos/47809.mp4', '/videos/47810.mp4']"
reveal,"['/videos/47837.mp4', '/videos/47845.mp4', '/videos/47846.mp4', '/videos/47847.mp4', '/videos/47849.mp4', '/videos/47851.mp4', '/videos/47840.mp4', '/videos/47841.mp4', '/videos/47842.mp4']"
revenge,"['/videos/47857.mp4', '/videos/47864.mp4', '/videos/66403.mp4', '/videos/66402.mp4', '/videos/67140.mp4', '/videos/47858.mp4', '/videos/47859.mp4', '/videos/47860.mp4', '/videos/47862.mp4', '/videos/47863.mp4']"
review,"['/videos/47898.mp4', '/videos/47902.mp4', '/videos/47903.mp4', '/videos/47904.mp4', '/videos/47905.mp4', '/videos/47906.mp4', '/videos/47907.mp4', '/videos/47911.mp4', '/videos/47913.mp4', '/videos/47901.mp4']"
rich,"['/videos/48019.mp4', '/videos/48027.mp4', '/videos/48029.mp4', '/videos/48030.mp4', '/videos/48031.mp4', '/videos/48032.mp4', '/videos/48020.mp4', '/videos/48021.mp4', '/videos/48022.mp4', '/videos/48023.mp4']"
ride,"['/videos/48038.mp4', '/videos/68898.mp4', '/videos/48047.mp4', '/videos/48049.mp4', '/videos/48050.mp4', '/videos/48051.mp4', '/videos/66405.mp4', '/videos/48042.mp4', '/videos/48052.mp4', '/videos/48053.mp4', '/videos/48054.mp4', '/videos/48055.mp4', '/videos/48043.mp4', '/videos/48044.mp4', '/videos/48045.mp4']"
ridiculous,"['/videos/48072.mp4', '/videos/66407.mp4', '/videos/48073.mp4', '/videos/48074.mp4', '/videos/48075.mp4', '/videos/48076.mp4', '/videos/48077.mp4', '/videos/48078.mp4']"
right,"['/videos/68142.mp4', '/videos/48122.mp4', '/videos/48123.mp4', '/videos/48105.mp4', '/videos/48124.mp4', '/videos/48126.mp4', '/videos/48106.mp4', '/videos/48107.mp4', '/videos/48108.mp4', '/videos/67143.mp4', '/videos/48109.mp4', '/videos/48111.mp4', '/videos/48112.mp4', '/videos/67142.mp4', '/videos/48114.mp4', '/videos/48115.mp4', '/videos/48117.mp4', '/videos/48120.mp4']"
ring,"['/videos/48159.mp4', '/videos/48163.mp4', '/videos/48164.mp4', '/videos/48166.mp4', '/videos/67144.mp4', '/videos/48170.mp4', '/videos/48172.mp4', '/videos/48175.mp4', '/videos/48160.mp4']"
rise,"['/videos/48207.mp4', '/videos/48212.mp4', '/videos/48214.mp4', '/videos/48215.mp4', '/videos/48216.mp4', '/videos/48218.mp4', '/videos/48209.mp4', '/videos/48219.mp4', '/videos/48222.mp4', '/videos/48224.mp4', '/videos/48210.mp4']"
river,"['/videos/48249.mp4', '/videos/48258.mp4', '/videos/66410.mp4', '/videos/67145.mp4', '/videos/48252.mp4', '/videos/48253.mp4', '/videos/48254.mp4', '/videos/48255.mp4', '/videos/48256.mp4', '/videos/48257.mp4']"
road,"['/videos/48264.mp4', '/videos/48273.mp4', '/videos/48274.mp4', '/videos/48275.mp4', '/videos/48276.mp4', '/videos/48277.mp4', '/videos/48278.mp4', '/videos/48279.mp4']"
roar,"['/videos/48297.mp4', '/videos/48298.mp4', '/videos/48299.mp4', '/videos/48300.mp4', '/videos/48301.mp4', '/videos/48302.mp4', '/videos/48303.mp4']"
rob,"['/videos/48304.mp4', '/videos/48334.mp4', '/videos/48325.mp4', '/videos/48336.mp4', '/videos/48327.mp4', '/videos/48328.mp4', '/videos/48329.mp4', '/videos/48330.mp4', '/videos/48331.mp4']"
robber,"['/videos/48305.mp4', '/videos/48306.mp4', '/videos/48307.mp4', '/videos/48308.mp4', '/videos/48311.mp4', '/videos/48312.mp4', '/videos/48313.mp4']"
robot,"['/videos/48339.mp4', '/videos/48340.mp4', '/videos/48341.mp4', '/videos/48342.mp4', '/videos/48343.mp4', '/videos/48344.mp4', '/videos/48345.mp4', '/videos/48346.mp4']"
rock,"['/videos/48378.mp4', '/videos/66411.mp4', '/videos/48371.mp4', '/videos/67146.mp4', '/videos/48373.mp4', '/videos/48374.mp4', '/videos/48375.mp4', '/videos/48376.mp4', '/videos/48377.mp4']"
role,"['/videos/48403.mp4', '/videos/66412.mp4', '/videos/48404.mp4', '/videos/48405.mp4', '/videos/48406.mp4', '/videos/48407.mp4', '/videos/48408.mp4', '/videos/48409.mp4', '/videos/48411.mp4']"
roof,"['/videos/48487.mp4', '/videos/70197.mp4', '/videos/48497.mp4', '/videos/48498.mp4', '/videos/48489.mp4', '/videos/48499.mp4', '/videos/48490.mp4', '/videos/48492.mp4', '/videos/48494.mp4', '/videos/48495.mp4']"
room,"['/videos/48507.mp4', '/videos/48509.mp4', '/videos/48510.mp4', '/videos/48511.mp4', '/videos/48512.mp4', '/videos/48513.mp4', '/videos/48514.mp4', '/videos/48515.mp4', '/videos/48516.mp4', '/videos/66415.mp4', '/videos/66416.mp4', '/videos/67149.mp4', '/videos/48517.mp4', '/videos/48518.mp4', '/videos/48519.mp4', '/videos/48520.mp4', '/videos/48521.mp4']"
roommate,"['/videos/66417.mp4', '/videos/70344.mp4', '/videos/48522.mp4', '/videos/48523.mp4', '/videos/48524.mp4', '/videos/48525.mp4', '/videos/48526.mp4']"
rooster,"['/videos/48537.mp4', '/videos/67150.mp4', '/videos/48538.mp4', '/videos/48539.mp4', '/videos/48540.mp4', '/videos/48541.mp4', '/videos/48542.mp4', '/videos/48543.mp4', '/videos/48544.mp4', '/videos/48545.mp4']"
rope,"['/videos/48556.mp4', '/videos/67151.mp4', '/videos/48557.mp4', '/videos/48558.mp4', '/videos/48559.mp4', '/videos/48560.mp4', '/videos/48561.mp4', '/videos/48562.mp4', '/videos/48563.mp4']"
rose,"['/videos/48566.mp4', '/videos/48567.mp4', '/videos/48568.mp4', '/videos/48569.mp4', '/videos/48570.mp4', '/videos/48571.mp4', '/videos/48573.mp4']"
rough,"['/videos/48603.mp4', '/videos/48614.mp4', '/videos/66418.mp4', '/videos/48606.mp4', '/videos/48607.mp4', '/videos/48608.mp4', '/videos/48609.mp4', '/videos/48610.mp4', '/videos/48611.mp4', '/videos/48612.mp4', '/videos/48613.mp4']"
rubber,"['/videos/48684.mp4', '/videos/48685.mp4', '/videos/48686.mp4', '/videos/48687.mp4', '/videos/48688.mp4', '/videos/48689.mp4', '/videos/48690.mp4', '/videos/48691.mp4']"
rude,"['/videos/48705.mp4', '/videos/48706.mp4', '/videos/48710.mp4', '/videos/48711.mp4', '/videos/67152.mp4', '/videos/48713.mp4', '/videos/48717.mp4', '/videos/48718.mp4', '/videos/48719.mp4', '/videos/48704.mp4']"
ruin,"['/videos/48729.mp4', '/videos/48731.mp4', '/videos/48732.mp4', '/videos/48733.mp4', '/videos/48734.mp4', '/videos/48735.mp4', '/videos/48737.mp4']"
rule,"['/videos/48738.mp4', '/videos/70159.mp4', '/videos/48743.mp4', '/videos/48744.mp4', '/videos/48747.mp4', '/videos/66419.mp4', '/videos/48748.mp4', '/videos/48749.mp4', '/videos/48750.mp4', '/videos/48752.mp4', '/videos/48740.mp4', '/videos/48741.mp4']"
run,"['/videos/48797.mp4', '/videos/68762.mp4', '/videos/48816.mp4', '/videos/48798.mp4', '/videos/48817.mp4', '/videos/48818.mp4', '/videos/48819.mp4', '/videos/67153.mp4', '/videos/48824.mp4', '/videos/48827.mp4', '/videos/48800.mp4', '/videos/48801.mp4', '/videos/48804.mp4', '/videos/48805.mp4', '/videos/48809.mp4', '/videos/48810.mp4', '/videos/48814.mp4']"
rush,"['/videos/48885.mp4', '/videos/48890.mp4', '/videos/48891.mp4', '/videos/48892.mp4', '/videos/48893.mp4', '/videos/48894.mp4', '/videos/48895.mp4', '/videos/48896.mp4', '/videos/48897.mp4']"
russia,"['/videos/48898.mp4', '/videos/48901.mp4', '/videos/48902.mp4', '/videos/48903.mp4', '/videos/48904.mp4', '/videos/48905.mp4', '/videos/48907.mp4', '/videos/67154.mp4', '/videos/48908.mp4', '/videos/48909.mp4', '/videos/48910.mp4', '/videos/48911.mp4', '/videos/48912.mp4', '/videos/48913.mp4', '/videos/48899.mp4']"
s,"['/videos/48933.mp4', '/videos/66057.mp4', '/videos/51426.mp4', '/videos/51427.mp4', '/videos/51428.mp4', '/videos/51429.mp4', '/videos/51430.mp4']"
sad,"['/videos/48965.mp4', '/videos/69450.mp4', '/videos/48976.mp4', '/videos/48977.mp4', '/videos/48978.mp4', '/videos/48980.mp4', '/videos/48971.mp4', '/videos/67155.mp4', '/videos/48981.mp4', '/videos/48982.mp4', '/videos/48983.mp4', '/videos/48972.mp4', '/videos/48973.mp4', '/videos/48974.mp4']"
safe,"['/videos/48995.mp4', '/videos/49005.mp4', '/videos/49003.mp4', '/videos/48996.mp4', '/videos/49006.mp4', '/videos/48997.mp4', '/videos/48998.mp4', '/videos/49002.mp4']"
salad,"['/videos/49073.mp4', '/videos/70062.mp4', '/videos/49084.mp4', '/videos/66421.mp4', '/videos/49077.mp4', '/videos/67158.mp4', '/videos/49078.mp4', '/videos/49079.mp4', '/videos/49080.mp4', '/videos/49081.mp4', '/videos/49082.mp4', '/videos/49083.mp4']"
salary,"['/videos/49088.mp4', '/videos/49089.mp4', '/videos/49090.mp4', '/videos/49091.mp4', '/videos/49092.mp4', '/videos/49093.mp4', '/videos/49094.mp4']"
salt,"['/videos/49127.mp4', '/videos/69451.mp4', '/videos/49134.mp4', '/videos/49136.mp4', '/videos/49137.mp4', '/videos/49138.mp4', '/videos/66422.mp4', '/videos/49129.mp4', '/videos/67157.mp4', '/videos/49139.mp4', '/videos/49140.mp4', '/videos/49130.mp4', '/videos/49131.mp4', '/videos/49132.mp4', '/videos/49133.mp4']"
salute,"['/videos/49148.mp4', '/videos/49149.mp4', '/videos/49150.mp4', '/videos/49151.mp4', '/videos/49152.mp4', '/videos/49153.mp4', '/videos/49154.mp4', '/videos/49155.mp4', '/videos/49156.mp4']"
same,"['/videos/49173.mp4', '/videos/68856.mp4', '/videos/49175.mp4', '/videos/49176.mp4', '/videos/49178.mp4', '/videos/49179.mp4', '/videos/49180.mp4', '/videos/49181.mp4', '/videos/49182.mp4', '/videos/67159.mp4', '/videos/67161.mp4', '/videos/49183.mp4', '/videos/49184.mp4', '/videos/49185.mp4', '/videos/49186.mp4', '/videos/49187.mp4', '/videos/49188.mp4', '/videos/49174.mp4']"
sandwich,"['/videos/49244.mp4', '/videos/49249.mp4', '/videos/49250.mp4', '/videos/49251.mp4', '/videos/49252.mp4', '/videos/49253.mp4', '/videos/66423.mp4', '/videos/66424.mp4', '/videos/67162.mp4', '/videos/49254.mp4', '/videos/49255.mp4', '/videos/49245.mp4', '/videos/49246.mp4', '/videos/49247.mp4', '/videos/49248.mp4']"
satisfy,"['/videos/49317.mp4', '/videos/66427.mp4', '/videos/49318.mp4', '/videos/49319.mp4', '/videos/49320.mp4', '/videos/49321.mp4', '/videos/49322.mp4', '/videos/49323.mp4', '/videos/49324.mp4']"
saturday,"['/videos/49327.mp4', '/videos/49333.mp4', '/videos/49334.mp4', '/videos/49335.mp4', '/videos/49336.mp4', '/videos/66428.mp4', '/videos/67164.mp4', '/videos/49337.mp4', '/videos/49338.mp4', '/videos/49328.mp4', '/videos/49329.mp4', '/videos/49330.mp4', '/videos/49331.mp4', '/videos/49332.mp4']"
sauce,"['/videos/49341.mp4', '/videos/49342.mp4', '/videos/49343.mp4', '/videos/49344.mp4', '/videos/49345.mp4', '/videos/49346.mp4', '/videos/49348.mp4', '/videos/49349.mp4']"
sausage,"['/videos/49357.mp4', '/videos/49358.mp4', '/videos/49359.mp4', '/videos/49361.mp4', '/videos/49362.mp4', '/videos/49363.mp4', '/videos/49364.mp4', '/videos/49365.mp4']"
save,"['/videos/49367.mp4', '/videos/49376.mp4', '/videos/49377.mp4', '/videos/49378.mp4', '/videos/49379.mp4', '/videos/49380.mp4', '/videos/49371.mp4', '/videos/49381.mp4', '/videos/49382.mp4', '/videos/49383.mp4', '/videos/49384.mp4', '/videos/49372.mp4', '/videos/49374.mp4', '/videos/49375.mp4']"
saw,"['/videos/49411.mp4', '/videos/49412.mp4', '/videos/67163.mp4', '/videos/49418.mp4', '/videos/49421.mp4', '/videos/49408.mp4', '/videos/49410.mp4']"
say,"['/videos/49427.mp4', '/videos/69454.mp4', '/videos/66429.mp4', '/videos/49430.mp4', '/videos/49431.mp4', '/videos/49432.mp4', '/videos/49433.mp4', '/videos/49434.mp4', '/videos/49435.mp4', '/videos/49436.mp4']"
scan,"['/videos/67166.mp4', '/videos/49459.mp4', '/videos/49460.mp4', '/videos/49461.mp4', '/videos/49462.mp4', '/videos/49464.mp4', '/videos/49465.mp4']"
scared,"['/videos/49475.mp4', '/videos/49483.mp4', '/videos/49485.mp4', '/videos/49486.mp4', '/videos/66432.mp4', '/videos/49477.mp4', '/videos/67167.mp4', '/videos/49487.mp4', '/videos/49478.mp4', '/videos/49479.mp4', '/videos/49480.mp4', '/videos/49481.mp4', '/videos/49482.mp4']"
schedule,"['/videos/49537.mp4', '/videos/49545.mp4', '/videos/49546.mp4', '/videos/67169.mp4', '/videos/49547.mp4', '/videos/49538.mp4', '/videos/49539.mp4', '/videos/49540.mp4', '/videos/49541.mp4', '/videos/49542.mp4', '/videos/49543.mp4', '/videos/49544.mp4']"
school,"['/videos/49577.mp4', '/videos/69455.mp4', '/videos/68218.mp4', '/videos/68510.mp4', '/videos/70207.mp4', '/videos/68145.mp4', '/videos/49601.mp4', '/videos/49602.mp4', '/videos/49603.mp4', '/videos/49604.mp4', '/videos/49595.mp4', '/videos/67170.mp4', '/videos/49605.mp4', '/videos/49606.mp4', '/videos/49596.mp4', '/videos/49597.mp4', '/videos/49598.mp4', '/videos/49599.mp4', '/videos/49600.mp4']"
science,"['/videos/49627.mp4', '/videos/70143.mp4', '/videos/49639.mp4', '/videos/49640.mp4', '/videos/49631.mp4', '/videos/67171.mp4', '/videos/49632.mp4', '/videos/49633.mp4', '/videos/49634.mp4', '/videos/49635.mp4', '/videos/49636.mp4', '/videos/49637.mp4', '/videos/49638.mp4']"
scientist,"['/videos/49643.mp4', '/videos/67172.mp4', '/videos/49644.mp4', '/videos/49645.mp4', '/videos/49646.mp4', '/videos/49647.mp4', '/videos/49648.mp4', '/videos/49649.mp4', '/videos/49650.mp4', '/videos/49651.mp4']"
scissors,"['/videos/49652.mp4', '/videos/49658.mp4', '/videos/49659.mp4', '/videos/49660.mp4', '/videos/49661.mp4', '/videos/66433.mp4', '/videos/67173.mp4', '/videos/49662.mp4', '/videos/49663.mp4', '/videos/49653.mp4', '/videos/49654.mp4', '/videos/49655.mp4', '/videos/49656.mp4', '/videos/49657.mp4']"
scold,"['/videos/49666.mp4', '/videos/65577.mp4', '/videos/49670.mp4', '/videos/49671.mp4', '/videos/49672.mp4', '/videos/49673.mp4', '/videos/49674.mp4', '/videos/49675.mp4']"
score,"['/videos/49689.mp4', '/videos/49693.mp4', '/videos/49694.mp4', '/videos/49695.mp4', '/videos/49696.mp4', '/videos/49697.mp4', '/videos/49699.mp4', '/videos/49700.mp4', '/videos/66434.mp4', '/videos/49691.mp4', '/videos/49702.mp4', '/videos/49706.mp4', '/videos/49692.mp4']"
scotland,"['/videos/49726.mp4', '/videos/49735.mp4', '/videos/49737.mp4', '/videos/49727.mp4', '/videos/49728.mp4', '/videos/49729.mp4', '/videos/49730.mp4', '/videos/49731.mp4', '/videos/49732.mp4', '/videos/49733.mp4']"
scream,"['/videos/49776.mp4', '/videos/49779.mp4', '/videos/49782.mp4', '/videos/49783.mp4', '/videos/49784.mp4', '/videos/49785.mp4', '/videos/49786.mp4']"
screwdriver,"['/videos/49803.mp4', '/videos/49810.mp4', '/videos/67174.mp4', '/videos/49814.mp4', '/videos/49804.mp4', '/videos/49805.mp4', '/videos/49806.mp4', '/videos/49807.mp4', '/videos/49808.mp4', '/videos/49809.mp4']"
sculpture,"['/videos/49884.mp4', '/videos/49885.mp4', '/videos/49886.mp4', '/videos/49887.mp4', '/videos/49888.mp4', '/videos/49889.mp4', '/videos/49890.mp4']"
sea,"['/videos/69459.mp4', '/videos/49898.mp4', '/videos/49899.mp4', '/videos/49900.mp4', '/videos/49901.mp4', '/videos/49902.mp4', '/videos/49904.mp4']"
search,"['/videos/49931.mp4', '/videos/49941.mp4', '/videos/49933.mp4', '/videos/49934.mp4', '/videos/49935.mp4', '/videos/49936.mp4', '/videos/49937.mp4', '/videos/49938.mp4', '/videos/49939.mp4']"
second,"['/videos/66439.mp4', '/videos/50007.mp4', '/videos/50010.mp4', '/videos/50011.mp4', '/videos/50012.mp4', '/videos/50014.mp4', '/videos/50006.mp4', '/videos/50020.mp4', '/videos/50021.mp4', '/videos/50023.mp4']"
secret,"['/videos/50035.mp4', '/videos/50057.mp4', '/videos/50058.mp4', '/videos/50059.mp4', '/videos/50061.mp4', '/videos/50062.mp4', '/videos/66440.mp4', '/videos/50053.mp4', '/videos/67176.mp4', '/videos/50064.mp4', '/videos/50065.mp4', '/videos/50066.mp4', '/videos/50054.mp4', '/videos/50055.mp4']"
secretary,"['/videos/50036.mp4', '/videos/50037.mp4', '/videos/50038.mp4', '/videos/50039.mp4', '/videos/50040.mp4', '/videos/50041.mp4', '/videos/50042.mp4', '/videos/50043.mp4', '/videos/50044.mp4', '/videos/50045.mp4', '/videos/66441.mp4', '/videos/67177.mp4', '/videos/50046.mp4', '/videos/50047.mp4', '/videos/50048.mp4', '/videos/50049.mp4', '/videos/50050.mp4', '/videos/50051.mp4', '/videos/50052.mp4']"
see,"['/videos/50107.mp4', '/videos/69460.mp4', '/videos/68444.mp4', '/videos/50120.mp4', '/videos/67178.mp4', '/videos/50122.mp4', '/videos/50123.mp4', '/videos/50125.mp4', '/videos/50126.mp4', '/videos/50127.mp4', '/videos/50128.mp4']"
seem,"['/videos/50138.mp4', '/videos/70360.mp4', '/videos/66442.mp4', '/videos/50139.mp4', '/videos/50140.mp4', '/videos/50141.mp4', '/videos/50142.mp4', '/videos/50143.mp4', '/videos/50144.mp4', '/videos/50145.mp4', '/videos/50146.mp4']"
seldom,"['/videos/50192.mp4', '/videos/50193.mp4', '/videos/50194.mp4', '/videos/50198.mp4', '/videos/50199.mp4', '/videos/50200.mp4', '/videos/50201.mp4']"
selfish,"['/videos/50243.mp4', '/videos/50244.mp4', '/videos/50245.mp4', '/videos/50246.mp4', '/videos/50247.mp4', '/videos/50248.mp4', '/videos/50249.mp4', '/videos/50250.mp4', '/videos/50252.mp4']"
sell,"['/videos/50263.mp4', '/videos/69461.mp4', '/videos/68830.mp4', '/videos/50266.mp4', '/videos/50267.mp4', '/videos/50268.mp4', '/videos/50269.mp4', '/videos/50270.mp4', '/videos/50271.mp4', '/videos/50272.mp4', '/videos/50273.mp4', '/videos/50274.mp4']"
senate,"['/videos/50316.mp4', '/videos/66444.mp4', '/videos/50317.mp4', '/videos/50318.mp4', '/videos/50319.mp4', '/videos/50320.mp4', '/videos/50321.mp4', '/videos/50322.mp4', '/videos/50323.mp4', '/videos/50324.mp4']"
send,"['/videos/50328.mp4', '/videos/50338.mp4', '/videos/50339.mp4', '/videos/50330.mp4', '/videos/50340.mp4', '/videos/50341.mp4', '/videos/50331.mp4', '/videos/50332.mp4', '/videos/50333.mp4', '/videos/50334.mp4', '/videos/50336.mp4']"
senior,"['/videos/50356.mp4', '/videos/50372.mp4', '/videos/50363.mp4', '/videos/50364.mp4', '/videos/50365.mp4', '/videos/50367.mp4', '/videos/50370.mp4', '/videos/50371.mp4']"
sensitive,"['/videos/50397.mp4', '/videos/66447.mp4', '/videos/50398.mp4', '/videos/50399.mp4', '/videos/50400.mp4', '/videos/50401.mp4', '/videos/50402.mp4', '/videos/50403.mp4', '/videos/50405.mp4']"
sentence,"['/videos/50407.mp4', '/videos/50413.mp4', '/videos/50414.mp4', '/videos/50415.mp4', '/videos/50416.mp4', '/videos/50418.mp4', '/videos/50419.mp4', '/videos/50420.mp4', '/videos/50408.mp4', '/videos/50409.mp4', '/videos/50410.mp4', '/videos/50411.mp4', '/videos/50412.mp4']"
separate,"['/videos/50427.mp4', '/videos/50439.mp4', '/videos/50441.mp4', '/videos/50432.mp4', '/videos/50442.mp4', '/videos/50443.mp4', '/videos/50433.mp4', '/videos/50436.mp4', '/videos/50437.mp4', '/videos/50438.mp4']"
september,"['/videos/50449.mp4', '/videos/50454.mp4', '/videos/50453.mp4', '/videos/50455.mp4', '/videos/50456.mp4', '/videos/50457.mp4', '/videos/50459.mp4', '/videos/50460.mp4']"
sequence,"['/videos/50465.mp4', '/videos/50474.mp4', '/videos/50466.mp4', '/videos/50467.mp4', '/videos/50469.mp4', '/videos/50471.mp4', '/videos/50472.mp4']"
serious,"['/videos/50502.mp4', '/videos/50509.mp4', '/videos/50510.mp4', '/videos/50511.mp4', '/videos/66448.mp4', '/videos/67180.mp4', '/videos/50512.mp4', '/videos/50503.mp4', '/videos/50505.mp4', '/videos/50506.mp4', '/videos/50507.mp4', '/videos/50508.mp4']"
serve,"['/videos/50528.mp4', '/videos/50537.mp4', '/videos/66449.mp4', '/videos/50529.mp4', '/videos/50532.mp4', '/videos/50533.mp4', '/videos/50534.mp4', '/videos/50535.mp4', '/videos/50536.mp4']"
service,"['/videos/50546.mp4', '/videos/50547.mp4', '/videos/50548.mp4', '/videos/50549.mp4', '/videos/50550.mp4', '/videos/50551.mp4', '/videos/50552.mp4', '/videos/50553.mp4', '/videos/50554.mp4', '/videos/50555.mp4']"
settle,"['/videos/50578.mp4', '/videos/66452.mp4', '/videos/50582.mp4', '/videos/50583.mp4', '/videos/50584.mp4', '/videos/50586.mp4', '/videos/50587.mp4']"
seven,"['/videos/69463.mp4', '/videos/66453.mp4', '/videos/50617.mp4', '/videos/50618.mp4', '/videos/50619.mp4', '/videos/50620.mp4', '/videos/50621.mp4', '/videos/50622.mp4', '/videos/50623.mp4']"
several,"['/videos/50703.mp4', '/videos/70307.mp4', '/videos/66458.mp4', '/videos/50704.mp4', '/videos/50705.mp4', '/videos/50706.mp4', '/videos/50707.mp4', '/videos/50708.mp4']"
sew,"['/videos/50719.mp4', '/videos/68420.mp4', '/videos/68146.mp4', '/videos/66459.mp4', '/videos/50721.mp4', '/videos/67182.mp4', '/videos/50722.mp4', '/videos/50723.mp4', '/videos/50725.mp4', '/videos/50726.mp4', '/videos/50727.mp4']"
shame,"['/videos/50809.mp4', '/videos/50813.mp4', '/videos/50814.mp4', '/videos/50815.mp4', '/videos/50816.mp4', '/videos/50817.mp4', '/videos/50818.mp4', '/videos/50819.mp4']"
shampoo,"['/videos/50825.mp4', '/videos/67184.mp4', '/videos/50826.mp4', '/videos/50827.mp4', '/videos/50828.mp4', '/videos/50829.mp4', '/videos/50830.mp4', '/videos/50831.mp4', '/videos/50832.mp4']"
shape,"['/videos/50834.mp4', '/videos/69465.mp4', '/videos/69058.mp4', '/videos/50842.mp4', '/videos/50843.mp4', '/videos/50844.mp4', '/videos/50845.mp4', '/videos/50835.mp4', '/videos/50836.mp4', '/videos/50837.mp4', '/videos/50838.mp4', '/videos/50840.mp4', '/videos/50841.mp4']"
share,"['/videos/50846.mp4', '/videos/50853.mp4', '/videos/50854.mp4', '/videos/50855.mp4', '/videos/50856.mp4', '/videos/50857.mp4', '/videos/50858.mp4', '/videos/66461.mp4', '/videos/50849.mp4', '/videos/50859.mp4', '/videos/50860.mp4', '/videos/50861.mp4', '/videos/50862.mp4', '/videos/50850.mp4', '/videos/50851.mp4', '/videos/50852.mp4']"
shave,"['/videos/50890.mp4', '/videos/50902.mp4', '/videos/50903.mp4', '/videos/67186.mp4', '/videos/50904.mp4', '/videos/50895.mp4', '/videos/50896.mp4', '/videos/50898.mp4']"
she,"['/videos/50918.mp4', '/videos/69466.mp4', '/videos/50948.mp4', '/videos/50949.mp4', '/videos/50950.mp4', '/videos/50951.mp4', '/videos/50952.mp4', '/videos/50953.mp4', '/videos/50954.mp4']"
sheep,"['/videos/50932.mp4', '/videos/50942.mp4', '/videos/50934.mp4', '/videos/67185.mp4', '/videos/50935.mp4', '/videos/50936.mp4', '/videos/50937.mp4', '/videos/50938.mp4', '/videos/50939.mp4', '/videos/50940.mp4', '/videos/50941.mp4']"
shelf,"['/videos/50956.mp4', '/videos/69467.mp4', '/videos/50957.mp4', '/videos/50958.mp4', '/videos/50959.mp4', '/videos/50960.mp4', '/videos/50961.mp4', '/videos/50962.mp4', '/videos/50964.mp4']"
shine,"['/videos/51019.mp4', '/videos/51028.mp4', '/videos/51029.mp4', '/videos/51020.mp4', '/videos/51021.mp4', '/videos/51022.mp4', '/videos/51023.mp4', '/videos/51024.mp4', '/videos/51025.mp4', '/videos/51026.mp4', '/videos/51027.mp4']"
shirt,"['/videos/51054.mp4', '/videos/68928.mp4', '/videos/51057.mp4', '/videos/51077.mp4', '/videos/51081.mp4', '/videos/51056.mp4', '/videos/51058.mp4', '/videos/51059.mp4', '/videos/51060.mp4', '/videos/51061.mp4', '/videos/51063.mp4', '/videos/51064.mp4', '/videos/67188.mp4', '/videos/51066.mp4', '/videos/51067.mp4', '/videos/51068.mp4', '/videos/51069.mp4', '/videos/51070.mp4', '/videos/51071.mp4', '/videos/51072.mp4']"
shock,"['/videos/51094.mp4', '/videos/51107.mp4', '/videos/51108.mp4', '/videos/66466.mp4', '/videos/51102.mp4', '/videos/51112.mp4', '/videos/51114.mp4', '/videos/51103.mp4', '/videos/51104.mp4', '/videos/51105.mp4', '/videos/51106.mp4']"
shoes,"['/videos/51128.mp4', '/videos/68150.mp4', '/videos/70315.mp4', '/videos/51134.mp4', '/videos/51137.mp4', '/videos/67191.mp4', '/videos/51138.mp4', '/videos/51139.mp4', '/videos/51140.mp4', '/videos/51129.mp4', '/videos/51130.mp4', '/videos/51131.mp4', '/videos/51132.mp4', '/videos/51133.mp4']"
shoot,"['/videos/51160.mp4', '/videos/51163.mp4', '/videos/51165.mp4', '/videos/51154.mp4', '/videos/51155.mp4', '/videos/51156.mp4', '/videos/51157.mp4']"
shop,"['/videos/66468.mp4', '/videos/68508.mp4', '/videos/68600.mp4', '/videos/68151.mp4', '/videos/51185.mp4', '/videos/51177.mp4', '/videos/67190.mp4', '/videos/67192.mp4', '/videos/51178.mp4', '/videos/51179.mp4', '/videos/51180.mp4', '/videos/51181.mp4', '/videos/51182.mp4', '/videos/51183.mp4']"
shopping,"['/videos/51197.mp4', '/videos/70072.mp4', '/videos/51198.mp4', '/videos/51199.mp4', '/videos/51200.mp4', '/videos/51201.mp4', '/videos/51202.mp4', '/videos/51203.mp4', '/videos/51204.mp4']"
short,"['/videos/51206.mp4', '/videos/70355.mp4', '/videos/51221.mp4', '/videos/51223.mp4', '/videos/51224.mp4', '/videos/51225.mp4', '/videos/51226.mp4', '/videos/51227.mp4', '/videos/51228.mp4', '/videos/51229.mp4', '/videos/66469.mp4', '/videos/51220.mp4', '/videos/51230.mp4', '/videos/51231.mp4', '/videos/51232.mp4', '/videos/51233.mp4', '/videos/51234.mp4', '/videos/51235.mp4', '/videos/51236.mp4']"
should,"['/videos/51272.mp4', '/videos/70294.mp4', '/videos/51287.mp4', '/videos/51288.mp4', '/videos/51289.mp4', '/videos/51290.mp4', '/videos/51291.mp4', '/videos/51292.mp4', '/videos/51293.mp4', '/videos/51294.mp4', '/videos/51295.mp4']"
shoulder,"['/videos/51273.mp4', '/videos/66472.mp4', '/videos/51276.mp4', '/videos/67194.mp4', '/videos/51277.mp4', '/videos/51278.mp4', '/videos/51280.mp4', '/videos/51281.mp4']"
shout,"['/videos/51299.mp4', '/videos/51300.mp4', '/videos/51302.mp4', '/videos/51303.mp4', '/videos/51304.mp4', '/videos/51305.mp4', '/videos/51306.mp4']"
shovel,"['/videos/51312.mp4', '/videos/67196.mp4', '/videos/51313.mp4', '/videos/51314.mp4', '/videos/51315.mp4', '/videos/51316.mp4', '/videos/51317.mp4']"
show,"['/videos/66473.mp4', '/videos/70231.mp4', '/videos/51347.mp4', '/videos/51348.mp4', '/videos/51349.mp4', '/videos/51350.mp4', '/videos/51351.mp4', '/videos/51352.mp4', '/videos/51353.mp4', '/videos/51345.mp4', '/videos/67195.mp4', '/videos/51355.mp4', '/videos/51356.mp4', '/videos/51357.mp4', '/videos/51358.mp4', '/videos/51360.mp4', '/videos/51346.mp4']"
shower,"['/videos/51325.mp4', '/videos/51335.mp4', '/videos/51336.mp4', '/videos/51337.mp4', '/videos/51338.mp4', '/videos/51329.mp4', '/videos/67197.mp4', '/videos/51339.mp4', '/videos/51340.mp4', '/videos/51330.mp4', '/videos/51331.mp4', '/videos/51332.mp4']"
shrimp,"['/videos/51398.mp4', '/videos/51400.mp4', '/videos/51403.mp4', '/videos/67199.mp4', '/videos/51404.mp4', '/videos/51406.mp4', '/videos/51407.mp4', '/videos/51408.mp4', '/videos/51396.mp4', '/videos/51397.mp4']"
shy,"['/videos/51474.mp4', '/videos/66474.mp4', '/videos/67198.mp4', '/videos/51475.mp4', '/videos/51476.mp4', '/videos/51477.mp4', '/videos/51478.mp4', '/videos/51479.mp4', '/videos/51480.mp4', '/videos/51481.mp4']"
sick,"['/videos/51494.mp4', '/videos/69470.mp4', '/videos/68152.mp4', '/videos/68776.mp4', '/videos/51516.mp4', '/videos/51517.mp4', '/videos/51502.mp4', '/videos/51503.mp4', '/videos/51504.mp4', '/videos/51505.mp4', '/videos/51506.mp4', '/videos/51507.mp4', '/videos/66475.mp4', '/videos/51501.mp4', '/videos/67201.mp4', '/videos/51514.mp4', '/videos/51515.mp4']"
side,"['/videos/51530.mp4', '/videos/51552.mp4', '/videos/66477.mp4', '/videos/51544.mp4', '/videos/51545.mp4', '/videos/51547.mp4', '/videos/51548.mp4', '/videos/51549.mp4', '/videos/51550.mp4', '/videos/51551.mp4']"
sign,"['/videos/66478.mp4', '/videos/51621.mp4', '/videos/68284.mp4', '/videos/68466.mp4', '/videos/70209.mp4', '/videos/68154.mp4', '/videos/51616.mp4', '/videos/51617.mp4', '/videos/51628.mp4', '/videos/51614.mp4', '/videos/51630.mp4', '/videos/51633.mp4', '/videos/51637.mp4', '/videos/51615.mp4', '/videos/51622.mp4']"
sign language,"['/videos/51657.mp4', '/videos/51665.mp4', '/videos/67200.mp4', '/videos/51667.mp4', '/videos/51658.mp4', '/videos/51660.mp4', '/videos/51661.mp4', '/videos/51662.mp4', '/videos/51664.mp4']"
silent,"['/videos/51686.mp4', '/videos/51695.mp4', '/videos/51696.mp4', '/videos/51687.mp4', '/videos/51688.mp4', '/videos/51689.mp4', '/videos/51690.mp4', '/videos/51691.mp4', '/videos/51692.mp4', '/videos/51693.mp4', '/videos/51694.mp4']"
silly,"['/videos/51702.mp4', '/videos/51708.mp4', '/videos/51709.mp4', '/videos/51710.mp4', '/videos/51711.mp4', '/videos/66481.mp4', '/videos/67202.mp4', '/videos/51712.mp4', '/videos/51713.mp4', '/videos/51703.mp4', '/videos/51704.mp4', '/videos/51705.mp4', '/videos/51706.mp4', '/videos/51707.mp4']"
silver,"['/videos/51725.mp4', '/videos/51716.mp4', '/videos/67203.mp4', '/videos/51726.mp4', '/videos/51717.mp4', '/videos/51718.mp4', '/videos/51719.mp4', '/videos/51721.mp4']"
similar,"['/videos/51737.mp4', '/videos/51738.mp4', '/videos/51728.mp4', '/videos/51729.mp4', '/videos/51730.mp4', '/videos/51731.mp4', '/videos/51732.mp4', '/videos/51733.mp4', '/videos/51734.mp4']"
simple,"['/videos/51747.mp4', '/videos/51749.mp4', '/videos/51750.mp4', '/videos/51751.mp4', '/videos/51753.mp4', '/videos/51755.mp4', '/videos/51756.mp4', '/videos/51757.mp4']"
sin,"['/videos/51771.mp4', '/videos/51826.mp4', '/videos/51827.mp4', '/videos/51828.mp4', '/videos/51829.mp4', '/videos/51830.mp4', '/videos/51831.mp4']"
since,"['/videos/51772.mp4', '/videos/69472.mp4', '/videos/70351.mp4', '/videos/68548.mp4', '/videos/51779.mp4', '/videos/51780.mp4', '/videos/51781.mp4', '/videos/66482.mp4', '/videos/66483.mp4', '/videos/67204.mp4', '/videos/51773.mp4', '/videos/51774.mp4', '/videos/51775.mp4', '/videos/51776.mp4', '/videos/51778.mp4']"
sing,"['/videos/51787.mp4', '/videos/51810.mp4', '/videos/67205.mp4', '/videos/51803.mp4', '/videos/51804.mp4', '/videos/51805.mp4', '/videos/51806.mp4', '/videos/51807.mp4', '/videos/51808.mp4']"
singer,"['/videos/51795.mp4', '/videos/51796.mp4', '/videos/51797.mp4', '/videos/51798.mp4', '/videos/51799.mp4', '/videos/51800.mp4', '/videos/51801.mp4']"
single,"['/videos/51813.mp4', '/videos/51820.mp4', '/videos/51821.mp4', '/videos/51822.mp4', '/videos/66484.mp4', '/videos/51823.mp4', '/videos/51824.mp4', '/videos/51814.mp4', '/videos/51815.mp4', '/videos/51816.mp4', '/videos/51817.mp4', '/videos/51818.mp4']"
siren,"['/videos/66487.mp4', '/videos/66486.mp4', '/videos/51871.mp4', '/videos/51872.mp4', '/videos/51873.mp4', '/videos/51874.mp4', '/videos/51875.mp4', '/videos/51876.mp4']"
sister,"['/videos/51882.mp4', '/videos/68680.mp4', '/videos/51886.mp4', '/videos/51887.mp4', '/videos/51888.mp4', '/videos/51889.mp4', '/videos/66488.mp4', '/videos/67206.mp4', '/videos/51892.mp4', '/videos/51893.mp4', '/videos/51894.mp4', '/videos/51883.mp4', '/videos/51884.mp4', '/videos/51885.mp4']"
sit,"['/videos/51901.mp4', '/videos/68570.mp4', '/videos/51924.mp4', '/videos/51925.mp4', '/videos/51916.mp4', '/videos/67207.mp4', '/videos/51926.mp4', '/videos/51927.mp4', '/videos/51917.mp4', '/videos/51918.mp4', '/videos/51919.mp4', '/videos/51920.mp4', '/videos/51921.mp4']"
situation,"['/videos/51932.mp4', '/videos/66489.mp4', '/videos/51933.mp4', '/videos/51934.mp4', '/videos/51935.mp4', '/videos/51936.mp4', '/videos/51937.mp4', '/videos/51938.mp4', '/videos/51939.mp4', '/videos/51940.mp4']"
six,"['/videos/69474.mp4', '/videos/66490.mp4', '/videos/51954.mp4', '/videos/51955.mp4', '/videos/51956.mp4', '/videos/51957.mp4', '/videos/51958.mp4', '/videos/51959.mp4', '/videos/51960.mp4']"
sixteen,"['/videos/66494.mp4', '/videos/51979.mp4', '/videos/51981.mp4', '/videos/51982.mp4', '/videos/51984.mp4', '/videos/51985.mp4', '/videos/51986.mp4']"
size,"['/videos/52045.mp4', '/videos/69475.mp4', '/videos/52046.mp4', '/videos/52047.mp4', '/videos/52048.mp4', '/videos/52049.mp4', '/videos/52050.mp4', '/videos/52051.mp4']"
skate,"['/videos/52053.mp4', '/videos/69476.mp4', '/videos/67208.mp4', '/videos/52072.mp4', '/videos/52073.mp4', '/videos/52074.mp4', '/videos/52075.mp4', '/videos/52076.mp4']"
skeleton,"['/videos/52081.mp4', '/videos/52082.mp4', '/videos/52083.mp4', '/videos/52084.mp4', '/videos/52085.mp4', '/videos/52086.mp4', '/videos/52087.mp4', '/videos/52088.mp4', '/videos/52089.mp4']"
sketch,"['/videos/52102.mp4', '/videos/52103.mp4', '/videos/52104.mp4', '/videos/52105.mp4', '/videos/52106.mp4', '/videos/52107.mp4', '/videos/52108.mp4', '/videos/52109.mp4', '/videos/52110.mp4']"
ski,"['/videos/52114.mp4', '/videos/68470.mp4', '/videos/52122.mp4', '/videos/67209.mp4', '/videos/52125.mp4', '/videos/52127.mp4', '/videos/52128.mp4']"
skill,"['/videos/52137.mp4', '/videos/66502.mp4', '/videos/52143.mp4', '/videos/52144.mp4', '/videos/52145.mp4', '/videos/52146.mp4', '/videos/52147.mp4', '/videos/52149.mp4', '/videos/52150.mp4']"
skin,"['/videos/52156.mp4', '/videos/52167.mp4', '/videos/52158.mp4', '/videos/52159.mp4', '/videos/52160.mp4', '/videos/52161.mp4', '/videos/52163.mp4', '/videos/52165.mp4']"
skinny,"['/videos/52168.mp4', '/videos/52175.mp4', '/videos/52176.mp4', '/videos/52177.mp4', '/videos/52178.mp4', '/videos/52179.mp4', '/videos/52169.mp4', '/videos/52170.mp4', '/videos/52171.mp4', '/videos/52172.mp4', '/videos/52174.mp4']"
skip,"['/videos/52180.mp4', '/videos/66504.mp4', '/videos/52181.mp4', '/videos/52182.mp4', '/videos/52183.mp4', '/videos/52185.mp4', '/videos/52188.mp4']"
skirt,"['/videos/52197.mp4', '/videos/68482.mp4', '/videos/52204.mp4', '/videos/67211.mp4', '/videos/52208.mp4', '/videos/52198.mp4', '/videos/52199.mp4', '/videos/52200.mp4', '/videos/52201.mp4', '/videos/52202.mp4', '/videos/52203.mp4']"
skunk,"['/videos/52213.mp4', '/videos/52214.mp4', '/videos/52215.mp4', '/videos/52216.mp4', '/videos/52217.mp4', '/videos/52219.mp4', '/videos/52220.mp4', '/videos/52221.mp4']"
sky,"['/videos/69477.mp4', '/videos/52236.mp4', '/videos/52237.mp4', '/videos/52228.mp4', '/videos/52238.mp4', '/videos/52229.mp4', '/videos/52230.mp4', '/videos/52231.mp4', '/videos/52232.mp4', '/videos/52233.mp4', '/videos/52235.mp4']"
slave,"['/videos/52287.mp4', '/videos/52288.mp4', '/videos/52289.mp4', '/videos/52290.mp4', '/videos/52291.mp4', '/videos/52292.mp4', '/videos/52293.mp4', '/videos/52294.mp4', '/videos/52295.mp4', '/videos/52296.mp4']"
sleep,"['/videos/52314.mp4', '/videos/69479.mp4', '/videos/68157.mp4', '/videos/68912.mp4', '/videos/52324.mp4', '/videos/52316.mp4', '/videos/67212.mp4', '/videos/52317.mp4', '/videos/52318.mp4', '/videos/52319.mp4', '/videos/52320.mp4', '/videos/52321.mp4', '/videos/52322.mp4', '/videos/52323.mp4']"
sleepy,"['/videos/52344.mp4', '/videos/70289.mp4', '/videos/52354.mp4', '/videos/52345.mp4', '/videos/52347.mp4', '/videos/52348.mp4', '/videos/52349.mp4', '/videos/52350.mp4', '/videos/52351.mp4']"
slice,"['/videos/52372.mp4', '/videos/52380.mp4', '/videos/66505.mp4', '/videos/52382.mp4', '/videos/52373.mp4', '/videos/52376.mp4', '/videos/52378.mp4', '/videos/52379.mp4']"
slip,"['/videos/66507.mp4', '/videos/52430.mp4', '/videos/52440.mp4', '/videos/52441.mp4', '/videos/52442.mp4', '/videos/52431.mp4', '/videos/52432.mp4', '/videos/52434.mp4', '/videos/52435.mp4']"
slow,"['/videos/52502.mp4', '/videos/52513.mp4', '/videos/52514.mp4', '/videos/52515.mp4', '/videos/66508.mp4', '/videos/52506.mp4', '/videos/67213.mp4', '/videos/52507.mp4', '/videos/52508.mp4', '/videos/52509.mp4', '/videos/52510.mp4', '/videos/52511.mp4', '/videos/52512.mp4']"
small,"['/videos/52550.mp4', '/videos/52552.mp4', '/videos/52554.mp4', '/videos/52555.mp4', '/videos/52556.mp4', '/videos/52557.mp4', '/videos/52558.mp4', '/videos/52559.mp4', '/videos/67214.mp4', '/videos/52560.mp4', '/videos/52562.mp4', '/videos/52564.mp4', '/videos/52565.mp4', '/videos/52566.mp4', '/videos/52551.mp4']"
smart,"['/videos/52570.mp4', '/videos/52578.mp4', '/videos/52579.mp4', '/videos/52580.mp4', '/videos/52581.mp4', '/videos/52583.mp4', '/videos/52584.mp4', '/videos/52575.mp4', '/videos/67215.mp4', '/videos/52588.mp4', '/videos/52589.mp4', '/videos/52576.mp4']"
smell,"['/videos/52602.mp4', '/videos/66510.mp4', '/videos/52603.mp4', '/videos/52604.mp4', '/videos/52605.mp4', '/videos/52606.mp4', '/videos/52607.mp4', '/videos/52608.mp4', '/videos/52609.mp4']"
smile,"['/videos/52613.mp4', '/videos/52621.mp4', '/videos/52622.mp4', '/videos/52623.mp4', '/videos/66511.mp4', '/videos/66512.mp4', '/videos/52615.mp4', '/videos/67216.mp4', '/videos/52616.mp4', '/videos/52617.mp4', '/videos/52618.mp4', '/videos/52619.mp4']"
smoking,"['/videos/52651.mp4', '/videos/67218.mp4', '/videos/52652.mp4', '/videos/52653.mp4', '/videos/52654.mp4', '/videos/52655.mp4', '/videos/52656.mp4']"
smooth,"['/videos/52659.mp4', '/videos/52660.mp4', '/videos/52662.mp4', '/videos/52663.mp4', '/videos/52664.mp4', '/videos/52665.mp4', '/videos/52666.mp4', '/videos/52668.mp4']"
snack,"['/videos/52683.mp4', '/videos/52686.mp4', '/videos/52687.mp4', '/videos/52688.mp4', '/videos/52690.mp4', '/videos/52691.mp4', '/videos/52693.mp4', '/videos/52694.mp4']"
snake,"['/videos/52707.mp4', '/videos/52718.mp4', '/videos/52719.mp4', '/videos/52720.mp4', '/videos/66515.mp4', '/videos/52711.mp4', '/videos/67217.mp4', '/videos/52712.mp4', '/videos/52713.mp4', '/videos/52714.mp4', '/videos/52715.mp4', '/videos/52716.mp4', '/videos/52717.mp4']"
sneeze,"['/videos/52763.mp4', '/videos/67219.mp4', '/videos/52764.mp4', '/videos/52765.mp4', '/videos/52766.mp4', '/videos/52767.mp4', '/videos/52768.mp4', '/videos/52769.mp4', '/videos/52770.mp4']"
snob,"['/videos/52792.mp4', '/videos/52796.mp4', '/videos/67220.mp4', '/videos/52797.mp4', '/videos/52798.mp4', '/videos/52799.mp4', '/videos/52800.mp4', '/videos/52801.mp4', '/videos/52802.mp4']"
snow,"['/videos/52834.mp4', '/videos/69481.mp4', '/videos/70122.mp4', '/videos/52862.mp4', '/videos/52863.mp4', '/videos/52864.mp4', '/videos/52865.mp4', '/videos/52866.mp4', '/videos/66519.mp4', '/videos/66518.mp4', '/videos/52857.mp4', '/videos/67221.mp4', '/videos/52867.mp4', '/videos/52858.mp4', '/videos/52859.mp4', '/videos/52860.mp4', '/videos/52861.mp4']"
snowman,"['/videos/66520.mp4', '/videos/66521.mp4', '/videos/52871.mp4', '/videos/52873.mp4', '/videos/52874.mp4', '/videos/52875.mp4', '/videos/52876.mp4', '/videos/52877.mp4']"
soap,"['/videos/52913.mp4', '/videos/52924.mp4', '/videos/52925.mp4', '/videos/52926.mp4', '/videos/66522.mp4', '/videos/52917.mp4', '/videos/67223.mp4', '/videos/52918.mp4', '/videos/52919.mp4', '/videos/52920.mp4', '/videos/52921.mp4', '/videos/52922.mp4', '/videos/52923.mp4']"
soccer,"['/videos/52937.mp4', '/videos/52947.mp4', '/videos/66523.mp4', '/videos/52940.mp4', '/videos/67222.mp4', '/videos/52941.mp4', '/videos/52942.mp4', '/videos/52943.mp4', '/videos/52944.mp4', '/videos/52945.mp4']"
society,"['/videos/52990.mp4', '/videos/52998.mp4', '/videos/66526.mp4', '/videos/53000.mp4', '/videos/52992.mp4', '/videos/52993.mp4', '/videos/52995.mp4', '/videos/52997.mp4']"
socks,"['/videos/66527.mp4', '/videos/53021.mp4', '/videos/53022.mp4', '/videos/53013.mp4', '/videos/67225.mp4', '/videos/53014.mp4', '/videos/53015.mp4', '/videos/53016.mp4', '/videos/53017.mp4', '/videos/53018.mp4']"
soda,"['/videos/53023.mp4', '/videos/69482.mp4', '/videos/68432.mp4', '/videos/70071.mp4', '/videos/68158.mp4', '/videos/67224.mp4', '/videos/53024.mp4', '/videos/53025.mp4', '/videos/53026.mp4', '/videos/53027.mp4', '/videos/53028.mp4', '/videos/53029.mp4', '/videos/53030.mp4']"
sofa,"['/videos/53035.mp4', '/videos/53037.mp4', '/videos/53038.mp4', '/videos/53039.mp4', '/videos/53040.mp4', '/videos/53041.mp4', '/videos/53042.mp4']"
soft,"['/videos/53046.mp4', '/videos/69483.mp4', '/videos/53073.mp4', '/videos/53064.mp4', '/videos/53065.mp4', '/videos/53066.mp4', '/videos/53067.mp4', '/videos/53068.mp4', '/videos/53069.mp4', '/videos/53070.mp4', '/videos/53071.mp4', '/videos/53072.mp4']"
soldier,"['/videos/53119.mp4', '/videos/53120.mp4', '/videos/53122.mp4', '/videos/53123.mp4', '/videos/53124.mp4', '/videos/53125.mp4', '/videos/53126.mp4']"
solid,"['/videos/53152.mp4', '/videos/66528.mp4', '/videos/53153.mp4', '/videos/53154.mp4', '/videos/53155.mp4', '/videos/53156.mp4', '/videos/53157.mp4', '/videos/53158.mp4', '/videos/53159.mp4', '/videos/53160.mp4']"
solve,"['/videos/53177.mp4', '/videos/53178.mp4', '/videos/53179.mp4', '/videos/53180.mp4', '/videos/53181.mp4', '/videos/53182.mp4', '/videos/53183.mp4']"
some,"['/videos/53190.mp4', '/videos/69484.mp4', '/videos/68159.mp4', '/videos/68978.mp4', '/videos/53215.mp4', '/videos/53216.mp4', '/videos/53207.mp4', '/videos/67226.mp4', '/videos/53208.mp4', '/videos/53209.mp4', '/videos/53210.mp4', '/videos/53211.mp4', '/videos/53212.mp4', '/videos/53213.mp4', '/videos/53214.mp4']"
someday,"['/videos/53196.mp4', '/videos/53198.mp4', '/videos/53199.mp4', '/videos/53200.mp4', '/videos/53201.mp4', '/videos/53202.mp4', '/videos/53203.mp4']"
someone,"['/videos/53217.mp4', '/videos/70127.mp4', '/videos/53218.mp4', '/videos/53219.mp4', '/videos/53220.mp4', '/videos/53221.mp4', '/videos/53222.mp4', '/videos/53223.mp4']"
something,"['/videos/53228.mp4', '/videos/53230.mp4', '/videos/53231.mp4', '/videos/53232.mp4', '/videos/53233.mp4', '/videos/53234.mp4', '/videos/53235.mp4']"
sometimes,"['/videos/53239.mp4', '/videos/70035.mp4', '/videos/53240.mp4', '/videos/53241.mp4', '/videos/53242.mp4', '/videos/53243.mp4', '/videos/53244.mp4', '/videos/53245.mp4', '/videos/53246.mp4', '/videos/53247.mp4']"
somewhere,"['/videos/53251.mp4', '/videos/53252.mp4', '/videos/53253.mp4', '/videos/53254.mp4', '/videos/53255.mp4', '/videos/53256.mp4', '/videos/53257.mp4']"
son,"['/videos/53258.mp4', '/videos/68336.mp4', '/videos/70335.mp4', '/videos/53272.mp4', '/videos/53273.mp4', '/videos/53274.mp4', '/videos/53275.mp4', '/videos/53276.mp4', '/videos/53277.mp4', '/videos/66531.mp4', '/videos/66532.mp4', '/videos/53268.mp4', '/videos/67227.mp4', '/videos/53278.mp4', '/videos/53279.mp4', '/videos/53269.mp4', '/videos/53270.mp4', '/videos/53271.mp4']"
song,"['/videos/53260.mp4', '/videos/53261.mp4', '/videos/53262.mp4', '/videos/53263.mp4', '/videos/53264.mp4', '/videos/53265.mp4', '/videos/53266.mp4', '/videos/53267.mp4']"
soon,"['/videos/53290.mp4', '/videos/53295.mp4', '/videos/53296.mp4', '/videos/53297.mp4', '/videos/53298.mp4', '/videos/53300.mp4', '/videos/53301.mp4', '/videos/66533.mp4', '/videos/66534.mp4', '/videos/53292.mp4', '/videos/53302.mp4', '/videos/53303.mp4', '/videos/53304.mp4', '/videos/53305.mp4', '/videos/53293.mp4', '/videos/53294.mp4']"
sore throat,"['/videos/53340.mp4', '/videos/53341.mp4', '/videos/53343.mp4', '/videos/53344.mp4', '/videos/53345.mp4', '/videos/53346.mp4', '/videos/53347.mp4', '/videos/53348.mp4']"
sorry,"['/videos/53363.mp4', '/videos/70225.mp4', '/videos/53371.mp4', '/videos/53372.mp4', '/videos/53373.mp4', '/videos/53374.mp4', '/videos/66536.mp4', '/videos/53365.mp4', '/videos/67228.mp4', '/videos/53375.mp4', '/videos/53366.mp4', '/videos/53367.mp4', '/videos/53368.mp4', '/videos/53370.mp4']"
soul,"['/videos/53401.mp4', '/videos/53402.mp4', '/videos/53404.mp4', '/videos/53405.mp4', '/videos/53406.mp4', '/videos/53407.mp4', '/videos/53409.mp4']"
sound,"['/videos/53413.mp4', '/videos/53421.mp4', '/videos/53422.mp4', '/videos/66537.mp4', '/videos/53423.mp4', '/videos/53414.mp4', '/videos/53415.mp4', '/videos/53416.mp4', '/videos/53417.mp4', '/videos/53418.mp4', '/videos/53419.mp4', '/videos/53420.mp4']"
soup,"['/videos/53427.mp4', '/videos/69485.mp4', '/videos/70059.mp4', '/videos/66538.mp4', '/videos/67229.mp4', '/videos/53428.mp4', '/videos/53429.mp4', '/videos/53430.mp4', '/videos/53431.mp4', '/videos/53432.mp4', '/videos/53433.mp4', '/videos/53434.mp4']"
sour,"['/videos/53435.mp4', '/videos/53452.mp4', '/videos/53443.mp4', '/videos/53444.mp4', '/videos/53445.mp4', '/videos/53446.mp4', '/videos/53447.mp4', '/videos/53448.mp4', '/videos/53449.mp4', '/videos/53450.mp4', '/videos/53451.mp4']"
south,"['/videos/53453.mp4', '/videos/70188.mp4', '/videos/53488.mp4', '/videos/53489.mp4', '/videos/53490.mp4', '/videos/53491.mp4', '/videos/53482.mp4', '/videos/67230.mp4', '/videos/53492.mp4', '/videos/53493.mp4', '/videos/53483.mp4', '/videos/53484.mp4', '/videos/53485.mp4', '/videos/53486.mp4', '/videos/53487.mp4']"
south america,"['/videos/53457.mp4', '/videos/53458.mp4', '/videos/53459.mp4', '/videos/53460.mp4', '/videos/53461.mp4', '/videos/53462.mp4', '/videos/53463.mp4', '/videos/53464.mp4']"
spain,"['/videos/53543.mp4', '/videos/53551.mp4', '/videos/53552.mp4', '/videos/53553.mp4', '/videos/53554.mp4', '/videos/53555.mp4', '/videos/53544.mp4', '/videos/53545.mp4', '/videos/53546.mp4', '/videos/53547.mp4', '/videos/53548.mp4', '/videos/53549.mp4']"
spanish,"['/videos/66541.mp4', '/videos/68750.mp4', '/videos/53564.mp4', '/videos/53565.mp4', '/videos/53566.mp4', '/videos/53567.mp4', '/videos/53569.mp4', '/videos/53570.mp4']"
speak,"['/videos/53611.mp4', '/videos/53620.mp4', '/videos/53621.mp4', '/videos/53622.mp4', '/videos/53623.mp4', '/videos/53624.mp4', '/videos/53625.mp4', '/videos/53626.mp4']"
special,"['/videos/53640.mp4', '/videos/69486.mp4', '/videos/66542.mp4', '/videos/66543.mp4', '/videos/53642.mp4', '/videos/53643.mp4', '/videos/53644.mp4', '/videos/53645.mp4', '/videos/53646.mp4', '/videos/53647.mp4', '/videos/53648.mp4']"
specific,"['/videos/53664.mp4', '/videos/53667.mp4', '/videos/53668.mp4', '/videos/53669.mp4', '/videos/53670.mp4', '/videos/53671.mp4', '/videos/53672.mp4', '/videos/53673.mp4', '/videos/53675.mp4']"
speech,"['/videos/53693.mp4', '/videos/53700.mp4', '/videos/53701.mp4', '/videos/53705.mp4', '/videos/53696.mp4', '/videos/53706.mp4', '/videos/53707.mp4', '/videos/53708.mp4', '/videos/53709.mp4', '/videos/53710.mp4', '/videos/53697.mp4', '/videos/53698.mp4', '/videos/53699.mp4']"
speed,"['/videos/53733.mp4', '/videos/53736.mp4', '/videos/53737.mp4', '/videos/53738.mp4', '/videos/53739.mp4', '/videos/53741.mp4', '/videos/53743.mp4', '/videos/53744.mp4']"
spell,"['/videos/69487.mp4', '/videos/53771.mp4', '/videos/53772.mp4', '/videos/53773.mp4', '/videos/53774.mp4', '/videos/53775.mp4', '/videos/53777.mp4', '/videos/53778.mp4']"
spider,"['/videos/53824.mp4', '/videos/66546.mp4', '/videos/67233.mp4', '/videos/53825.mp4', '/videos/53826.mp4', '/videos/53827.mp4', '/videos/53828.mp4', '/videos/53829.mp4', '/videos/53830.mp4', '/videos/53831.mp4']"
spill,"['/videos/53848.mp4', '/videos/53850.mp4', '/videos/53851.mp4', '/videos/53853.mp4', '/videos/53854.mp4', '/videos/53855.mp4', '/videos/53856.mp4']"
spin,"['/videos/53872.mp4', '/videos/53880.mp4', '/videos/53881.mp4', '/videos/53882.mp4', '/videos/53873.mp4', '/videos/53874.mp4', '/videos/53875.mp4', '/videos/53876.mp4', '/videos/53878.mp4', '/videos/53879.mp4']"
spirit,"['/videos/53899.mp4', '/videos/53910.mp4', '/videos/53901.mp4', '/videos/53902.mp4', '/videos/53903.mp4', '/videos/53904.mp4', '/videos/53905.mp4', '/videos/53906.mp4', '/videos/53907.mp4', '/videos/53908.mp4', '/videos/53909.mp4']"
spit,"['/videos/53917.mp4', '/videos/53921.mp4', '/videos/53922.mp4', '/videos/53923.mp4', '/videos/53924.mp4', '/videos/53925.mp4', '/videos/53926.mp4']"
spoon,"['/videos/54001.mp4', '/videos/54011.mp4', '/videos/54004.mp4', '/videos/67234.mp4', '/videos/54014.mp4', '/videos/54006.mp4', '/videos/54007.mp4', '/videos/54008.mp4']"
spray,"['/videos/54069.mp4', '/videos/54079.mp4', '/videos/54080.mp4', '/videos/54081.mp4', '/videos/54082.mp4', '/videos/54083.mp4', '/videos/54074.mp4', '/videos/54086.mp4', '/videos/54087.mp4', '/videos/54076.mp4', '/videos/54077.mp4', '/videos/54078.mp4']"
spread,"['/videos/66549.mp4', '/videos/54090.mp4', '/videos/54091.mp4', '/videos/54092.mp4', '/videos/54093.mp4', '/videos/54094.mp4', '/videos/54095.mp4']"
spring,"['/videos/54116.mp4', '/videos/54117.mp4', '/videos/54118.mp4', '/videos/54119.mp4', '/videos/54120.mp4', '/videos/54121.mp4', '/videos/54123.mp4', '/videos/54124.mp4']"
sprint,"['/videos/54138.mp4', '/videos/54139.mp4', '/videos/54140.mp4', '/videos/54141.mp4', '/videos/54143.mp4', '/videos/54144.mp4', '/videos/54146.mp4']"
square,"['/videos/54168.mp4', '/videos/54178.mp4', '/videos/54179.mp4', '/videos/54170.mp4', '/videos/54180.mp4', '/videos/54172.mp4', '/videos/54173.mp4', '/videos/54174.mp4', '/videos/54176.mp4', '/videos/54177.mp4']"
squeeze,"['/videos/54188.mp4', '/videos/54189.mp4', '/videos/54190.mp4', '/videos/54191.mp4', '/videos/54192.mp4', '/videos/54194.mp4', '/videos/54195.mp4']"
squirrel,"['/videos/54204.mp4', '/videos/54212.mp4', '/videos/54213.mp4', '/videos/66551.mp4', '/videos/67236.mp4', '/videos/54205.mp4', '/videos/54206.mp4', '/videos/54207.mp4', '/videos/54208.mp4', '/videos/54209.mp4', '/videos/54210.mp4', '/videos/54211.mp4']"
stadium,"['/videos/54248.mp4', '/videos/54249.mp4', '/videos/54250.mp4', '/videos/54251.mp4', '/videos/54252.mp4', '/videos/54253.mp4', '/videos/54254.mp4']"
staff,"['/videos/54255.mp4', '/videos/54264.mp4', '/videos/67237.mp4', '/videos/54256.mp4', '/videos/54257.mp4', '/videos/54258.mp4', '/videos/54259.mp4', '/videos/54260.mp4', '/videos/54261.mp4', '/videos/54262.mp4', '/videos/54263.mp4']"
stairs,"['/videos/66552.mp4', '/videos/54302.mp4', '/videos/54304.mp4', '/videos/54305.mp4', '/videos/54296.mp4', '/videos/67238.mp4', '/videos/54297.mp4', '/videos/54298.mp4', '/videos/54299.mp4', '/videos/54300.mp4']"
stamp,"['/videos/54341.mp4', '/videos/54347.mp4', '/videos/54348.mp4', '/videos/54349.mp4', '/videos/54350.mp4', '/videos/67239.mp4', '/videos/54351.mp4', '/videos/54352.mp4', '/videos/54343.mp4']"
stand,"['/videos/54360.mp4', '/videos/68734.mp4', '/videos/68160.mp4', '/videos/54385.mp4', '/videos/66553.mp4', '/videos/54377.mp4', '/videos/54378.mp4', '/videos/54380.mp4', '/videos/54381.mp4', '/videos/54383.mp4', '/videos/54384.mp4']"
standard,"['/videos/54362.mp4', '/videos/54363.mp4', '/videos/54364.mp4', '/videos/54366.mp4', '/videos/54367.mp4', '/videos/54368.mp4', '/videos/54369.mp4', '/videos/54370.mp4']"
star,"['/videos/54413.mp4', '/videos/54444.mp4', '/videos/54445.mp4', '/videos/54446.mp4', '/videos/54437.mp4', '/videos/67241.mp4', '/videos/54447.mp4', '/videos/54438.mp4', '/videos/54439.mp4', '/videos/54440.mp4', '/videos/54441.mp4', '/videos/54442.mp4', '/videos/54443.mp4']"
stare,"['/videos/54419.mp4', '/videos/54433.mp4', '/videos/54424.mp4', '/videos/54425.mp4', '/videos/54426.mp4', '/videos/54427.mp4', '/videos/54428.mp4', '/videos/54430.mp4', '/videos/54431.mp4', '/videos/54432.mp4']"
start,"['/videos/54454.mp4', '/videos/68161.mp4', '/videos/69042.mp4', '/videos/54457.mp4', '/videos/67242.mp4', '/videos/54458.mp4', '/videos/54460.mp4', '/videos/54461.mp4', '/videos/54462.mp4', '/videos/54464.mp4']"
statistics,"['/videos/54529.mp4', '/videos/54530.mp4', '/videos/54531.mp4', '/videos/54532.mp4', '/videos/54533.mp4', '/videos/54534.mp4', '/videos/54535.mp4', '/videos/54536.mp4']"
stay,"['/videos/54548.mp4', '/videos/68914.mp4', '/videos/54559.mp4', '/videos/54560.mp4', '/videos/54561.mp4', '/videos/54562.mp4', '/videos/54563.mp4', '/videos/54554.mp4', '/videos/54564.mp4', '/videos/54565.mp4', '/videos/54566.mp4', '/videos/54567.mp4', '/videos/54555.mp4', '/videos/54556.mp4', '/videos/54557.mp4', '/videos/54558.mp4']"
steal,"['/videos/54586.mp4', '/videos/54593.mp4', '/videos/54597.mp4', '/videos/54588.mp4', '/videos/67245.mp4', '/videos/54598.mp4', '/videos/54599.mp4', '/videos/54600.mp4', '/videos/54589.mp4', '/videos/54591.mp4', '/videos/54592.mp4']"
steel,"['/videos/54607.mp4', '/videos/54609.mp4', '/videos/54610.mp4', '/videos/54611.mp4', '/videos/54612.mp4', '/videos/54613.mp4', '/videos/54614.mp4', '/videos/54615.mp4', '/videos/54616.mp4']"
stepfather,"['/videos/54661.mp4', '/videos/54665.mp4', '/videos/54672.mp4', '/videos/54666.mp4', '/videos/54667.mp4', '/videos/54668.mp4', '/videos/54670.mp4']"
sticky,"['/videos/54761.mp4', '/videos/54762.mp4', '/videos/54763.mp4', '/videos/54764.mp4', '/videos/54765.mp4', '/videos/54766.mp4', '/videos/54767.mp4', '/videos/54768.mp4']"
still,"['/videos/54787.mp4', '/videos/54788.mp4', '/videos/54789.mp4', '/videos/66555.mp4', '/videos/54780.mp4', '/videos/54791.mp4', '/videos/54781.mp4', '/videos/54782.mp4']"
sting,"['/videos/54804.mp4', '/videos/54805.mp4', '/videos/54806.mp4', '/videos/54807.mp4', '/videos/54808.mp4', '/videos/54809.mp4', '/videos/54810.mp4']"
stink,"['/videos/54819.mp4', '/videos/70300.mp4', '/videos/54827.mp4', '/videos/54828.mp4', '/videos/66557.mp4', '/videos/66558.mp4', '/videos/54820.mp4', '/videos/54821.mp4', '/videos/54822.mp4', '/videos/54823.mp4', '/videos/54824.mp4', '/videos/54825.mp4', '/videos/54826.mp4']"
stir,"['/videos/54829.mp4', '/videos/54837.mp4', '/videos/67247.mp4', '/videos/54831.mp4', '/videos/54832.mp4', '/videos/54833.mp4', '/videos/54834.mp4']"
stitch,"['/videos/54838.mp4', '/videos/54840.mp4', '/videos/54841.mp4', '/videos/54842.mp4', '/videos/54843.mp4', '/videos/54844.mp4', '/videos/54845.mp4']"
stomach,"['/videos/54870.mp4', '/videos/54885.mp4', '/videos/54886.mp4', '/videos/66560.mp4', '/videos/54878.mp4', '/videos/67248.mp4', '/videos/54879.mp4', '/videos/54880.mp4', '/videos/54881.mp4', '/videos/54882.mp4', '/videos/54883.mp4', '/videos/54884.mp4']"
stop,"['/videos/54915.mp4', '/videos/54925.mp4', '/videos/54922.mp4', '/videos/67249.mp4', '/videos/54923.mp4', '/videos/54926.mp4', '/videos/54928.mp4', '/videos/54929.mp4', '/videos/54930.mp4', '/videos/54931.mp4', '/videos/54932.mp4']"
store,"['/videos/69489.mp4', '/videos/54955.mp4', '/videos/54963.mp4', '/videos/54964.mp4', '/videos/54965.mp4', '/videos/54966.mp4', '/videos/54956.mp4', '/videos/54957.mp4', '/videos/54958.mp4', '/videos/54962.mp4']"
story,"['/videos/54991.mp4', '/videos/55002.mp4', '/videos/55003.mp4', '/videos/66561.mp4', '/videos/66562.mp4', '/videos/54995.mp4', '/videos/54996.mp4', '/videos/54997.mp4', '/videos/54998.mp4', '/videos/54999.mp4', '/videos/55000.mp4', '/videos/55001.mp4']"
straight,"['/videos/55035.mp4', '/videos/68564.mp4', '/videos/55047.mp4', '/videos/55048.mp4', '/videos/55050.mp4', '/videos/55051.mp4', '/videos/55052.mp4', '/videos/66563.mp4', '/videos/55043.mp4', '/videos/55055.mp4', '/videos/55056.mp4', '/videos/55044.mp4', '/videos/55045.mp4', '/videos/55046.mp4']"
strange,"['/videos/55069.mp4', '/videos/69491.mp4', '/videos/55077.mp4', '/videos/66564.mp4', '/videos/67250.mp4', '/videos/55070.mp4', '/videos/55071.mp4', '/videos/55072.mp4', '/videos/55073.mp4', '/videos/55074.mp4', '/videos/55075.mp4', '/videos/55076.mp4']"
straw,"['/videos/55101.mp4', '/videos/55126.mp4', '/videos/55117.mp4', '/videos/55118.mp4', '/videos/55119.mp4', '/videos/55120.mp4', '/videos/55121.mp4', '/videos/55122.mp4', '/videos/55123.mp4', '/videos/55124.mp4']"
strawberry,"['/videos/69492.mp4', '/videos/55111.mp4', '/videos/66567.mp4', '/videos/66568.mp4', '/videos/67251.mp4', '/videos/55114.mp4', '/videos/55105.mp4', '/videos/55106.mp4', '/videos/55110.mp4']"
street,"['/videos/55145.mp4', '/videos/70192.mp4', '/videos/55157.mp4', '/videos/66569.mp4', '/videos/55150.mp4', '/videos/67253.mp4', '/videos/55151.mp4', '/videos/55152.mp4', '/videos/55153.mp4', '/videos/55154.mp4', '/videos/55155.mp4', '/videos/55156.mp4']"
stress,"['/videos/55169.mp4', '/videos/55183.mp4', '/videos/55184.mp4', '/videos/66570.mp4', '/videos/55176.mp4', '/videos/67252.mp4', '/videos/55177.mp4', '/videos/55178.mp4', '/videos/55179.mp4', '/videos/55180.mp4', '/videos/55181.mp4', '/videos/55182.mp4']"
stretch,"['/videos/55188.mp4', '/videos/55189.mp4', '/videos/55190.mp4', '/videos/55191.mp4', '/videos/55192.mp4', '/videos/55193.mp4', '/videos/55194.mp4', '/videos/55195.mp4']"
strict,"['/videos/55197.mp4', '/videos/55205.mp4', '/videos/55206.mp4', '/videos/66571.mp4', '/videos/67254.mp4', '/videos/55198.mp4', '/videos/55199.mp4', '/videos/55200.mp4', '/videos/55201.mp4', '/videos/55202.mp4', '/videos/55203.mp4', '/videos/55204.mp4']"
strong,"['/videos/55274.mp4', '/videos/69493.mp4', '/videos/55284.mp4', '/videos/55285.mp4', '/videos/66572.mp4', '/videos/55276.mp4', '/videos/55286.mp4', '/videos/55277.mp4', '/videos/55278.mp4', '/videos/55279.mp4', '/videos/55280.mp4', '/videos/55283.mp4']"
structure,"['/videos/55287.mp4', '/videos/55296.mp4', '/videos/55288.mp4', '/videos/55289.mp4', '/videos/55290.mp4', '/videos/55291.mp4', '/videos/55292.mp4', '/videos/55293.mp4', '/videos/55294.mp4', '/videos/55295.mp4']"
struggle,"['/videos/55298.mp4', '/videos/70096.mp4', '/videos/55306.mp4', '/videos/55307.mp4', '/videos/66573.mp4', '/videos/55308.mp4', '/videos/55299.mp4', '/videos/55300.mp4', '/videos/55301.mp4', '/videos/55302.mp4', '/videos/55303.mp4', '/videos/55304.mp4', '/videos/55305.mp4']"
stubborn,"['/videos/55312.mp4', '/videos/70362.mp4', '/videos/55320.mp4', '/videos/55321.mp4', '/videos/66574.mp4', '/videos/67255.mp4', '/videos/55313.mp4', '/videos/55314.mp4', '/videos/55315.mp4', '/videos/55316.mp4', '/videos/55317.mp4', '/videos/55318.mp4', '/videos/55319.mp4']"
stuck,"['/videos/55322.mp4', '/videos/55323.mp4', '/videos/55324.mp4', '/videos/55325.mp4', '/videos/55326.mp4', '/videos/55327.mp4', '/videos/55328.mp4']"
student,"['/videos/55332.mp4', '/videos/69494.mp4', '/videos/55343.mp4', '/videos/55344.mp4', '/videos/55345.mp4', '/videos/55346.mp4', '/videos/55337.mp4', '/videos/67256.mp4', '/videos/55347.mp4', '/videos/55348.mp4', '/videos/55338.mp4', '/videos/55339.mp4', '/videos/55340.mp4', '/videos/55341.mp4', '/videos/55342.mp4']"
study,"['/videos/55356.mp4', '/videos/68428.mp4', '/videos/68162.mp4', '/videos/68624.mp4', '/videos/55364.mp4', '/videos/55365.mp4', '/videos/55366.mp4', '/videos/55367.mp4', '/videos/55368.mp4', '/videos/55369.mp4', '/videos/55370.mp4', '/videos/66575.mp4', '/videos/55361.mp4', '/videos/55371.mp4', '/videos/55372.mp4', '/videos/55373.mp4', '/videos/55374.mp4', '/videos/55375.mp4', '/videos/55362.mp4', '/videos/55363.mp4']"
stupid,"['/videos/70371.mp4', '/videos/55423.mp4', '/videos/55424.mp4', '/videos/55425.mp4', '/videos/67258.mp4', '/videos/67257.mp4', '/videos/55429.mp4', '/videos/55430.mp4', '/videos/55431.mp4', '/videos/55419.mp4', '/videos/55421.mp4']"
subtract,"['/videos/66577.mp4', '/videos/55542.mp4', '/videos/55533.mp4', '/videos/67259.mp4', '/videos/55534.mp4', '/videos/55535.mp4', '/videos/55536.mp4', '/videos/55538.mp4', '/videos/55539.mp4']"
subway,"['/videos/55552.mp4', '/videos/55553.mp4', '/videos/55554.mp4', '/videos/55555.mp4', '/videos/55556.mp4', '/videos/55557.mp4', '/videos/55558.mp4', '/videos/55559.mp4', '/videos/55560.mp4']"
sue,"['/videos/55626.mp4', '/videos/70160.mp4', '/videos/55627.mp4', '/videos/55628.mp4', '/videos/55630.mp4', '/videos/55631.mp4', '/videos/55632.mp4']"
suffer,"['/videos/55633.mp4', '/videos/55636.mp4', '/videos/55637.mp4', '/videos/55638.mp4', '/videos/55639.mp4', '/videos/55640.mp4', '/videos/55642.mp4', '/videos/55643.mp4', '/videos/55644.mp4']"
sugar,"['/videos/55656.mp4', '/videos/55666.mp4', '/videos/55667.mp4', '/videos/55658.mp4', '/videos/55668.mp4', '/videos/55659.mp4', '/videos/55660.mp4', '/videos/55661.mp4', '/videos/55662.mp4', '/videos/55663.mp4', '/videos/55664.mp4', '/videos/55665.mp4']"
suggest,"['/videos/55669.mp4', '/videos/55670.mp4', '/videos/55671.mp4', '/videos/55672.mp4', '/videos/55673.mp4', '/videos/55674.mp4', '/videos/55675.mp4', '/videos/55676.mp4', '/videos/55677.mp4', '/videos/55678.mp4']"
summer,"['/videos/55730.mp4', '/videos/69495.mp4', '/videos/55738.mp4', '/videos/66579.mp4', '/videos/67263.mp4', '/videos/55731.mp4', '/videos/55732.mp4', '/videos/55733.mp4', '/videos/55734.mp4', '/videos/55735.mp4', '/videos/55736.mp4', '/videos/55737.mp4']"
summon,"['/videos/55745.mp4', '/videos/55754.mp4', '/videos/55755.mp4', '/videos/55746.mp4', '/videos/55747.mp4', '/videos/55748.mp4', '/videos/55749.mp4', '/videos/55750.mp4', '/videos/55751.mp4', '/videos/55752.mp4', '/videos/55753.mp4']"
sun,"['/videos/55810.mp4', '/videos/55803.mp4', '/videos/67261.mp4', '/videos/55813.mp4', '/videos/55814.mp4', '/videos/55804.mp4', '/videos/55805.mp4', '/videos/55806.mp4', '/videos/55807.mp4', '/videos/55808.mp4']"
sunday,"['/videos/55768.mp4', '/videos/70022.mp4', '/videos/55773.mp4', '/videos/55774.mp4', '/videos/55775.mp4', '/videos/55776.mp4', '/videos/55777.mp4', '/videos/55778.mp4', '/videos/55779.mp4', '/videos/55780.mp4', '/videos/55781.mp4', '/videos/55782.mp4', '/videos/55769.mp4', '/videos/55770.mp4', '/videos/55771.mp4', '/videos/55772.mp4']"
sunrise,"['/videos/55837.mp4', '/videos/55843.mp4', '/videos/55844.mp4', '/videos/55845.mp4', '/videos/66580.mp4', '/videos/55847.mp4', '/videos/55848.mp4', '/videos/55849.mp4', '/videos/55840.mp4', '/videos/55841.mp4', '/videos/55842.mp4']"
sunset,"['/videos/66581.mp4', '/videos/55861.mp4', '/videos/55862.mp4', '/videos/55863.mp4', '/videos/55854.mp4', '/videos/67262.mp4', '/videos/55864.mp4', '/videos/55855.mp4', '/videos/55856.mp4', '/videos/55857.mp4', '/videos/55858.mp4', '/videos/55859.mp4', '/videos/55860.mp4']"
sunshine,"['/videos/55865.mp4', '/videos/55866.mp4', '/videos/55867.mp4', '/videos/55868.mp4', '/videos/55869.mp4', '/videos/55870.mp4', '/videos/55871.mp4']"
superman,"['/videos/55910.mp4', '/videos/55911.mp4', '/videos/55913.mp4', '/videos/55914.mp4', '/videos/55915.mp4', '/videos/55916.mp4', '/videos/55917.mp4']"
support,"['/videos/55970.mp4', '/videos/55976.mp4', '/videos/55977.mp4', '/videos/55978.mp4', '/videos/55979.mp4', '/videos/55980.mp4', '/videos/55981.mp4', '/videos/55982.mp4', '/videos/55983.mp4', '/videos/55984.mp4']"
suppose,"['/videos/55993.mp4', '/videos/69497.mp4', '/videos/70120.mp4', '/videos/55996.mp4', '/videos/55998.mp4', '/videos/55999.mp4', '/videos/56000.mp4', '/videos/56001.mp4', '/videos/56002.mp4', '/videos/56003.mp4']"
sure,"['/videos/56025.mp4', '/videos/56037.mp4', '/videos/56038.mp4', '/videos/56029.mp4', '/videos/67265.mp4', '/videos/56030.mp4', '/videos/56031.mp4', '/videos/56033.mp4', '/videos/56035.mp4', '/videos/56036.mp4']"
surface,"['/videos/56046.mp4', '/videos/56047.mp4', '/videos/56048.mp4', '/videos/56049.mp4', '/videos/56050.mp4', '/videos/56051.mp4', '/videos/56052.mp4', '/videos/56053.mp4', '/videos/56054.mp4']"
surgeon,"['/videos/56072.mp4', '/videos/67266.mp4', '/videos/56073.mp4', '/videos/56074.mp4', '/videos/56075.mp4', '/videos/56076.mp4', '/videos/56077.mp4', '/videos/56078.mp4']"
surgery,"['/videos/56080.mp4', '/videos/56087.mp4', '/videos/56088.mp4', '/videos/56089.mp4', '/videos/56090.mp4', '/videos/56091.mp4', '/videos/56092.mp4', '/videos/56081.mp4', '/videos/56082.mp4', '/videos/56083.mp4', '/videos/56084.mp4', '/videos/56085.mp4', '/videos/56086.mp4']"
surprise,"['/videos/56099.mp4', '/videos/66583.mp4', '/videos/56105.mp4', '/videos/67267.mp4', '/videos/56106.mp4', '/videos/56107.mp4', '/videos/56108.mp4', '/videos/56109.mp4', '/videos/56110.mp4', '/videos/56111.mp4']"
surrender,"['/videos/56113.mp4', '/videos/56114.mp4', '/videos/56115.mp4', '/videos/56116.mp4', '/videos/56117.mp4', '/videos/56118.mp4', '/videos/56119.mp4']"
suspect,"['/videos/56157.mp4', '/videos/56165.mp4', '/videos/56166.mp4', '/videos/67269.mp4', '/videos/56167.mp4', '/videos/56158.mp4', '/videos/56159.mp4', '/videos/56160.mp4', '/videos/56161.mp4', '/videos/56162.mp4', '/videos/56163.mp4', '/videos/56164.mp4']"
suspend,"['/videos/56168.mp4', '/videos/56175.mp4', '/videos/56176.mp4', '/videos/56177.mp4', '/videos/56178.mp4', '/videos/56179.mp4', '/videos/56180.mp4']"
swallow,"['/videos/56191.mp4', '/videos/56201.mp4', '/videos/56202.mp4', '/videos/56193.mp4', '/videos/67270.mp4', '/videos/56194.mp4', '/videos/56195.mp4', '/videos/56196.mp4', '/videos/56197.mp4', '/videos/56198.mp4', '/videos/56199.mp4']"
sweater,"['/videos/56254.mp4', '/videos/66584.mp4', '/videos/67271.mp4', '/videos/56247.mp4', '/videos/56248.mp4', '/videos/56249.mp4', '/videos/56250.mp4', '/videos/56251.mp4', '/videos/56252.mp4', '/videos/56253.mp4']"
sweden,"['/videos/56270.mp4', '/videos/56271.mp4', '/videos/56272.mp4', '/videos/56273.mp4', '/videos/56275.mp4', '/videos/56276.mp4', '/videos/56277.mp4', '/videos/56279.mp4']"
sweep,"['/videos/56288.mp4', '/videos/67272.mp4', '/videos/56290.mp4', '/videos/56281.mp4', '/videos/56282.mp4', '/videos/56283.mp4', '/videos/56284.mp4', '/videos/56285.mp4', '/videos/56286.mp4']"
sweet,"['/videos/69499.mp4', '/videos/56312.mp4', '/videos/56313.mp4', '/videos/56314.mp4', '/videos/56315.mp4', '/videos/66585.mp4', '/videos/56306.mp4', '/videos/56316.mp4', '/videos/56317.mp4', '/videos/56307.mp4', '/videos/56308.mp4', '/videos/56309.mp4', '/videos/56310.mp4', '/videos/56311.mp4']"
sweetheart,"['/videos/56294.mp4', '/videos/56302.mp4', '/videos/56303.mp4', '/videos/56304.mp4', '/videos/56305.mp4', '/videos/56295.mp4', '/videos/56296.mp4', '/videos/56297.mp4', '/videos/56298.mp4', '/videos/56299.mp4', '/videos/56300.mp4', '/videos/56301.mp4']"
swim,"['/videos/56340.mp4', '/videos/70178.mp4', '/videos/69010.mp4', '/videos/56341.mp4', '/videos/56343.mp4', '/videos/56344.mp4', '/videos/56345.mp4', '/videos/56346.mp4', '/videos/56347.mp4', '/videos/56348.mp4']"
swimming,"['/videos/56354.mp4', '/videos/56355.mp4', '/videos/56356.mp4', '/videos/56357.mp4', '/videos/56358.mp4', '/videos/56359.mp4', '/videos/56360.mp4']"
swimsuit,"['/videos/56367.mp4', '/videos/56368.mp4', '/videos/56369.mp4', '/videos/56370.mp4', '/videos/56371.mp4', '/videos/56372.mp4', '/videos/56373.mp4', '/videos/56374.mp4']"
swing,"['/videos/56387.mp4', '/videos/67273.mp4', '/videos/56388.mp4', '/videos/56389.mp4', '/videos/56390.mp4', '/videos/56391.mp4', '/videos/56392.mp4', '/videos/56393.mp4', '/videos/56394.mp4']"
switzerland,"['/videos/56422.mp4', '/videos/56423.mp4', '/videos/56424.mp4', '/videos/56425.mp4', '/videos/56426.mp4', '/videos/56427.mp4', '/videos/56428.mp4', '/videos/56429.mp4', '/videos/56430.mp4']"
symbol,"['/videos/56460.mp4', '/videos/56468.mp4', '/videos/56469.mp4', '/videos/56471.mp4', '/videos/56461.mp4', '/videos/56462.mp4', '/videos/56463.mp4', '/videos/56464.mp4', '/videos/56465.mp4', '/videos/56466.mp4']"
sympathy,"['/videos/56480.mp4', '/videos/67274.mp4', '/videos/56481.mp4', '/videos/56482.mp4', '/videos/56483.mp4', '/videos/56485.mp4', '/videos/56487.mp4', '/videos/56488.mp4']"
t,"['/videos/56546.mp4', '/videos/66058.mp4', '/videos/58323.mp4', '/videos/58324.mp4', '/videos/58325.mp4', '/videos/58326.mp4', '/videos/58327.mp4']"
table,"['/videos/56552.mp4', '/videos/70323.mp4', '/videos/68972.mp4', '/videos/56573.mp4', '/videos/56574.mp4', '/videos/56557.mp4', '/videos/56576.mp4', '/videos/56577.mp4', '/videos/56578.mp4', '/videos/56579.mp4', '/videos/56558.mp4', '/videos/56556.mp4', '/videos/56560.mp4', '/videos/56563.mp4', '/videos/56564.mp4', '/videos/67275.mp4', '/videos/56566.mp4', '/videos/56567.mp4', '/videos/56568.mp4', '/videos/56569.mp4', '/videos/56571.mp4']"
take,"['/videos/56652.mp4', '/videos/69500.mp4', '/videos/68228.mp4', '/videos/56697.mp4', '/videos/56698.mp4', '/videos/56699.mp4', '/videos/56700.mp4', '/videos/56701.mp4', '/videos/56692.mp4', '/videos/56702.mp4', '/videos/56703.mp4', '/videos/56704.mp4', '/videos/56705.mp4', '/videos/56693.mp4', '/videos/56694.mp4', '/videos/56695.mp4', '/videos/56696.mp4']"
take turns,"['/videos/56762.mp4', '/videos/56763.mp4', '/videos/56764.mp4', '/videos/56765.mp4', '/videos/56766.mp4', '/videos/56767.mp4', '/videos/56768.mp4', '/videos/56769.mp4']"
take up,"['/videos/56770.mp4', '/videos/68816.mp4', '/videos/68164.mp4', '/videos/56771.mp4', '/videos/56772.mp4', '/videos/56773.mp4', '/videos/56774.mp4', '/videos/56775.mp4']"
tale,"['/videos/56779.mp4', '/videos/56780.mp4', '/videos/56781.mp4', '/videos/56782.mp4', '/videos/56783.mp4', '/videos/56784.mp4', '/videos/56785.mp4', '/videos/56786.mp4', '/videos/56787.mp4']"
talent,"['/videos/56788.mp4', '/videos/56792.mp4', '/videos/56793.mp4', '/videos/56794.mp4', '/videos/56795.mp4', '/videos/56797.mp4', '/videos/56798.mp4']"
talk,"['/videos/56800.mp4', '/videos/68165.mp4', '/videos/68868.mp4', '/videos/56828.mp4', '/videos/56829.mp4', '/videos/56830.mp4', '/videos/56813.mp4', '/videos/56816.mp4', '/videos/56811.mp4', '/videos/56819.mp4', '/videos/56820.mp4', '/videos/67277.mp4', '/videos/56821.mp4', '/videos/56827.mp4']"
tall,"['/videos/56835.mp4', '/videos/56851.mp4', '/videos/56852.mp4', '/videos/56838.mp4', '/videos/56839.mp4', '/videos/56840.mp4', '/videos/56841.mp4', '/videos/56842.mp4', '/videos/56843.mp4', '/videos/56844.mp4', '/videos/56845.mp4', '/videos/66591.mp4', '/videos/56846.mp4', '/videos/66592.mp4', '/videos/56837.mp4', '/videos/67278.mp4', '/videos/67279.mp4', '/videos/56848.mp4', '/videos/56849.mp4', '/videos/56850.mp4']"
tan,"['/videos/56870.mp4', '/videos/56874.mp4', '/videos/56875.mp4', '/videos/56876.mp4', '/videos/56877.mp4', '/videos/56878.mp4', '/videos/56879.mp4', '/videos/56880.mp4', '/videos/56881.mp4']"
taste,"['/videos/56969.mp4', '/videos/56970.mp4', '/videos/56971.mp4', '/videos/56972.mp4', '/videos/56973.mp4', '/videos/56974.mp4', '/videos/56975.mp4', '/videos/56976.mp4', '/videos/56977.mp4', '/videos/56978.mp4']"
tea,"['/videos/57034.mp4', '/videos/68412.mp4', '/videos/68168.mp4', '/videos/70034.mp4', '/videos/57082.mp4', '/videos/57083.mp4', '/videos/57084.mp4', '/videos/57085.mp4', '/videos/57076.mp4', '/videos/67280.mp4', '/videos/57086.mp4', '/videos/57087.mp4', '/videos/57077.mp4', '/videos/57078.mp4', '/videos/57079.mp4', '/videos/57080.mp4', '/videos/57081.mp4']"
teach,"['/videos/57035.mp4', '/videos/70204.mp4', '/videos/68167.mp4', '/videos/57065.mp4', '/videos/57066.mp4', '/videos/57067.mp4', '/videos/57058.mp4', '/videos/67281.mp4', '/videos/57068.mp4', '/videos/57059.mp4', '/videos/57060.mp4', '/videos/57061.mp4', '/videos/57062.mp4', '/videos/57063.mp4', '/videos/57064.mp4']"
teacher,"['/videos/57037.mp4', '/videos/68166.mp4', '/videos/57043.mp4', '/videos/57044.mp4', '/videos/57045.mp4', '/videos/57046.mp4', '/videos/57047.mp4', '/videos/57048.mp4', '/videos/66593.mp4', '/videos/57039.mp4', '/videos/67282.mp4', '/videos/57049.mp4', '/videos/57050.mp4', '/videos/57051.mp4', '/videos/57040.mp4', '/videos/57041.mp4', '/videos/57042.mp4']"
team,"['/videos/57089.mp4', '/videos/57098.mp4', '/videos/57099.mp4', '/videos/57090.mp4', '/videos/57091.mp4', '/videos/57092.mp4', '/videos/57093.mp4', '/videos/57094.mp4', '/videos/57096.mp4', '/videos/57097.mp4']"
tease,"['/videos/57131.mp4', '/videos/57139.mp4', '/videos/57140.mp4', '/videos/67284.mp4', '/videos/57141.mp4', '/videos/57132.mp4', '/videos/57133.mp4', '/videos/57134.mp4', '/videos/57135.mp4', '/videos/57136.mp4', '/videos/57137.mp4', '/videos/57138.mp4']"
technology,"['/videos/57168.mp4', '/videos/57169.mp4', '/videos/57170.mp4', '/videos/57171.mp4', '/videos/57172.mp4', '/videos/57173.mp4', '/videos/57174.mp4', '/videos/57175.mp4']"
teeth,"['/videos/57203.mp4', '/videos/57205.mp4', '/videos/67285.mp4', '/videos/57206.mp4', '/videos/57207.mp4', '/videos/57208.mp4', '/videos/57209.mp4', '/videos/57210.mp4', '/videos/57211.mp4']"
telephone,"['/videos/57235.mp4', '/videos/67286.mp4', '/videos/57236.mp4', '/videos/57237.mp4', '/videos/57238.mp4', '/videos/57239.mp4', '/videos/57240.mp4', '/videos/57241.mp4', '/videos/57242.mp4', '/videos/57243.mp4']"
telescope,"['/videos/57251.mp4', '/videos/57252.mp4', '/videos/57253.mp4', '/videos/57254.mp4', '/videos/57255.mp4', '/videos/57256.mp4', '/videos/57257.mp4']"
television,"['/videos/57260.mp4', '/videos/57268.mp4', '/videos/57269.mp4', '/videos/57271.mp4', '/videos/57261.mp4', '/videos/57262.mp4', '/videos/57263.mp4', '/videos/57264.mp4', '/videos/57265.mp4', '/videos/57266.mp4', '/videos/57267.mp4']"
tell,"['/videos/57273.mp4', '/videos/57278.mp4', '/videos/57279.mp4', '/videos/57280.mp4', '/videos/57281.mp4', '/videos/57282.mp4', '/videos/57283.mp4', '/videos/57284.mp4', '/videos/57285.mp4', '/videos/57276.mp4', '/videos/67287.mp4', '/videos/57286.mp4', '/videos/57287.mp4', '/videos/57288.mp4', '/videos/57289.mp4', '/videos/57290.mp4', '/videos/57291.mp4', '/videos/57277.mp4']"
temperature,"['/videos/57298.mp4', '/videos/57305.mp4', '/videos/57306.mp4', '/videos/57307.mp4', '/videos/57308.mp4', '/videos/57309.mp4', '/videos/57300.mp4', '/videos/57310.mp4', '/videos/57312.mp4', '/videos/57313.mp4', '/videos/57301.mp4', '/videos/57302.mp4', '/videos/57303.mp4', '/videos/57304.mp4']"
temple,"['/videos/57321.mp4', '/videos/70056.mp4', '/videos/57322.mp4', '/videos/57323.mp4', '/videos/57324.mp4', '/videos/57327.mp4', '/videos/57328.mp4', '/videos/57329.mp4']"
tempt,"['/videos/57344.mp4', '/videos/57349.mp4', '/videos/57350.mp4', '/videos/57351.mp4', '/videos/57352.mp4', '/videos/57353.mp4', '/videos/57354.mp4']"
ten,"['/videos/57391.mp4', '/videos/57392.mp4', '/videos/57393.mp4', '/videos/57394.mp4', '/videos/57395.mp4', '/videos/57396.mp4', '/videos/57397.mp4']"
tend,"['/videos/57361.mp4', '/videos/57378.mp4', '/videos/57379.mp4', '/videos/57380.mp4', '/videos/57381.mp4', '/videos/57382.mp4', '/videos/57385.mp4']"
tender,"['/videos/57367.mp4', '/videos/57368.mp4', '/videos/57369.mp4', '/videos/57370.mp4', '/videos/57371.mp4', '/videos/57373.mp4', '/videos/57374.mp4', '/videos/57375.mp4']"
tennis,"['/videos/57408.mp4', '/videos/57410.mp4', '/videos/67289.mp4', '/videos/57411.mp4', '/videos/57412.mp4', '/videos/57413.mp4', '/videos/57414.mp4', '/videos/57415.mp4', '/videos/57416.mp4', '/videos/57417.mp4']"
tent,"['/videos/57430.mp4', '/videos/69501.mp4', '/videos/57443.mp4', '/videos/57444.mp4', '/videos/57445.mp4', '/videos/57436.mp4', '/videos/57446.mp4', '/videos/57447.mp4', '/videos/57437.mp4', '/videos/57438.mp4', '/videos/57439.mp4', '/videos/57440.mp4', '/videos/57441.mp4', '/videos/57442.mp4']"
terrible,"['/videos/57482.mp4', '/videos/57491.mp4', '/videos/57492.mp4', '/videos/57483.mp4', '/videos/57484.mp4', '/videos/57486.mp4', '/videos/57487.mp4', '/videos/57488.mp4', '/videos/57489.mp4']"
test,"['/videos/57519.mp4', '/videos/57530.mp4', '/videos/57531.mp4', '/videos/57532.mp4', '/videos/57533.mp4', '/videos/57534.mp4', '/videos/57535.mp4', '/videos/57536.mp4', '/videos/57527.mp4', '/videos/67290.mp4', '/videos/57537.mp4', '/videos/57539.mp4', '/videos/57540.mp4', '/videos/57541.mp4', '/videos/57528.mp4', '/videos/57529.mp4']"
testify,"['/videos/57542.mp4', '/videos/57551.mp4', '/videos/57552.mp4', '/videos/57543.mp4', '/videos/57545.mp4', '/videos/57546.mp4', '/videos/57548.mp4']"
texas,"['/videos/57566.mp4', '/videos/57567.mp4', '/videos/57568.mp4', '/videos/57569.mp4', '/videos/57570.mp4', '/videos/57571.mp4', '/videos/57572.mp4']"
text,"['/videos/57584.mp4', '/videos/66595.mp4', '/videos/66596.mp4', '/videos/67291.mp4', '/videos/57579.mp4', '/videos/57580.mp4', '/videos/57582.mp4']"
thailand,"['/videos/57596.mp4', '/videos/57597.mp4', '/videos/57598.mp4', '/videos/57599.mp4', '/videos/57600.mp4', '/videos/57601.mp4', '/videos/57602.mp4', '/videos/57603.mp4']"
than,"['/videos/57604.mp4', '/videos/66597.mp4', '/videos/57605.mp4', '/videos/57606.mp4', '/videos/57607.mp4', '/videos/57609.mp4', '/videos/57610.mp4']"
thank you,"['/videos/57653.mp4', '/videos/69502.mp4', '/videos/68796.mp4', '/videos/57663.mp4', '/videos/57664.mp4', '/videos/66598.mp4', '/videos/57655.mp4', '/videos/57665.mp4', '/videos/57666.mp4', '/videos/57667.mp4', '/videos/57656.mp4', '/videos/57657.mp4', '/videos/57658.mp4', '/videos/57659.mp4']"
thankful,"['/videos/57611.mp4', '/videos/57612.mp4', '/videos/57613.mp4', '/videos/57614.mp4', '/videos/57615.mp4', '/videos/57616.mp4', '/videos/57617.mp4', '/videos/57618.mp4', '/videos/57619.mp4']"
thanksgiving,"['/videos/69092.mp4', '/videos/57645.mp4', '/videos/57646.mp4', '/videos/57628.mp4', '/videos/57647.mp4', '/videos/57629.mp4', '/videos/57630.mp4', '/videos/57631.mp4', '/videos/57632.mp4', '/videos/57633.mp4', '/videos/57634.mp4', '/videos/67292.mp4', '/videos/57635.mp4', '/videos/57636.mp4', '/videos/57637.mp4', '/videos/57638.mp4', '/videos/57639.mp4', '/videos/57640.mp4', '/videos/57641.mp4', '/videos/57642.mp4', '/videos/57643.mp4']"
that,"['/videos/57669.mp4', '/videos/57677.mp4', '/videos/57674.mp4', '/videos/57675.mp4', '/videos/66599.mp4', '/videos/67294.mp4', '/videos/57670.mp4', '/videos/57678.mp4', '/videos/57671.mp4', '/videos/57679.mp4', '/videos/57680.mp4', '/videos/57673.mp4']"
theater,"['/videos/57705.mp4', '/videos/69026.mp4', '/videos/67298.mp4', '/videos/57706.mp4', '/videos/57707.mp4', '/videos/57709.mp4', '/videos/57711.mp4', '/videos/57712.mp4']"
their,"['/videos/57724.mp4', '/videos/57733.mp4', '/videos/57725.mp4', '/videos/57726.mp4', '/videos/57727.mp4', '/videos/57728.mp4', '/videos/57729.mp4', '/videos/57730.mp4', '/videos/57731.mp4', '/videos/57732.mp4']"
them,"['/videos/57742.mp4', '/videos/69503.mp4', '/videos/57751.mp4', '/videos/57752.mp4', '/videos/57753.mp4', '/videos/57754.mp4', '/videos/57755.mp4', '/videos/57756.mp4']"
theme,"['/videos/57743.mp4', '/videos/57744.mp4', '/videos/57745.mp4', '/videos/57746.mp4', '/videos/57747.mp4', '/videos/57748.mp4', '/videos/57749.mp4', '/videos/57750.mp4']"
themselves,"['/videos/57757.mp4', '/videos/57765.mp4', '/videos/57766.mp4', '/videos/57767.mp4', '/videos/57768.mp4', '/videos/57758.mp4', '/videos/57759.mp4', '/videos/57760.mp4', '/videos/57761.mp4', '/videos/57762.mp4', '/videos/57763.mp4', '/videos/57764.mp4']"
then,"['/videos/57769.mp4', '/videos/68550.mp4', '/videos/66602.mp4', '/videos/57771.mp4', '/videos/57772.mp4', '/videos/57773.mp4', '/videos/57774.mp4', '/videos/57775.mp4', '/videos/57776.mp4', '/videos/57777.mp4']"
theory,"['/videos/57781.mp4', '/videos/57785.mp4', '/videos/57786.mp4', '/videos/57787.mp4', '/videos/57788.mp4', '/videos/57789.mp4', '/videos/66603.mp4', '/videos/66604.mp4', '/videos/57791.mp4', '/videos/57792.mp4', '/videos/57793.mp4', '/videos/57794.mp4', '/videos/57782.mp4', '/videos/57783.mp4', '/videos/57784.mp4']"
therapy,"['/videos/57801.mp4', '/videos/57807.mp4', '/videos/57808.mp4', '/videos/57809.mp4', '/videos/66605.mp4', '/videos/57811.mp4', '/videos/57812.mp4', '/videos/57802.mp4', '/videos/57803.mp4', '/videos/57804.mp4', '/videos/57805.mp4', '/videos/57806.mp4']"
there,"['/videos/57815.mp4', '/videos/70223.mp4', '/videos/57831.mp4', '/videos/57832.mp4', '/videos/57833.mp4', '/videos/57834.mp4', '/videos/57825.mp4', '/videos/67293.mp4', '/videos/57826.mp4', '/videos/57827.mp4', '/videos/57828.mp4', '/videos/57829.mp4', '/videos/57830.mp4']"
therefore,"['/videos/57818.mp4', '/videos/57819.mp4', '/videos/57820.mp4', '/videos/57821.mp4', '/videos/57822.mp4', '/videos/57823.mp4', '/videos/57824.mp4']"
thermometer,"['/videos/57837.mp4', '/videos/57846.mp4', '/videos/67295.mp4', '/videos/57849.mp4', '/videos/57850.mp4', '/videos/57840.mp4', '/videos/57841.mp4', '/videos/57842.mp4', '/videos/57843.mp4']"
they,"['/videos/57873.mp4', '/videos/57882.mp4', '/videos/57883.mp4', '/videos/57874.mp4', '/videos/57875.mp4', '/videos/57876.mp4', '/videos/57877.mp4', '/videos/57880.mp4', '/videos/57881.mp4']"
thick,"['/videos/57899.mp4', '/videos/57890.mp4', '/videos/57900.mp4', '/videos/57901.mp4', '/videos/57892.mp4', '/videos/57893.mp4', '/videos/57894.mp4', '/videos/57896.mp4']"
thin,"['/videos/57919.mp4', '/videos/57948.mp4', '/videos/57949.mp4', '/videos/57950.mp4', '/videos/57952.mp4', '/videos/57934.mp4', '/videos/57953.mp4', '/videos/57935.mp4', '/videos/57936.mp4', '/videos/57937.mp4', '/videos/66606.mp4', '/videos/57939.mp4', '/videos/57940.mp4', '/videos/57941.mp4', '/videos/57942.mp4', '/videos/66607.mp4', '/videos/57933.mp4', '/videos/67299.mp4', '/videos/57943.mp4', '/videos/57944.mp4', '/videos/57945.mp4', '/videos/57947.mp4']"
thing,"['/videos/57921.mp4', '/videos/69504.mp4', '/videos/66608.mp4', '/videos/57922.mp4', '/videos/57923.mp4', '/videos/57924.mp4', '/videos/57925.mp4', '/videos/57926.mp4', '/videos/57927.mp4', '/videos/57928.mp4']"
think,"['/videos/57954.mp4', '/videos/69505.mp4', '/videos/57980.mp4', '/videos/57981.mp4', '/videos/57982.mp4', '/videos/66609.mp4', '/videos/57973.mp4', '/videos/67300.mp4', '/videos/57974.mp4', '/videos/57975.mp4', '/videos/57976.mp4', '/videos/57977.mp4', '/videos/57978.mp4', '/videos/57979.mp4']"
third,"['/videos/58000.mp4', '/videos/58013.mp4', '/videos/58014.mp4', '/videos/66614.mp4', '/videos/58015.mp4', '/videos/58016.mp4', '/videos/58006.mp4', '/videos/58007.mp4', '/videos/58008.mp4', '/videos/58009.mp4']"
thirsty,"['/videos/58023.mp4', '/videos/69506.mp4', '/videos/58031.mp4', '/videos/66615.mp4', '/videos/67303.mp4', '/videos/58024.mp4', '/videos/58025.mp4', '/videos/58026.mp4', '/videos/58027.mp4', '/videos/58028.mp4', '/videos/58029.mp4', '/videos/58030.mp4']"
this,"['/videos/58070.mp4', '/videos/69507.mp4', '/videos/58077.mp4', '/videos/58079.mp4', '/videos/66628.mp4', '/videos/58080.mp4', '/videos/58072.mp4', '/videos/58074.mp4']"
thousand,"['/videos/58131.mp4', '/videos/66629.mp4', '/videos/58132.mp4', '/videos/58133.mp4', '/videos/58134.mp4', '/videos/58135.mp4', '/videos/58136.mp4', '/videos/58137.mp4', '/videos/58138.mp4', '/videos/58139.mp4']"
three,"['/videos/69508.mp4', '/videos/66630.mp4', '/videos/58182.mp4', '/videos/67304.mp4', '/videos/58183.mp4', '/videos/58184.mp4', '/videos/58185.mp4', '/videos/58186.mp4', '/videos/58187.mp4', '/videos/58188.mp4']"
thrill,"['/videos/58236.mp4', '/videos/66634.mp4', '/videos/58243.mp4', '/videos/58244.mp4', '/videos/58245.mp4', '/videos/58246.mp4', '/videos/58247.mp4']"
throat,"['/videos/58251.mp4', '/videos/58252.mp4', '/videos/58253.mp4', '/videos/58254.mp4', '/videos/58255.mp4', '/videos/58256.mp4', '/videos/58257.mp4', '/videos/58258.mp4']"
through,"['/videos/58273.mp4', '/videos/58274.mp4', '/videos/58275.mp4', '/videos/58276.mp4', '/videos/58277.mp4', '/videos/58278.mp4', '/videos/58279.mp4', '/videos/58280.mp4', '/videos/58281.mp4']"
throw,"['/videos/58286.mp4', '/videos/68560.mp4', '/videos/58299.mp4', '/videos/58300.mp4', '/videos/58301.mp4', '/videos/58302.mp4', '/videos/66636.mp4', '/videos/58293.mp4', '/videos/67305.mp4', '/videos/58303.mp4', '/videos/58294.mp4', '/videos/58295.mp4', '/videos/58296.mp4', '/videos/58297.mp4']"
thursday,"['/videos/58359.mp4', '/videos/70026.mp4', '/videos/58362.mp4', '/videos/58363.mp4', '/videos/58364.mp4', '/videos/58365.mp4', '/videos/58366.mp4', '/videos/58367.mp4', '/videos/58368.mp4', '/videos/66637.mp4', '/videos/66638.mp4', '/videos/66639.mp4', '/videos/66640.mp4', '/videos/67306.mp4', '/videos/58369.mp4', '/videos/58370.mp4', '/videos/58360.mp4', '/videos/58361.mp4']"
ticket,"['/videos/58384.mp4', '/videos/58395.mp4', '/videos/58396.mp4', '/videos/58387.mp4', '/videos/58397.mp4', '/videos/58388.mp4', '/videos/58389.mp4', '/videos/58390.mp4', '/videos/58391.mp4', '/videos/58392.mp4', '/videos/58393.mp4', '/videos/58394.mp4']"
tie,"['/videos/66642.mp4', '/videos/68169.mp4', '/videos/58430.mp4', '/videos/58432.mp4', '/videos/58434.mp4', '/videos/58435.mp4', '/videos/58437.mp4', '/videos/58439.mp4', '/videos/58427.mp4', '/videos/58428.mp4']"
tiger,"['/videos/58443.mp4', '/videos/69510.mp4', '/videos/70108.mp4', '/videos/58452.mp4', '/videos/66643.mp4', '/videos/67308.mp4', '/videos/58444.mp4', '/videos/58445.mp4', '/videos/58446.mp4', '/videos/58447.mp4', '/videos/58448.mp4', '/videos/58449.mp4', '/videos/58450.mp4']"
time,"['/videos/58488.mp4', '/videos/69511.mp4', '/videos/68294.mp4', '/videos/70356.mp4', '/videos/68171.mp4', '/videos/58502.mp4', '/videos/58503.mp4', '/videos/58504.mp4', '/videos/58505.mp4', '/videos/58506.mp4', '/videos/66644.mp4', '/videos/58497.mp4', '/videos/67309.mp4', '/videos/58507.mp4', '/videos/58508.mp4', '/videos/58498.mp4', '/videos/58499.mp4', '/videos/58500.mp4', '/videos/58501.mp4']"
tiptoe,"['/videos/58574.mp4', '/videos/58575.mp4', '/videos/58576.mp4', '/videos/58577.mp4', '/videos/58578.mp4', '/videos/58579.mp4', '/videos/58580.mp4', '/videos/58581.mp4', '/videos/58582.mp4']"
tired,"['/videos/58588.mp4', '/videos/68488.mp4', '/videos/68172.mp4', '/videos/58594.mp4', '/videos/58595.mp4', '/videos/58596.mp4', '/videos/58597.mp4', '/videos/67310.mp4', '/videos/58598.mp4', '/videos/58599.mp4', '/videos/58600.mp4', '/videos/58589.mp4', '/videos/58590.mp4', '/videos/58591.mp4', '/videos/58592.mp4', '/videos/58593.mp4']"
tissue,"['/videos/58610.mp4', '/videos/66649.mp4', '/videos/58611.mp4', '/videos/58612.mp4', '/videos/58613.mp4', '/videos/58614.mp4', '/videos/58615.mp4', '/videos/58616.mp4']"
title,"['/videos/58619.mp4', '/videos/66650.mp4', '/videos/58620.mp4', '/videos/58621.mp4', '/videos/58622.mp4', '/videos/58623.mp4', '/videos/58624.mp4', '/videos/58625.mp4', '/videos/58626.mp4']"
to,"['/videos/58629.mp4', '/videos/58730.mp4', '/videos/58721.mp4', '/videos/58722.mp4', '/videos/58723.mp4', '/videos/58724.mp4', '/videos/58725.mp4', '/videos/58726.mp4', '/videos/58727.mp4', '/videos/58728.mp4', '/videos/58729.mp4']"
toast,"['/videos/66652.mp4', '/videos/58654.mp4', '/videos/58655.mp4', '/videos/58657.mp4', '/videos/58658.mp4', '/videos/58649.mp4', '/videos/67311.mp4', '/videos/58659.mp4', '/videos/58660.mp4', '/videos/58661.mp4', '/videos/58651.mp4', '/videos/58652.mp4', '/videos/58653.mp4']"
tobacco,"['/videos/58663.mp4', '/videos/67312.mp4', '/videos/58664.mp4', '/videos/58665.mp4', '/videos/58666.mp4', '/videos/58667.mp4', '/videos/58669.mp4']"
today,"['/videos/58676.mp4', '/videos/69512.mp4', '/videos/70346.mp4', '/videos/58684.mp4', '/videos/58685.mp4', '/videos/58686.mp4', '/videos/58687.mp4', '/videos/58677.mp4', '/videos/58678.mp4', '/videos/58679.mp4', '/videos/58680.mp4', '/videos/58681.mp4', '/videos/58682.mp4', '/videos/58683.mp4']"
together,"['/videos/58705.mp4', '/videos/58714.mp4', '/videos/66653.mp4', '/videos/58706.mp4', '/videos/58707.mp4', '/videos/58708.mp4', '/videos/58709.mp4', '/videos/58710.mp4', '/videos/58711.mp4', '/videos/58712.mp4', '/videos/58713.mp4']"
toilet,"['/videos/58731.mp4', '/videos/58738.mp4', '/videos/58739.mp4', '/videos/58740.mp4', '/videos/67313.mp4', '/videos/58741.mp4', '/videos/58742.mp4', '/videos/58732.mp4', '/videos/58733.mp4', '/videos/58734.mp4', '/videos/58735.mp4', '/videos/58736.mp4', '/videos/58737.mp4']"
toilet paper,"['/videos/58743.mp4', '/videos/58745.mp4', '/videos/58746.mp4', '/videos/58747.mp4', '/videos/58748.mp4', '/videos/58749.mp4', '/videos/58750.mp4']"
tolerate,"['/videos/58768.mp4', '/videos/58769.mp4', '/videos/58770.mp4', '/videos/58771.mp4', '/videos/58772.mp4', '/videos/58773.mp4', '/videos/58774.mp4']"
tomato,"['/videos/58782.mp4', '/videos/58789.mp4', '/videos/58790.mp4', '/videos/58791.mp4', '/videos/58792.mp4', '/videos/58793.mp4', '/videos/66654.mp4', '/videos/58784.mp4', '/videos/67314.mp4', '/videos/58794.mp4', '/videos/58795.mp4', '/videos/58785.mp4', '/videos/58786.mp4', '/videos/58787.mp4', '/videos/58788.mp4']"
tomorrow,"['/videos/58804.mp4', '/videos/70349.mp4', '/videos/58812.mp4', '/videos/58813.mp4', '/videos/66655.mp4', '/videos/58814.mp4', '/videos/58805.mp4', '/videos/58806.mp4', '/videos/58807.mp4', '/videos/58808.mp4', '/videos/58809.mp4', '/videos/58810.mp4', '/videos/58811.mp4']"
tongue,"['/videos/58819.mp4', '/videos/66656.mp4', '/videos/58822.mp4', '/videos/58824.mp4', '/videos/58825.mp4', '/videos/58826.mp4', '/videos/58828.mp4', '/videos/58829.mp4']"
tonight,"['/videos/58833.mp4', '/videos/58834.mp4', '/videos/58835.mp4', '/videos/58836.mp4', '/videos/58837.mp4', '/videos/58838.mp4', '/videos/58839.mp4', '/videos/58840.mp4']"
tooth,"['/videos/58886.mp4', '/videos/58908.mp4', '/videos/58909.mp4', '/videos/58910.mp4', '/videos/58911.mp4', '/videos/58912.mp4', '/videos/58913.mp4', '/videos/58914.mp4', '/videos/58915.mp4']"
toothbrush,"['/videos/58893.mp4', '/videos/58897.mp4', '/videos/66657.mp4', '/videos/67315.mp4', '/videos/58895.mp4', '/videos/58898.mp4', '/videos/58899.mp4', '/videos/58900.mp4', '/videos/58902.mp4']"
top,"['/videos/58933.mp4', '/videos/70165.mp4', '/videos/58943.mp4', '/videos/58944.mp4', '/videos/66658.mp4', '/videos/58935.mp4', '/videos/58936.mp4', '/videos/58937.mp4', '/videos/58938.mp4', '/videos/58939.mp4', '/videos/58940.mp4', '/videos/58942.mp4']"
topic,"['/videos/58945.mp4', '/videos/66659.mp4', '/videos/58946.mp4', '/videos/58947.mp4', '/videos/58948.mp4', '/videos/58949.mp4', '/videos/58950.mp4', '/videos/58951.mp4', '/videos/58952.mp4', '/videos/58953.mp4']"
tornado,"['/videos/58968.mp4', '/videos/58972.mp4', '/videos/58977.mp4', '/videos/67316.mp4', '/videos/58978.mp4', '/videos/58979.mp4', '/videos/58980.mp4', '/videos/58983.mp4']"
torture,"['/videos/59000.mp4', '/videos/59001.mp4', '/videos/59002.mp4', '/videos/59003.mp4', '/videos/59004.mp4', '/videos/59005.mp4', '/videos/59006.mp4']"
total,"['/videos/59028.mp4', '/videos/59032.mp4', '/videos/59033.mp4', '/videos/59034.mp4', '/videos/59035.mp4', '/videos/59036.mp4', '/videos/59037.mp4', '/videos/59038.mp4', '/videos/59039.mp4']"
touch,"['/videos/59044.mp4', '/videos/70327.mp4', '/videos/59051.mp4', '/videos/59052.mp4', '/videos/59053.mp4', '/videos/59054.mp4', '/videos/59055.mp4', '/videos/59056.mp4', '/videos/59057.mp4', '/videos/59058.mp4']"
tough,"['/videos/59070.mp4', '/videos/59079.mp4', '/videos/59080.mp4', '/videos/59081.mp4', '/videos/59082.mp4', '/videos/59071.mp4', '/videos/59072.mp4', '/videos/59073.mp4', '/videos/59075.mp4']"
tournament,"['/videos/59102.mp4', '/videos/67318.mp4', '/videos/59103.mp4', '/videos/59104.mp4', '/videos/59105.mp4', '/videos/59106.mp4', '/videos/59107.mp4', '/videos/59108.mp4', '/videos/59109.mp4', '/videos/59110.mp4']"
towel,"['/videos/59120.mp4', '/videos/59122.mp4', '/videos/59123.mp4', '/videos/59124.mp4', '/videos/59125.mp4', '/videos/59127.mp4', '/videos/59129.mp4']"
tower,"['/videos/59131.mp4', '/videos/59133.mp4', '/videos/59134.mp4', '/videos/59135.mp4', '/videos/59136.mp4', '/videos/59137.mp4', '/videos/59138.mp4', '/videos/59139.mp4']"
town,"['/videos/59143.mp4', '/videos/70191.mp4', '/videos/59154.mp4', '/videos/59155.mp4', '/videos/66661.mp4', '/videos/59146.mp4', '/videos/59147.mp4', '/videos/59148.mp4', '/videos/59149.mp4', '/videos/59150.mp4', '/videos/59151.mp4', '/videos/59152.mp4', '/videos/59153.mp4']"
trade,"['/videos/59203.mp4', '/videos/59206.mp4', '/videos/59207.mp4', '/videos/59208.mp4', '/videos/59209.mp4', '/videos/59210.mp4', '/videos/59211.mp4', '/videos/59212.mp4', '/videos/59213.mp4', '/videos/59214.mp4', '/videos/59215.mp4', '/videos/59216.mp4', '/videos/59218.mp4', '/videos/59219.mp4', '/videos/59204.mp4', '/videos/59205.mp4']"
tradition,"['/videos/59225.mp4', '/videos/59234.mp4', '/videos/59236.mp4', '/videos/66663.mp4', '/videos/59237.mp4', '/videos/59228.mp4', '/videos/59229.mp4', '/videos/59230.mp4', '/videos/59233.mp4']"
traffic,"['/videos/59238.mp4', '/videos/70179.mp4', '/videos/59248.mp4', '/videos/59249.mp4', '/videos/59250.mp4', '/videos/59251.mp4', '/videos/59252.mp4', '/videos/59254.mp4', '/videos/66664.mp4', '/videos/59246.mp4', '/videos/67317.mp4', '/videos/59256.mp4', '/videos/59258.mp4', '/videos/59259.mp4']"
train,"['/videos/59298.mp4', '/videos/68496.mp4', '/videos/59310.mp4', '/videos/59311.mp4', '/videos/59314.mp4', '/videos/59316.mp4', '/videos/66665.mp4', '/videos/59307.mp4', '/videos/67319.mp4', '/videos/59317.mp4', '/videos/59318.mp4', '/videos/59319.mp4', '/videos/59320.mp4', '/videos/59308.mp4', '/videos/59309.mp4']"
tranquil,"['/videos/59348.mp4', '/videos/59349.mp4', '/videos/59350.mp4', '/videos/59351.mp4', '/videos/59352.mp4', '/videos/59353.mp4', '/videos/59354.mp4', '/videos/59355.mp4']"
transfer,"['/videos/59366.mp4', '/videos/59372.mp4', '/videos/59373.mp4', '/videos/59374.mp4', '/videos/59375.mp4', '/videos/66667.mp4', '/videos/59376.mp4', '/videos/59378.mp4', '/videos/59367.mp4', '/videos/59368.mp4', '/videos/59369.mp4', '/videos/59370.mp4', '/videos/59371.mp4']"
transform,"['/videos/59379.mp4', '/videos/59383.mp4', '/videos/59384.mp4', '/videos/59385.mp4', '/videos/59386.mp4', '/videos/59387.mp4', '/videos/59388.mp4', '/videos/59389.mp4']"
translate,"['/videos/59404.mp4', '/videos/59411.mp4', '/videos/66669.mp4', '/videos/66670.mp4', '/videos/67320.mp4', '/videos/59405.mp4', '/videos/59406.mp4', '/videos/59407.mp4', '/videos/59408.mp4', '/videos/59409.mp4', '/videos/59410.mp4']"
travel,"['/videos/59479.mp4', '/videos/68478.mp4', '/videos/68173.mp4', '/videos/59500.mp4', '/videos/59501.mp4', '/videos/59502.mp4', '/videos/59503.mp4', '/videos/59504.mp4', '/videos/66672.mp4', '/videos/59495.mp4', '/videos/67323.mp4', '/videos/59505.mp4', '/videos/59506.mp4', '/videos/59496.mp4', '/videos/59497.mp4', '/videos/59499.mp4']"
tree,"['/videos/59540.mp4', '/videos/59553.mp4', '/videos/59554.mp4', '/videos/59555.mp4', '/videos/66673.mp4', '/videos/59546.mp4', '/videos/67322.mp4', '/videos/59547.mp4', '/videos/59548.mp4', '/videos/59549.mp4', '/videos/59550.mp4', '/videos/59551.mp4', '/videos/59552.mp4']"
triangle,"['/videos/59596.mp4', '/videos/59602.mp4', '/videos/59603.mp4', '/videos/59604.mp4', '/videos/59605.mp4', '/videos/59607.mp4', '/videos/59608.mp4', '/videos/59609.mp4', '/videos/59597.mp4', '/videos/59598.mp4', '/videos/59599.mp4']"
trip,"['/videos/59672.mp4', '/videos/59673.mp4', '/videos/59666.mp4', '/videos/59668.mp4', '/videos/59669.mp4', '/videos/59670.mp4', '/videos/59671.mp4']"
trophy,"['/videos/59722.mp4', '/videos/67325.mp4', '/videos/59723.mp4', '/videos/59724.mp4', '/videos/59725.mp4', '/videos/59726.mp4', '/videos/59727.mp4', '/videos/59728.mp4', '/videos/59729.mp4']"
trouble,"['/videos/59734.mp4', '/videos/59741.mp4', '/videos/59742.mp4', '/videos/59743.mp4', '/videos/66676.mp4', '/videos/59744.mp4', '/videos/59735.mp4', '/videos/59736.mp4', '/videos/59740.mp4']"
truck,"['/videos/59760.mp4', '/videos/59770.mp4', '/videos/59771.mp4', '/videos/59772.mp4', '/videos/59773.mp4', '/videos/66677.mp4', '/videos/66678.mp4', '/videos/59764.mp4', '/videos/59774.mp4', '/videos/59765.mp4', '/videos/59766.mp4', '/videos/59767.mp4', '/videos/59768.mp4']"
true,"['/videos/59783.mp4', '/videos/59791.mp4', '/videos/67326.mp4', '/videos/59792.mp4', '/videos/59793.mp4', '/videos/59794.mp4', '/videos/59795.mp4', '/videos/59796.mp4', '/videos/59797.mp4']"
trust,"['/videos/59827.mp4', '/videos/59829.mp4', '/videos/59830.mp4', '/videos/59831.mp4', '/videos/59832.mp4', '/videos/59833.mp4', '/videos/59834.mp4', '/videos/59835.mp4', '/videos/59836.mp4']"
truth,"['/videos/59839.mp4', '/videos/59840.mp4', '/videos/59841.mp4', '/videos/59842.mp4', '/videos/59843.mp4', '/videos/59845.mp4', '/videos/59846.mp4']"
try,"['/videos/59847.mp4', '/videos/59854.mp4', '/videos/66680.mp4', '/videos/66681.mp4', '/videos/67327.mp4', '/videos/59848.mp4', '/videos/59849.mp4', '/videos/59850.mp4', '/videos/59851.mp4', '/videos/59853.mp4']"
tuesday,"['/videos/59902.mp4', '/videos/70024.mp4', '/videos/59909.mp4', '/videos/59910.mp4', '/videos/59911.mp4', '/videos/59912.mp4', '/videos/59913.mp4', '/videos/59903.mp4', '/videos/59904.mp4', '/videos/59905.mp4', '/videos/59906.mp4', '/videos/59907.mp4']"
turkey,"['/videos/59953.mp4', '/videos/59954.mp4', '/videos/59956.mp4', '/videos/59958.mp4', '/videos/59959.mp4', '/videos/66683.mp4', '/videos/67328.mp4', '/videos/59961.mp4', '/videos/59963.mp4', '/videos/59965.mp4', '/videos/59966.mp4', '/videos/59952.mp4']"
turn,"['/videos/59969.mp4', '/videos/66684.mp4', '/videos/59989.mp4', '/videos/59991.mp4', '/videos/59992.mp4', '/videos/59993.mp4', '/videos/59996.mp4']"
turtle,"['/videos/60043.mp4', '/videos/60052.mp4', '/videos/67330.mp4', '/videos/60044.mp4', '/videos/60045.mp4', '/videos/60046.mp4', '/videos/60047.mp4', '/videos/60048.mp4', '/videos/60049.mp4', '/videos/60050.mp4', '/videos/60051.mp4']"
tutor,"['/videos/60056.mp4', '/videos/60057.mp4', '/videos/60058.mp4', '/videos/60059.mp4', '/videos/60060.mp4', '/videos/60061.mp4', '/videos/60062.mp4', '/videos/60064.mp4']"
tv,"['/videos/69520.mp4', '/videos/68518.mp4', '/videos/60072.mp4', '/videos/67329.mp4', '/videos/60073.mp4', '/videos/60074.mp4', '/videos/60075.mp4']"
twin,"['/videos/68438.mp4', '/videos/60164.mp4', '/videos/60155.mp4', '/videos/60156.mp4', '/videos/60157.mp4', '/videos/60159.mp4', '/videos/60161.mp4', '/videos/60162.mp4']"
two,"['/videos/69521.mp4', '/videos/60220.mp4', '/videos/67331.mp4', '/videos/60221.mp4', '/videos/60222.mp4', '/videos/60223.mp4', '/videos/60224.mp4', '/videos/60225.mp4', '/videos/60226.mp4', '/videos/60227.mp4']"
type,"['/videos/60304.mp4', '/videos/67332.mp4', '/videos/60305.mp4', '/videos/60306.mp4', '/videos/60307.mp4', '/videos/60308.mp4', '/videos/60309.mp4', '/videos/60310.mp4', '/videos/60311.mp4', '/videos/60312.mp4']"
u,"['/videos/60338.mp4', '/videos/66059.mp4', '/videos/60358.mp4', '/videos/60359.mp4', '/videos/60360.mp4', '/videos/60361.mp4', '/videos/60362.mp4']"
ugly,"['/videos/60345.mp4', '/videos/70256.mp4', '/videos/60351.mp4', '/videos/60352.mp4', '/videos/60353.mp4', '/videos/60354.mp4', '/videos/67334.mp4', '/videos/60355.mp4', '/videos/60356.mp4', '/videos/60357.mp4', '/videos/60346.mp4', '/videos/60347.mp4', '/videos/60348.mp4', '/videos/60349.mp4', '/videos/60350.mp4']"
umbrella,"['/videos/60378.mp4', '/videos/66699.mp4', '/videos/67333.mp4', '/videos/60379.mp4', '/videos/60380.mp4', '/videos/60381.mp4', '/videos/60382.mp4', '/videos/60383.mp4', '/videos/60384.mp4', '/videos/60385.mp4']"
uncle,"['/videos/60450.mp4', '/videos/70331.mp4', '/videos/68498.mp4', '/videos/60465.mp4', '/videos/60457.mp4', '/videos/67335.mp4', '/videos/60458.mp4', '/videos/60459.mp4', '/videos/60460.mp4', '/videos/60461.mp4', '/videos/60462.mp4', '/videos/60463.mp4', '/videos/60464.mp4']"
under,"['/videos/60500.mp4', '/videos/70168.mp4', '/videos/60527.mp4', '/videos/60520.mp4', '/videos/60530.mp4', '/videos/60531.mp4', '/videos/60521.mp4', '/videos/60522.mp4', '/videos/60525.mp4']"
understand,"['/videos/60543.mp4', '/videos/60553.mp4', '/videos/70215.mp4', '/videos/60551.mp4', '/videos/66704.mp4', '/videos/67018.mp4', '/videos/60545.mp4', '/videos/60546.mp4', '/videos/60554.mp4', '/videos/60547.mp4', '/videos/60555.mp4', '/videos/60548.mp4', '/videos/60556.mp4', '/videos/60550.mp4']"
underwear,"['/videos/66705.mp4', '/videos/60572.mp4', '/videos/60571.mp4', '/videos/60574.mp4', '/videos/60575.mp4', '/videos/67019.mp4', '/videos/60576.mp4', '/videos/60578.mp4', '/videos/60579.mp4', '/videos/60583.mp4', '/videos/60580.mp4']"
unique,"['/videos/60701.mp4', '/videos/60702.mp4', '/videos/60703.mp4', '/videos/60704.mp4', '/videos/60705.mp4', '/videos/60708.mp4', '/videos/60709.mp4']"
united states,"['/videos/60720.mp4', '/videos/60730.mp4', '/videos/60722.mp4', '/videos/60723.mp4', '/videos/60724.mp4', '/videos/60728.mp4', '/videos/60729.mp4']"
university,"['/videos/60759.mp4', '/videos/60767.mp4', '/videos/60768.mp4', '/videos/66707.mp4', '/videos/67021.mp4', '/videos/60760.mp4', '/videos/60761.mp4', '/videos/60762.mp4', '/videos/60763.mp4', '/videos/60764.mp4', '/videos/60765.mp4', '/videos/60766.mp4']"
until,"['/videos/60850.mp4', '/videos/60858.mp4', '/videos/60859.mp4', '/videos/66708.mp4', '/videos/60860.mp4', '/videos/60851.mp4', '/videos/60852.mp4', '/videos/60853.mp4', '/videos/60854.mp4', '/videos/60855.mp4', '/videos/60856.mp4', '/videos/60857.mp4']"
up,"['/videos/60887.mp4', '/videos/69522.mp4', '/videos/60915.mp4', '/videos/66709.mp4', '/videos/60907.mp4', '/videos/60909.mp4', '/videos/60910.mp4', '/videos/60911.mp4', '/videos/60912.mp4', '/videos/60913.mp4', '/videos/60914.mp4']"
upset,"['/videos/60947.mp4', '/videos/60956.mp4', '/videos/66712.mp4', '/videos/66711.mp4', '/videos/60948.mp4', '/videos/60949.mp4', '/videos/60950.mp4', '/videos/60951.mp4', '/videos/60952.mp4', '/videos/60953.mp4', '/videos/60954.mp4']"
upstairs,"['/videos/60966.mp4', '/videos/60967.mp4', '/videos/60968.mp4', '/videos/60969.mp4', '/videos/60970.mp4', '/videos/60972.mp4', '/videos/60973.mp4']"
use,"['/videos/61031.mp4', '/videos/61060.mp4', '/videos/61061.mp4', '/videos/61062.mp4', '/videos/61063.mp4', '/videos/61065.mp4', '/videos/61056.mp4', '/videos/67022.mp4', '/videos/61066.mp4', '/videos/61067.mp4', '/videos/61068.mp4', '/videos/61070.mp4', '/videos/61057.mp4', '/videos/61058.mp4']"
v,"['/videos/61130.mp4', '/videos/66060.mp4', '/videos/61561.mp4', '/videos/61562.mp4', '/videos/61563.mp4', '/videos/61564.mp4', '/videos/61565.mp4']"
vacant,"['/videos/61134.mp4', '/videos/61135.mp4', '/videos/61136.mp4', '/videos/61137.mp4', '/videos/61138.mp4', '/videos/61139.mp4', '/videos/61140.mp4']"
vacation,"['/videos/61141.mp4', '/videos/68640.mp4', '/videos/61149.mp4', '/videos/61150.mp4', '/videos/66715.mp4', '/videos/67023.mp4', '/videos/61142.mp4', '/videos/61143.mp4', '/videos/61144.mp4', '/videos/61145.mp4', '/videos/61146.mp4', '/videos/61147.mp4', '/videos/61148.mp4']"
vague,"['/videos/61187.mp4', '/videos/61188.mp4', '/videos/61189.mp4', '/videos/61190.mp4', '/videos/61191.mp4', '/videos/61192.mp4', '/videos/61193.mp4']"
valley,"['/videos/61219.mp4', '/videos/61221.mp4', '/videos/61222.mp4', '/videos/61223.mp4', '/videos/61224.mp4', '/videos/61225.mp4', '/videos/61226.mp4']"
value,"['/videos/61232.mp4', '/videos/61240.mp4', '/videos/61241.mp4', '/videos/61233.mp4', '/videos/61236.mp4', '/videos/61237.mp4', '/videos/61238.mp4', '/videos/61239.mp4']"
vampire,"['/videos/66718.mp4', '/videos/61246.mp4', '/videos/61247.mp4', '/videos/61248.mp4', '/videos/61249.mp4', '/videos/61250.mp4', '/videos/61251.mp4']"
vegetable,"['/videos/61364.mp4', '/videos/66720.mp4', '/videos/67025.mp4', '/videos/61365.mp4', '/videos/61366.mp4', '/videos/61367.mp4', '/videos/61368.mp4', '/videos/61369.mp4', '/videos/61370.mp4', '/videos/61371.mp4']"
verb,"['/videos/61439.mp4', '/videos/61442.mp4', '/videos/67026.mp4', '/videos/61443.mp4', '/videos/61444.mp4', '/videos/61445.mp4', '/videos/61447.mp4', '/videos/61448.mp4', '/videos/61449.mp4']"
very,"['/videos/69523.mp4', '/videos/66722.mp4', '/videos/61509.mp4', '/videos/61510.mp4', '/videos/61511.mp4', '/videos/61512.mp4', '/videos/61515.mp4']"
vice president,"['/videos/61587.mp4', '/videos/61588.mp4', '/videos/61590.mp4', '/videos/61591.mp4', '/videos/61592.mp4', '/videos/61594.mp4', '/videos/61595.mp4']"
viewpoint,"['/videos/61696.mp4', '/videos/61697.mp4', '/videos/61698.mp4', '/videos/61699.mp4', '/videos/61700.mp4', '/videos/61701.mp4', '/videos/61702.mp4']"
violin,"['/videos/61737.mp4', '/videos/61745.mp4', '/videos/66729.mp4', '/videos/67029.mp4', '/videos/61738.mp4', '/videos/61739.mp4', '/videos/61740.mp4', '/videos/61741.mp4', '/videos/61742.mp4', '/videos/61743.mp4', '/videos/61744.mp4']"
visit,"['/videos/61804.mp4', '/videos/68248.mp4', '/videos/61807.mp4', '/videos/61808.mp4', '/videos/61809.mp4', '/videos/61810.mp4', '/videos/61811.mp4', '/videos/61812.mp4', '/videos/61813.mp4', '/videos/66731.mp4', '/videos/61814.mp4', '/videos/61815.mp4', '/videos/61816.mp4', '/videos/61817.mp4', '/videos/61818.mp4', '/videos/61819.mp4', '/videos/61805.mp4', '/videos/61806.mp4']"
visitor,"['/videos/61825.mp4', '/videos/66732.mp4', '/videos/61826.mp4', '/videos/61827.mp4', '/videos/61828.mp4', '/videos/61829.mp4', '/videos/61830.mp4', '/videos/61831.mp4']"
visualize,"['/videos/61845.mp4', '/videos/66733.mp4', '/videos/61846.mp4', '/videos/61848.mp4', '/videos/61849.mp4', '/videos/61850.mp4', '/videos/61851.mp4']"
vlog,"['/videos/66734.mp4', '/videos/61869.mp4', '/videos/61870.mp4', '/videos/61871.mp4', '/videos/61872.mp4', '/videos/61874.mp4', '/videos/61875.mp4']"
vocabulary,"['/videos/61878.mp4', '/videos/61885.mp4', '/videos/61886.mp4', '/videos/61887.mp4', '/videos/66735.mp4', '/videos/61888.mp4', '/videos/61889.mp4', '/videos/61879.mp4', '/videos/61881.mp4', '/videos/61882.mp4']"
voice,"['/videos/61913.mp4', '/videos/61919.mp4', '/videos/61920.mp4', '/videos/61921.mp4', '/videos/61922.mp4', '/videos/66736.mp4', '/videos/67031.mp4', '/videos/61923.mp4', '/videos/61924.mp4', '/videos/61914.mp4', '/videos/61915.mp4', '/videos/61916.mp4', '/videos/61917.mp4', '/videos/61918.mp4']"
volleyball,"['/videos/61946.mp4', '/videos/61953.mp4', '/videos/67030.mp4', '/videos/61947.mp4', '/videos/61948.mp4', '/videos/61950.mp4', '/videos/61952.mp4']"
volunteer,"['/videos/61965.mp4', '/videos/68378.mp4', '/videos/66739.mp4', '/videos/61966.mp4', '/videos/61967.mp4', '/videos/61968.mp4', '/videos/61969.mp4', '/videos/61970.mp4', '/videos/61971.mp4', '/videos/61972.mp4', '/videos/61973.mp4']"
vomit,"['/videos/61977.mp4', '/videos/61982.mp4', '/videos/61983.mp4', '/videos/61984.mp4', '/videos/61985.mp4', '/videos/61986.mp4', '/videos/67033.mp4', '/videos/61987.mp4', '/videos/61988.mp4', '/videos/61989.mp4', '/videos/61990.mp4', '/videos/61978.mp4', '/videos/61979.mp4', '/videos/61980.mp4']"
vote,"['/videos/61991.mp4', '/videos/61997.mp4', '/videos/61998.mp4', '/videos/61999.mp4', '/videos/62000.mp4', '/videos/67032.mp4', '/videos/62001.mp4', '/videos/62002.mp4', '/videos/62003.mp4', '/videos/61992.mp4', '/videos/61993.mp4', '/videos/61994.mp4', '/videos/61995.mp4', '/videos/61996.mp4']"
w,"['/videos/62032.mp4', '/videos/66061.mp4', '/videos/63274.mp4', '/videos/63275.mp4', '/videos/63276.mp4', '/videos/63277.mp4', '/videos/63278.mp4']"
wait,"['/videos/62077.mp4', '/videos/62113.mp4', '/videos/62098.mp4', '/videos/62100.mp4', '/videos/62101.mp4', '/videos/62102.mp4', '/videos/62103.mp4', '/videos/62104.mp4', '/videos/62105.mp4', '/videos/62106.mp4', '/videos/66740.mp4', '/videos/62097.mp4', '/videos/67034.mp4', '/videos/62107.mp4', '/videos/62109.mp4', '/videos/62110.mp4', '/videos/62111.mp4', '/videos/62112.mp4']"
waiter,"['/videos/62086.mp4', '/videos/70171.mp4', '/videos/67035.mp4', '/videos/62087.mp4', '/videos/62088.mp4', '/videos/62091.mp4', '/videos/62092.mp4', '/videos/62093.mp4']"
wake up,"['/videos/62142.mp4', '/videos/62145.mp4', '/videos/62143.mp4', '/videos/62146.mp4', '/videos/62147.mp4', '/videos/62148.mp4', '/videos/62149.mp4', '/videos/62150.mp4']"
walk,"['/videos/62152.mp4', '/videos/68852.mp4', '/videos/68918.mp4', '/videos/68177.mp4', '/videos/62173.mp4', '/videos/62174.mp4', '/videos/62175.mp4', '/videos/62159.mp4', '/videos/62160.mp4', '/videos/62163.mp4', '/videos/62164.mp4', '/videos/62165.mp4', '/videos/66743.mp4', '/videos/62166.mp4', '/videos/66742.mp4', '/videos/62158.mp4', '/videos/67036.mp4', '/videos/62168.mp4', '/videos/62169.mp4', '/videos/62170.mp4', '/videos/62171.mp4', '/videos/62172.mp4']"
wall,"['/videos/62187.mp4', '/videos/66744.mp4', '/videos/62196.mp4', '/videos/62197.mp4', '/videos/62198.mp4', '/videos/62199.mp4', '/videos/62200.mp4', '/videos/62202.mp4', '/videos/62203.mp4']"
wallet,"['/videos/66745.mp4', '/videos/62189.mp4', '/videos/62190.mp4', '/videos/62191.mp4', '/videos/62192.mp4', '/videos/62193.mp4', '/videos/62194.mp4', '/videos/62195.mp4']"
wander,"['/videos/67037.mp4', '/videos/62229.mp4', '/videos/62230.mp4', '/videos/62231.mp4', '/videos/62232.mp4', '/videos/62234.mp4', '/videos/62235.mp4', '/videos/62236.mp4']"
want,"['/videos/62241.mp4', '/videos/69524.mp4', '/videos/68178.mp4', '/videos/68540.mp4', '/videos/62246.mp4', '/videos/62247.mp4', '/videos/62248.mp4', '/videos/62249.mp4', '/videos/62250.mp4', '/videos/62251.mp4', '/videos/62253.mp4', '/videos/62244.mp4', '/videos/67038.mp4', '/videos/62254.mp4', '/videos/62256.mp4', '/videos/62257.mp4', '/videos/62258.mp4', '/videos/62259.mp4', '/videos/62245.mp4']"
war,"['/videos/62267.mp4', '/videos/62278.mp4', '/videos/62279.mp4', '/videos/62280.mp4', '/videos/62281.mp4', '/videos/62282.mp4', '/videos/66746.mp4', '/videos/62273.mp4', '/videos/67039.mp4', '/videos/62283.mp4', '/videos/62284.mp4', '/videos/62274.mp4', '/videos/62275.mp4', '/videos/62276.mp4', '/videos/62277.mp4']"
warm,"['/videos/62285.mp4', '/videos/62297.mp4', '/videos/62289.mp4', '/videos/67041.mp4', '/videos/62290.mp4', '/videos/62291.mp4', '/videos/62292.mp4', '/videos/62293.mp4', '/videos/62294.mp4', '/videos/62295.mp4', '/videos/62296.mp4']"
warn,"['/videos/62301.mp4', '/videos/62309.mp4', '/videos/66747.mp4', '/videos/67040.mp4', '/videos/62302.mp4', '/videos/62303.mp4', '/videos/62304.mp4', '/videos/62305.mp4', '/videos/62306.mp4', '/videos/62307.mp4', '/videos/62308.mp4']"
wash,"['/videos/62329.mp4', '/videos/62358.mp4', '/videos/62360.mp4', '/videos/62363.mp4', '/videos/62365.mp4', '/videos/62356.mp4', '/videos/62367.mp4', '/videos/62370.mp4', '/videos/62371.mp4', '/videos/62372.mp4', '/videos/62357.mp4']"
wash face,"['/videos/66748.mp4', '/videos/62343.mp4', '/videos/62344.mp4', '/videos/62345.mp4', '/videos/62346.mp4', '/videos/62347.mp4', '/videos/62348.mp4', '/videos/62349.mp4']"
washington,"['/videos/62384.mp4', '/videos/70137.mp4', '/videos/62393.mp4', '/videos/62394.mp4', '/videos/62395.mp4', '/videos/62396.mp4', '/videos/62398.mp4']"
waste,"['/videos/62422.mp4', '/videos/62430.mp4', '/videos/66750.mp4', '/videos/67043.mp4', '/videos/62423.mp4', '/videos/62424.mp4', '/videos/62425.mp4', '/videos/62426.mp4', '/videos/62427.mp4', '/videos/62428.mp4']"
watch,"['/videos/62458.mp4', '/videos/62440.mp4', '/videos/62443.mp4', '/videos/62444.mp4', '/videos/62445.mp4', '/videos/62439.mp4', '/videos/62447.mp4', '/videos/62448.mp4', '/videos/62452.mp4', '/videos/62453.mp4', '/videos/62454.mp4', '/videos/62455.mp4']"
water,"['/videos/62479.mp4', '/videos/68179.mp4', '/videos/70069.mp4', '/videos/68722.mp4', '/videos/62504.mp4', '/videos/62505.mp4', '/videos/62506.mp4', '/videos/62507.mp4', '/videos/62508.mp4', '/videos/66752.mp4', '/videos/62499.mp4', '/videos/67044.mp4', '/videos/62509.mp4', '/videos/62510.mp4', '/videos/62500.mp4', '/videos/62501.mp4', '/videos/62502.mp4', '/videos/62503.mp4']"
waterfall,"['/videos/62487.mp4', '/videos/62488.mp4', '/videos/62489.mp4', '/videos/62490.mp4', '/videos/62491.mp4', '/videos/62492.mp4', '/videos/62493.mp4']"
watermelon,"['/videos/62515.mp4', '/videos/62516.mp4', '/videos/62517.mp4', '/videos/62519.mp4', '/videos/62520.mp4', '/videos/62521.mp4', '/videos/62522.mp4', '/videos/62523.mp4', '/videos/62524.mp4']"
way,"['/videos/62569.mp4', '/videos/62577.mp4', '/videos/67046.mp4', '/videos/62570.mp4', '/videos/62571.mp4', '/videos/62572.mp4', '/videos/62573.mp4', '/videos/62575.mp4', '/videos/62576.mp4']"
we,"['/videos/62583.mp4', '/videos/69527.mp4', '/videos/66755.mp4', '/videos/62774.mp4', '/videos/62775.mp4', '/videos/62776.mp4', '/videos/62777.mp4', '/videos/62778.mp4', '/videos/62779.mp4', '/videos/62780.mp4']"
weak,"['/videos/62584.mp4', '/videos/70123.mp4', '/videos/62593.mp4', '/videos/67047.mp4', '/videos/62585.mp4', '/videos/62586.mp4', '/videos/62587.mp4', '/videos/62588.mp4', '/videos/62589.mp4', '/videos/62590.mp4', '/videos/62591.mp4', '/videos/62592.mp4']"
wear,"['/videos/62607.mp4', '/videos/62622.mp4', '/videos/66756.mp4', '/videos/62614.mp4', '/videos/67048.mp4', '/videos/62615.mp4', '/videos/62616.mp4', '/videos/62617.mp4', '/videos/62618.mp4', '/videos/62619.mp4']"
weather,"['/videos/62637.mp4', '/videos/62642.mp4', '/videos/62643.mp4', '/videos/62645.mp4', '/videos/62646.mp4', '/videos/67049.mp4', '/videos/62647.mp4', '/videos/62648.mp4', '/videos/62649.mp4', '/videos/62650.mp4', '/videos/62638.mp4', '/videos/62639.mp4', '/videos/62641.mp4']"
wedding,"['/videos/62684.mp4', '/videos/68468.mp4', '/videos/62697.mp4', '/videos/66757.mp4', '/videos/62689.mp4', '/videos/67050.mp4', '/videos/62690.mp4', '/videos/62691.mp4', '/videos/62692.mp4', '/videos/62693.mp4', '/videos/62694.mp4', '/videos/62695.mp4']"
wednesday,"['/videos/62706.mp4', '/videos/62712.mp4', '/videos/62713.mp4', '/videos/62714.mp4', '/videos/62715.mp4', '/videos/66758.mp4', '/videos/67051.mp4', '/videos/62716.mp4', '/videos/62717.mp4', '/videos/62707.mp4', '/videos/62708.mp4', '/videos/62709.mp4', '/videos/62710.mp4', '/videos/62711.mp4']"
week,"['/videos/62728.mp4', '/videos/68740.mp4', '/videos/70304.mp4', '/videos/62744.mp4', '/videos/62746.mp4', '/videos/62747.mp4', '/videos/62748.mp4', '/videos/62749.mp4', '/videos/66759.mp4', '/videos/62740.mp4', '/videos/67052.mp4', '/videos/62750.mp4', '/videos/62751.mp4', '/videos/62752.mp4', '/videos/62741.mp4', '/videos/62742.mp4', '/videos/62743.mp4']"
weekend,"['/videos/62729.mp4', '/videos/70377.mp4', '/videos/62737.mp4', '/videos/62738.mp4', '/videos/66761.mp4', '/videos/66760.mp4', '/videos/62730.mp4', '/videos/62731.mp4', '/videos/62732.mp4', '/videos/62733.mp4', '/videos/62734.mp4', '/videos/62735.mp4', '/videos/62736.mp4']"
weekly,"['/videos/62753.mp4', '/videos/68604.mp4', '/videos/62754.mp4', '/videos/62755.mp4', '/videos/62756.mp4', '/videos/62757.mp4', '/videos/62758.mp4', '/videos/62759.mp4', '/videos/62760.mp4', '/videos/62761.mp4']"
weigh,"['/videos/62781.mp4', '/videos/70104.mp4', '/videos/67053.mp4', '/videos/62782.mp4', '/videos/62783.mp4', '/videos/62784.mp4', '/videos/62785.mp4']"
weight,"['/videos/62790.mp4', '/videos/62791.mp4', '/videos/62792.mp4', '/videos/62793.mp4', '/videos/62794.mp4', '/videos/62795.mp4', '/videos/62796.mp4', '/videos/62797.mp4']"
weird,"['/videos/62817.mp4', '/videos/66762.mp4', '/videos/62818.mp4', '/videos/62819.mp4', '/videos/62820.mp4', '/videos/62821.mp4', '/videos/62822.mp4', '/videos/62823.mp4', '/videos/62824.mp4']"
welcome,"['/videos/62826.mp4', '/videos/62836.mp4', '/videos/62837.mp4', '/videos/66763.mp4', '/videos/66764.mp4', '/videos/62829.mp4', '/videos/62832.mp4', '/videos/62833.mp4', '/videos/62834.mp4', '/videos/62835.mp4']"
west,"['/videos/62901.mp4', '/videos/70186.mp4', '/videos/62913.mp4', '/videos/62914.mp4', '/videos/62915.mp4', '/videos/66765.mp4', '/videos/62906.mp4', '/videos/67055.mp4', '/videos/62907.mp4', '/videos/62908.mp4', '/videos/62909.mp4', '/videos/62910.mp4', '/videos/62911.mp4', '/videos/62912.mp4']"
wet,"['/videos/62921.mp4', '/videos/69529.mp4', '/videos/62928.mp4', '/videos/62929.mp4', '/videos/62930.mp4', '/videos/66767.mp4', '/videos/66766.mp4', '/videos/67056.mp4', '/videos/62922.mp4', '/videos/62923.mp4', '/videos/62924.mp4', '/videos/62925.mp4', '/videos/62926.mp4', '/videos/62927.mp4']"
whale,"['/videos/69530.mp4', '/videos/62942.mp4', '/videos/62933.mp4', '/videos/62934.mp4', '/videos/62936.mp4', '/videos/62937.mp4', '/videos/62938.mp4', '/videos/62941.mp4']"
what,"['/videos/62944.mp4', '/videos/69531.mp4', '/videos/68330.mp4', '/videos/62967.mp4', '/videos/62968.mp4', '/videos/62982.mp4', '/videos/62970.mp4', '/videos/62984.mp4', '/videos/62971.mp4', '/videos/66769.mp4', '/videos/67057.mp4', '/videos/62986.mp4', '/videos/62973.mp4', '/videos/62987.mp4', '/videos/62964.mp4', '/videos/67058.mp4', '/videos/62988.mp4', '/videos/62975.mp4', '/videos/62965.mp4', '/videos/62979.mp4', '/videos/62966.mp4']"
whatever,"['/videos/62951.mp4', '/videos/66772.mp4', '/videos/67060.mp4', '/videos/62952.mp4', '/videos/62953.mp4', '/videos/62954.mp4', '/videos/62955.mp4', '/videos/62956.mp4']"
wheelchair,"['/videos/63044.mp4', '/videos/63045.mp4', '/videos/63046.mp4', '/videos/63047.mp4', '/videos/63048.mp4', '/videos/63049.mp4', '/videos/63050.mp4']"
when,"['/videos/63062.mp4', '/videos/69532.mp4', '/videos/68372.mp4', '/videos/63071.mp4', '/videos/63072.mp4', '/videos/63075.mp4', '/videos/66773.mp4', '/videos/63066.mp4', '/videos/67064.mp4', '/videos/63076.mp4', '/videos/63077.mp4', '/videos/63067.mp4', '/videos/63069.mp4', '/videos/63070.mp4']"
where,"['/videos/63079.mp4', '/videos/68181.mp4', '/videos/68998.mp4', '/videos/63087.mp4', '/videos/63088.mp4', '/videos/63089.mp4', '/videos/63090.mp4', '/videos/66774.mp4', '/videos/63081.mp4', '/videos/67061.mp4', '/videos/63091.mp4', '/videos/63082.mp4', '/videos/63083.mp4', '/videos/63084.mp4', '/videos/63085.mp4']"
which,"['/videos/63102.mp4', '/videos/68382.mp4', '/videos/63111.mp4', '/videos/63112.mp4', '/videos/63113.mp4', '/videos/66775.mp4', '/videos/63104.mp4', '/videos/67062.mp4', '/videos/63105.mp4', '/videos/63106.mp4', '/videos/63107.mp4', '/videos/63108.mp4', '/videos/63109.mp4', '/videos/63110.mp4']"
while,"['/videos/63116.mp4', '/videos/66776.mp4', '/videos/63119.mp4', '/videos/63120.mp4', '/videos/63122.mp4', '/videos/63123.mp4', '/videos/63124.mp4', '/videos/63125.mp4', '/videos/63126.mp4']"
whistle,"['/videos/63185.mp4', '/videos/67065.mp4', '/videos/63186.mp4', '/videos/63187.mp4', '/videos/63188.mp4', '/videos/63189.mp4', '/videos/63190.mp4']"
white,"['/videos/63191.mp4', '/videos/69533.mp4', '/videos/68622.mp4', '/videos/68182.mp4', '/videos/70245.mp4', '/videos/63204.mp4', '/videos/63205.mp4', '/videos/63206.mp4', '/videos/63207.mp4', '/videos/63208.mp4', '/videos/63209.mp4', '/videos/63200.mp4', '/videos/63210.mp4', '/videos/63211.mp4', '/videos/63212.mp4', '/videos/63213.mp4', '/videos/63214.mp4', '/videos/63201.mp4', '/videos/63202.mp4', '/videos/63203.mp4']"
who,"['/videos/63219.mp4', '/videos/69534.mp4', '/videos/68890.mp4', '/videos/68183.mp4', '/videos/63239.mp4', '/videos/63240.mp4', '/videos/63241.mp4', '/videos/63242.mp4', '/videos/63226.mp4', '/videos/63227.mp4', '/videos/63228.mp4', '/videos/63229.mp4', '/videos/63230.mp4', '/videos/63231.mp4', '/videos/66778.mp4', '/videos/63232.mp4', '/videos/63233.mp4', '/videos/63234.mp4', '/videos/66779.mp4', '/videos/66780.mp4', '/videos/63225.mp4', '/videos/67066.mp4', '/videos/63236.mp4', '/videos/63237.mp4', '/videos/63238.mp4']"
why,"['/videos/63279.mp4', '/videos/70213.mp4', '/videos/63283.mp4', '/videos/63284.mp4', '/videos/63285.mp4', '/videos/63286.mp4', '/videos/63287.mp4', '/videos/63288.mp4', '/videos/66781.mp4', '/videos/67067.mp4', '/videos/63289.mp4', '/videos/63290.mp4', '/videos/63291.mp4', '/videos/63292.mp4', '/videos/63280.mp4', '/videos/63281.mp4', '/videos/63282.mp4']"
wide,"['/videos/63308.mp4', '/videos/66783.mp4', '/videos/63310.mp4', '/videos/63311.mp4', '/videos/63312.mp4', '/videos/63313.mp4', '/videos/63314.mp4', '/videos/63315.mp4', '/videos/63316.mp4']"
wife,"['/videos/63325.mp4', '/videos/70333.mp4', '/videos/68766.mp4', '/videos/63329.mp4', '/videos/63330.mp4', '/videos/63331.mp4', '/videos/63332.mp4', '/videos/63333.mp4', '/videos/63334.mp4', '/videos/66784.mp4', '/videos/66785.mp4', '/videos/67068.mp4', '/videos/63335.mp4', '/videos/63336.mp4', '/videos/63337.mp4', '/videos/63326.mp4', '/videos/63327.mp4', '/videos/63328.mp4']"
will,"['/videos/63358.mp4', '/videos/69536.mp4', '/videos/70350.mp4', '/videos/70292.mp4', '/videos/63363.mp4', '/videos/63364.mp4', '/videos/63369.mp4', '/videos/63370.mp4', '/videos/63371.mp4', '/videos/63372.mp4', '/videos/63374.mp4', '/videos/63360.mp4']"
willing,"['/videos/63376.mp4', '/videos/66788.mp4', '/videos/63377.mp4', '/videos/63378.mp4', '/videos/63379.mp4', '/videos/63380.mp4', '/videos/63381.mp4', '/videos/63382.mp4', '/videos/63383.mp4']"
win,"['/videos/66789.mp4', '/videos/68185.mp4', '/videos/63475.mp4', '/videos/63476.mp4', '/videos/63477.mp4', '/videos/63468.mp4', '/videos/67072.mp4', '/videos/63478.mp4', '/videos/63469.mp4', '/videos/63470.mp4', '/videos/63471.mp4', '/videos/63472.mp4', '/videos/63473.mp4', '/videos/63474.mp4']"
wind,"['/videos/63399.mp4', '/videos/70086.mp4', '/videos/63410.mp4', '/videos/66790.mp4', '/videos/63402.mp4', '/videos/63403.mp4', '/videos/63404.mp4', '/videos/63405.mp4', '/videos/63406.mp4', '/videos/63407.mp4', '/videos/63408.mp4', '/videos/63409.mp4']"
window,"['/videos/63415.mp4', '/videos/68184.mp4', '/videos/70265.mp4', '/videos/63423.mp4', '/videos/63424.mp4', '/videos/63425.mp4', '/videos/63426.mp4', '/videos/66791.mp4', '/videos/63417.mp4', '/videos/67069.mp4', '/videos/63427.mp4', '/videos/63418.mp4', '/videos/63419.mp4', '/videos/63420.mp4', '/videos/63421.mp4', '/videos/63422.mp4']"
wine,"['/videos/63447.mp4', '/videos/70070.mp4', '/videos/67071.mp4', '/videos/63448.mp4', '/videos/63449.mp4', '/videos/63450.mp4', '/videos/63451.mp4', '/videos/63452.mp4', '/videos/63453.mp4', '/videos/63454.mp4', '/videos/63455.mp4']"
winter,"['/videos/63494.mp4', '/videos/63503.mp4', '/videos/63504.mp4', '/videos/63495.mp4', '/videos/63496.mp4', '/videos/63497.mp4', '/videos/63499.mp4', '/videos/63500.mp4', '/videos/63501.mp4', '/videos/63502.mp4']"
wish,"['/videos/63555.mp4', '/videos/69538.mp4', '/videos/67074.mp4', '/videos/63556.mp4', '/videos/63557.mp4', '/videos/63560.mp4', '/videos/63561.mp4', '/videos/63562.mp4', '/videos/63563.mp4']"
with,"['/videos/63574.mp4', '/videos/69539.mp4', '/videos/68572.mp4', '/videos/68714.mp4', '/videos/68186.mp4', '/videos/63594.mp4', '/videos/63595.mp4', '/videos/63596.mp4', '/videos/66795.mp4', '/videos/63587.mp4', '/videos/67076.mp4', '/videos/63588.mp4', '/videos/63589.mp4', '/videos/63590.mp4', '/videos/63591.mp4', '/videos/63592.mp4', '/videos/63593.mp4']"
within,"['/videos/63597.mp4', '/videos/63598.mp4', '/videos/63599.mp4', '/videos/63600.mp4', '/videos/63601.mp4', '/videos/63602.mp4', '/videos/63603.mp4', '/videos/63604.mp4']"
without,"['/videos/63605.mp4', '/videos/63615.mp4', '/videos/66796.mp4', '/videos/63607.mp4', '/videos/63608.mp4', '/videos/63609.mp4', '/videos/63610.mp4', '/videos/63611.mp4', '/videos/63612.mp4', '/videos/63613.mp4']"
witness,"['/videos/63621.mp4', '/videos/63640.mp4', '/videos/63622.mp4', '/videos/63623.mp4', '/videos/63626.mp4', '/videos/63628.mp4', '/videos/63629.mp4', '/videos/63630.mp4', '/videos/63637.mp4', '/videos/63638.mp4', '/videos/63639.mp4']"
wolf,"['/videos/63650.mp4', '/videos/66797.mp4', '/videos/63653.mp4', '/videos/67077.mp4', '/videos/63654.mp4', '/videos/63655.mp4', '/videos/63656.mp4', '/videos/63657.mp4', '/videos/63658.mp4', '/videos/63659.mp4']"
woman,"['/videos/63662.mp4', '/videos/68187.mp4', '/videos/68764.mp4', '/videos/63679.mp4', '/videos/63665.mp4', '/videos/63666.mp4', '/videos/63667.mp4', '/videos/63668.mp4', '/videos/63669.mp4', '/videos/63670.mp4', '/videos/63671.mp4', '/videos/63672.mp4', '/videos/63673.mp4', '/videos/66798.mp4', '/videos/66799.mp4', '/videos/63664.mp4', '/videos/67078.mp4', '/videos/63675.mp4', '/videos/63676.mp4', '/videos/63677.mp4', '/videos/63678.mp4']"
wonder,"['/videos/63687.mp4', '/videos/63701.mp4', '/videos/66800.mp4', '/videos/63695.mp4', '/videos/67079.mp4', '/videos/63696.mp4', '/videos/63697.mp4', '/videos/63698.mp4']"
wonderful,"['/videos/63688.mp4', '/videos/70112.mp4', '/videos/66801.mp4', '/videos/63689.mp4', '/videos/63690.mp4', '/videos/63691.mp4', '/videos/63692.mp4', '/videos/63693.mp4', '/videos/63694.mp4']"
wood,"['/videos/63720.mp4', '/videos/63729.mp4', '/videos/66802.mp4', '/videos/63722.mp4', '/videos/67080.mp4', '/videos/63723.mp4', '/videos/63724.mp4', '/videos/63725.mp4', '/videos/63726.mp4', '/videos/63727.mp4', '/videos/63728.mp4']"
word,"['/videos/63750.mp4', '/videos/63758.mp4', '/videos/63759.mp4', '/videos/63760.mp4', '/videos/63761.mp4', '/videos/66803.mp4', '/videos/63752.mp4', '/videos/63762.mp4', '/videos/63763.mp4', '/videos/63753.mp4', '/videos/63754.mp4', '/videos/63755.mp4', '/videos/63756.mp4', '/videos/63757.mp4']"
work,"['/videos/63769.mp4', '/videos/68924.mp4', '/videos/63804.mp4', '/videos/63805.mp4', '/videos/63806.mp4', '/videos/63789.mp4', '/videos/63790.mp4', '/videos/63791.mp4', '/videos/63792.mp4', '/videos/63793.mp4', '/videos/63794.mp4', '/videos/63795.mp4', '/videos/66804.mp4', '/videos/63788.mp4', '/videos/67003.mp4', '/videos/63799.mp4', '/videos/63801.mp4', '/videos/63802.mp4', '/videos/63803.mp4']"
worker,"['/videos/63779.mp4', '/videos/66805.mp4', '/videos/63780.mp4', '/videos/63781.mp4', '/videos/63782.mp4', '/videos/63783.mp4', '/videos/63784.mp4', '/videos/63785.mp4']"
workshop,"['/videos/63820.mp4', '/videos/66806.mp4', '/videos/63821.mp4', '/videos/63822.mp4', '/videos/63823.mp4', '/videos/63824.mp4', '/videos/63825.mp4', '/videos/63826.mp4', '/videos/63827.mp4']"
world,"['/videos/63830.mp4', '/videos/63836.mp4', '/videos/63837.mp4', '/videos/63838.mp4', '/videos/63839.mp4', '/videos/66807.mp4', '/videos/67004.mp4', '/videos/63840.mp4', '/videos/63841.mp4', '/videos/63831.mp4', '/videos/63832.mp4', '/videos/63834.mp4']"
worm,"['/videos/69541.mp4', '/videos/66808.mp4', '/videos/67005.mp4', '/videos/63850.mp4', '/videos/63851.mp4', '/videos/63852.mp4', '/videos/63853.mp4', '/videos/63854.mp4', '/videos/63855.mp4', '/videos/63856.mp4']"
worry,"['/videos/63872.mp4', '/videos/70301.mp4', '/videos/63878.mp4', '/videos/63879.mp4', '/videos/63881.mp4', '/videos/66810.mp4', '/videos/67006.mp4', '/videos/63882.mp4', '/videos/63873.mp4', '/videos/63875.mp4', '/videos/63876.mp4', '/videos/63877.mp4']"
worse,"['/videos/63884.mp4', '/videos/66811.mp4', '/videos/63885.mp4', '/videos/63886.mp4', '/videos/63887.mp4', '/videos/63888.mp4', '/videos/63889.mp4', '/videos/63890.mp4', '/videos/63891.mp4']"
worthless,"['/videos/63916.mp4', '/videos/66812.mp4', '/videos/63917.mp4', '/videos/63918.mp4', '/videos/63919.mp4', '/videos/63920.mp4', '/videos/63921.mp4', '/videos/63922.mp4']"
wow,"['/videos/63947.mp4', '/videos/68876.mp4', '/videos/63948.mp4', '/videos/63968.mp4', '/videos/63949.mp4', '/videos/63951.mp4', '/videos/63953.mp4', '/videos/63955.mp4', '/videos/63958.mp4', '/videos/63961.mp4', '/videos/63962.mp4', '/videos/63964.mp4']"
wrap,"['/videos/69542.mp4', '/videos/63970.mp4', '/videos/63971.mp4', '/videos/63972.mp4', '/videos/63974.mp4', '/videos/63975.mp4', '/videos/63976.mp4', '/videos/63978.mp4']"
wrench,"['/videos/64000.mp4', '/videos/64006.mp4', '/videos/64010.mp4', '/videos/64011.mp4', '/videos/64012.mp4', '/videos/64013.mp4', '/videos/64001.mp4', '/videos/64002.mp4', '/videos/64003.mp4']"
wristwatch,"['/videos/64041.mp4', '/videos/66814.mp4', '/videos/67007.mp4', '/videos/64042.mp4', '/videos/64043.mp4', '/videos/64044.mp4', '/videos/64045.mp4', '/videos/64046.mp4', '/videos/64047.mp4', '/videos/64048.mp4']"
write,"['/videos/64049.mp4', '/videos/69544.mp4', '/videos/70261.mp4', '/videos/64060.mp4', '/videos/64061.mp4', '/videos/64062.mp4', '/videos/64064.mp4', '/videos/64065.mp4', '/videos/66815.mp4', '/videos/64056.mp4', '/videos/67008.mp4', '/videos/64066.mp4', '/videos/64067.mp4', '/videos/64068.mp4', '/videos/64057.mp4', '/videos/64058.mp4', '/videos/64059.mp4']"
wrong,"['/videos/64082.mp4', '/videos/68189.mp4', '/videos/70296.mp4', '/videos/70132.mp4', '/videos/64087.mp4', '/videos/64088.mp4', '/videos/64089.mp4', '/videos/64090.mp4', '/videos/64091.mp4', '/videos/64092.mp4', '/videos/64093.mp4', '/videos/64084.mp4', '/videos/67009.mp4', '/videos/67010.mp4', '/videos/64094.mp4', '/videos/64095.mp4', '/videos/64096.mp4', '/videos/64097.mp4', '/videos/64085.mp4', '/videos/64086.mp4']"
year,"['/videos/64201.mp4', '/videos/64211.mp4', '/videos/68416.mp4', '/videos/68190.mp4', '/videos/70306.mp4', '/videos/68992.mp4', '/videos/64223.mp4', '/videos/64224.mp4', '/videos/64210.mp4', '/videos/64212.mp4', '/videos/66818.mp4', '/videos/64213.mp4', '/videos/66816.mp4', '/videos/64209.mp4', '/videos/64215.mp4', '/videos/64216.mp4', '/videos/67012.mp4', '/videos/64217.mp4', '/videos/64219.mp4', '/videos/64218.mp4', '/videos/64221.mp4', '/videos/64222.mp4']"
yellow,"['/videos/64260.mp4', '/videos/69545.mp4', '/videos/68191.mp4', '/videos/68964.mp4', '/videos/70240.mp4', '/videos/64266.mp4', '/videos/64267.mp4', '/videos/64268.mp4', '/videos/64269.mp4', '/videos/66819.mp4', '/videos/67013.mp4', '/videos/64270.mp4', '/videos/64271.mp4', '/videos/64261.mp4', '/videos/64262.mp4', '/videos/64263.mp4', '/videos/64264.mp4', '/videos/64265.mp4']"
yes,"['/videos/64275.mp4', '/videos/69546.mp4', '/videos/64287.mp4', '/videos/68192.mp4', '/videos/64290.mp4', '/videos/64284.mp4', '/videos/64291.mp4', '/videos/64292.mp4', '/videos/64293.mp4', '/videos/64294.mp4', '/videos/64295.mp4', '/videos/64296.mp4', '/videos/66820.mp4', '/videos/64297.mp4', '/videos/64280.mp4', '/videos/64298.mp4', '/videos/64299.mp4', '/videos/64300.mp4', '/videos/64281.mp4', '/videos/64288.mp4', '/videos/64289.mp4', '/videos/64283.mp4']"
yesterday,"['/videos/64303.mp4', '/videos/70347.mp4', '/videos/64307.mp4', '/videos/64308.mp4', '/videos/64309.mp4', '/videos/64310.mp4', '/videos/64311.mp4', '/videos/64312.mp4', '/videos/66821.mp4', '/videos/66822.mp4', '/videos/67014.mp4', '/videos/64313.mp4', '/videos/64314.mp4', '/videos/64315.mp4', '/videos/64304.mp4', '/videos/64305.mp4', '/videos/64306.mp4']"
you,"['/videos/64351.mp4', '/videos/69547.mp4', '/videos/64384.mp4', '/videos/64385.mp4', '/videos/64386.mp4', '/videos/64387.mp4', '/videos/64388.mp4', '/videos/64379.mp4', '/videos/67015.mp4', '/videos/64389.mp4', '/videos/64390.mp4', '/videos/64391.mp4', '/videos/64380.mp4', '/videos/64381.mp4', '/videos/64382.mp4', '/videos/64383.mp4']"
young,"['/videos/64401.mp4', '/videos/68606.mp4', '/videos/70366.mp4', '/videos/64419.mp4', '/videos/64411.mp4', '/videos/67016.mp4', '/videos/64413.mp4', '/videos/64414.mp4', '/videos/64415.mp4', '/videos/64416.mp4', '/videos/64417.mp4', '/videos/64418.mp4']"
your,"['/videos/64423.mp4', '/videos/64432.mp4', '/videos/64433.mp4', '/videos/64434.mp4', '/videos/64435.mp4', '/videos/64436.mp4', '/videos/64427.mp4', '/videos/64437.mp4', '/videos/64438.mp4', '/videos/64439.mp4', '/videos/64440.mp4', '/videos/64428.mp4', '/videos/64429.mp4', '/videos/64430.mp4', '/videos/64431.mp4']"
yourself,"['/videos/64444.mp4', '/videos/64450.mp4', '/videos/64451.mp4', '/videos/64455.mp4', '/videos/64456.mp4', '/videos/64445.mp4', '/videos/64446.mp4', '/videos/64447.mp4', '/videos/64448.mp4', '/videos/64449.mp4']"
zero,"['/videos/64543.mp4', '/videos/68193.mp4', '/videos/68862.mp4', '/videos/64551.mp4', '/videos/66825.mp4', '/videos/67017.mp4', '/videos/64544.mp4', '/videos/64546.mp4', '/videos/64547.mp4', '/videos/64548.mp4', '/videos/64550.mp4']"
